Candidate_ID,Candidate_Name,Source_Type,Design_Family,Synthesis_Level,Candidate_rank_50,Pareto_rank_50,Final_ranking_score_50,Loading_total_FR wt%_50,LOI_pred_50,PHRR_pred_50,THR_pred_50,V0_probability_50,Tg_pred_50,TS_pred_50,max_similarity_50,Candidate_rank_35,Pareto_rank_35,Final_ranking_score_35,Loading_total_FR wt%_35,LOI_pred_35,PHRR_pred_35,THR_pred_35,V0_probability_35,Tg_pred_35,TS_pred_35,max_similarity_35,Rank_shift_35_minus_50,Abs_rank_shift,Mean_rank,Worst_rank,Pareto_both,Top20_both,Final_priority,Mean_ranking_score,Final_priority_rank
CAND_013,TDCA-DOPO-3-boronic-acid,designed,P-B,B,2,1.0,0.6747427183270285,10.0,35.37660251830155,529.1341567742487,56.36508770111311,0.6770938267851677,154.2672119140625,73.17728012580106,0.7738095238095238,1,1.0,0.6859192633058466,10.0,35.37660251830155,523.2811401617222,56.36508770111311,0.6770938267851677,154.2672119140625,73.17728012580106,0.7738095238095238,-1,1,1.5,2,True,True,True,0.6803309908164376,1
CAND_R2_050,PBD-trimethoxysilyl,designed,P-N-Si,B,1,1.0,0.6759011288345587,5.29,40.97117588372499,410.71306843213085,82.10933390799406,0.7049026427957041,189.3537139892578,58.78204632726667,0.7830188679245284,2,1.0,0.6759011288345587,5.29,40.97117588372499,436.9127645536509,82.10933390799406,0.7049026427957041,189.3537139892578,58.78204632726667,0.7830188679245284,1,1,1.5,2,True,True,True,0.6759011288345587,2
CAND_R2_239,PAD-NH-methyl,designed,P-N-S,B,3,1.0,0.667410549130833,10.0,36.46826425467697,655.5064146150808,62.83238791698062,0.6951596739362742,149.62960815429688,73.96395434983013,0.7964601769911505,3,1.0,0.6755837902150583,10.0,36.46826425467697,647.6413405446629,62.83238791698062,0.6951596739362742,149.62960815429688,73.96395434983013,0.7964601769911505,0,0,3.0,3,True,True,True,0.6714971696729457,3
CAND_R2_319,BDO-hydroxymethyl,designed,P-N-S,B,4,1.0,0.6616656641520287,10.0,36.20209726428117,704.4363270068565,62.60127152046142,0.6973270039455787,148.4613800048828,79.75068252585251,0.8269230769230769,4,1.0,0.6700760707473137,10.0,36.20209726428117,692.5571410616272,62.60127152046142,0.6973270039455787,148.4613800048828,79.75068252585251,0.8269230769230769,0,0,4.0,4,True,True,True,0.6658708674496712,4
CAND_R2_067,PBD-NH-methyl,designed,P-N,B,6,1.0,0.6538135921235779,10.0,36.470004429126845,693.1509104832903,63.667071678176974,0.7013555930981786,157.31639099121094,70.99713664198195,0.7685185185185185,5,1.0,0.6597965854765404,10.0,36.470004429126845,687.6802867931251,63.667071678176974,0.7013555930981786,157.31639099121094,70.99713664198195,0.7685185185185185,-1,1,5.5,6,True,True,True,0.6568050888000592,5
CAND_R2_180,DSD-trimethoxysilyl,designed,P-N-Si-S,B,5,1.0,0.655075681925762,10.0,42.05055917160601,346.95938273403704,75.26130141230877,0.6589707464847055,179.99021911621094,59.66455287043811,0.7692307692307693,6,1.0,0.655075681925762,10.0,42.05055917160601,369.5756173213723,75.26130141230877,0.6589707464847055,179.99021911621094,59.66455287043811,0.7692307692307693,1,1,5.5,6,True,True,True,0.655075681925762,6
CAND_R2_227,PAD-carboxamide,designed,P-N-S,B,7,1.0,0.6469223719408987,10.0,35.90150905608841,703.7197998398619,62.83238791698062,0.699289821136094,149.9962158203125,75.09621393042606,0.8181818181818182,7,1.0,0.6537661188890299,10.0,35.90150905608841,695.5115194797828,62.83238791698062,0.699289821136094,149.9962158203125,75.09621393042606,0.8181818181818182,0,0,7.0,7,True,True,True,0.6503442454149644,7
CAND_R2_181,DSD-triethoxysilyl,designed,P-N-Si-S,B,8,1.0,0.6458500525640372,10.0,42.05055917160601,367.9117228198456,76.97251016204966,0.6616573814112392,180.2188873291016,59.66455287043811,0.7368421052631579,9,1.0,0.6458500525640372,10.0,42.05055917160601,388.12657897393706,76.97251016204966,0.6616573814112392,180.2188873291016,59.66455287043811,0.7368421052631579,1,1,8.5,9,True,True,True,0.6458500525640372,8
CAND_R2_141,DIB-NH-methyl,designed,P-N,B,10,1.0,0.6364461430381317,10.0,36.411898741328926,709.8704588833475,62.60127152046142,0.6875881926453242,150.3799285888672,74.49959810243489,0.7380952380952381,8,1.0,0.6461958994264736,10.0,36.411898741328926,694.5114377553106,62.60127152046142,0.6875881926453242,150.3799285888672,74.49959810243489,0.7380952380952381,-2,2,9.0,10,True,True,True,0.6413210212323026,9
CAND_R2_226,PAD-hydroxymethyl,designed,P-N-S,B,9,1.0,0.6386246126330251,10.0,35.11197776261184,680.7501117153159,62.83238791698062,0.7027558356032815,149.63568115234375,75.09621393042606,0.8333333333333334,11,1.0,0.644518050156494,10.0,35.11197776261184,676.3648728277058,62.83238791698062,0.7027558356032815,149.63568115234375,75.09621393042606,0.8333333333333334,2,2,10.0,11,True,True,True,0.6415713313947595,10
CAND_R2_193,DSD-OH-acetyl-all,designed,P-N-S,B,11,1.0,0.6354873291836054,10.0,35.183131650660386,701.3081625497451,63.73328025153899,0.6972178496673591,156.7158660888672,74.25229018610715,0.7045454545454546,10,1.0,0.6446372413022173,10.0,35.183131650660386,687.941761123679,63.73328025153899,0.6972178496673591,156.7158660888672,74.25229018610715,0.7045454545454546,-1,1,10.5,11,True,True,True,0.6400622852429114,11
CAND_R2_130,DIB-boronic-acid,designed,P-N-B,B,14,1.0,0.6320154618019407,10.0,35.96208536875897,727.6813896109117,62.60127152046142,0.6913779969691528,151.74447631835938,75.01149998265775,0.7875,13,1.0,0.6398871688320915,10.0,35.96208536875897,715.4003729874006,62.60127152046142,0.6913779969691528,151.74447631835938,75.01149998265775,0.7875,-1,1,13.5,14,True,True,True,0.6359513153170161,12
CAND_R2_228,PAD-boronic-acid,designed,P-N-B-S,B,13,1.0,0.632333692298141,10.0,35.238653402530495,708.7494313685205,62.83238791698062,0.7030786218163244,151.42868041992188,74.99110238409881,0.8256880733944955,14,1.0,0.6394972984351904,10.0,35.238653402530495,699.4457508896326,62.83238791698062,0.7030786218163244,151.42868041992188,74.99110238409881,0.8256880733944955,1,1,13.5,14,True,True,True,0.6359154953666657,13
CAND_R2_047,PBD-carboxamide,designed,P-N,B,12,1.0,0.6342190228937105,10.0,35.86950092959293,765.0443052238662,62.29321673035809,0.7014645955441113,159.12945556640625,72.12939622257788,0.7980769230769231,15,1.0,0.6383204888945461,10.0,35.86950092959293,758.8286445657579,62.29321673035809,0.7014645955441113,159.12945556640625,72.12939622257788,0.7980769230769231,3,3,13.5,15,True,True,True,0.6362697558941283,14
CAND_004,TDCA-DOPO-2-amino,designed,P-N,B,15,1.0,0.6291667904405207,10.19,34.73383662748786,558.6532416749735,61.991162474198205,0.6925208933675264,157.46035766601562,63.55690277572464,0.7922077922077922,12,1.0,0.6423886756497101,10.19,34.73383662748786,545.9829040761099,61.991162474198205,0.6925208933675264,157.46035766601562,63.55690277572464,0.7922077922077922,-3,3,13.5,15,True,True,True,0.6357777330451154,15
CAND_R2_263,TDCA-DOPO-3-carboxamide,designed,P-N,B,16,1.0,0.6271176631858257,10.0,34.22661051458555,604.5538064357052,56.36508770111311,0.6838776712975009,153.82955932617188,72.84618690942764,0.8227848101265823,17,1.0,0.6370140484297668,10.0,34.22661051458555,596.3163547591797,56.36508770111311,0.6838776712975009,153.82955932617188,72.84618690942764,0.8227848101265823,1,1,16.5,17,True,True,True,0.6320658558077963,16
CAND_R2_264,TDCA-DOPO-3-boronic-acid,designed,P-B,B,19,1.0,0.6253486985868294,10.0,34.18872338479013,599.264433359469,56.36508770111311,0.6809099440167729,153.85963439941406,73.17728012580106,0.8333333333333334,18,1.0,0.6358812804882548,10.0,34.18872338479013,589.9315815641347,56.36508770111311,0.6809099440167729,153.85963439941406,73.17728012580106,0.8333333333333334,-1,1,18.5,19,True,True,True,0.6306149895375421,17
CAND_R2_076,TDCA-DOPO-2-carboxamide,designed,P-N,B,20,1.0,0.6250348307972479,10.0,34.44350862246143,603.9308921113152,56.11359613243899,0.6848705951098223,152.50477600097656,71.9058523488553,0.8133333333333334,16,1.0,0.637900583742956,10.0,34.44350862246143,588.8761194484526,56.11359613243899,0.6848705951098223,152.50477600097656,71.9058523488553,0.8133333333333334,-4,4,18.0,20,True,True,True,0.6314677072701019,18
CAND_R2_048,PBD-boronic-acid,designed,P-N-B,B,17,1.0,0.6265688401356961,10.0,35.281607257271176,745.3212611572682,62.29321673035809,0.7015068309760418,158.2266845703125,72.12939622257788,0.8058252427184466,20,1.0,0.6336600271371602,10.0,35.281607257271176,733.5942578272579,62.29321673035809,0.7015068309760418,158.2266845703125,72.12939622257788,0.8058252427184466,3,3,18.5,20,True,True,True,0.6301144336364282,19
