Candidate_ID,Candidate_Name,Source_Type,Design_Family,Synthesis_Level,Candidate_rank_50,Pareto_rank_50,Final_ranking_score_50,Loading_total_FR wt%_50,LOI_pred_50,PHRR_pred_50,THR_pred_50,V0_probability_50,Tg_pred_50,TS_pred_50,max_similarity_50,Candidate_rank_35,Pareto_rank_35,Final_ranking_score_35,Loading_total_FR wt%_35,LOI_pred_35,PHRR_pred_35,THR_pred_35,V0_probability_35,Tg_pred_35,TS_pred_35,max_similarity_35,Rank_shift_35_minus_50,Abs_rank_shift,Mean_rank,Worst_rank,Pareto_both,Top20_both,Final_priority
CAND_001,APN-DOPO-monoamide,designed,P-N,B,45,1.0,0.5887790706299243,10.0,34.826514944558966,817.301084090325,61.97379211304846,0.6878092448502375,159.5819854736328,74.91962521732088,0.7608695652173914,46,1.0,0.5934824285444932,10.0,34.826514944558966,805.9928548078417,61.97379211304846,0.6878092448502375,159.5819854736328,74.91962521732088,0.7608695652173914,1,1,45.5,46,True,False,False
CAND_003,PBD-monoamide,designed,P-N,B,26,1.0,0.6204595341907146,10.0,35.72034090586354,759.6852908315041,63.667071678176974,0.7018523939014962,158.71417236328125,72.12939622257788,0.8556701030927835,27,1.0,0.6250181026163986,10.0,35.72034090586354,752.7930041021139,63.667071678176974,0.7018523939014962,158.71417236328125,72.12939622257788,0.8556701030927835,1,1,26.5,27,True,False,False
CAND_004,TDCA-DOPO-2-amino,designed,P-N,B,15,1.0,0.6291667904405207,10.19,34.73383662748786,558.6532416749735,61.991162474198205,0.6925208933675264,157.46035766601562,63.55690277572464,0.7922077922077922,12,1.0,0.6423886756497101,10.19,34.73383662748786,545.9829040761099,61.991162474198205,0.6925208933675264,157.46035766601562,63.55690277572464,0.7922077922077922,-3,3,13.5,15,True,True,True
CAND_005,DOPO-HPM-hydroxy,designed,P-N,B,105,1.0,0.4038332862943294,10.19,33.108342435878285,748.4830321980108,68.32137866753287,0.6237224772592971,169.83224487304688,66.27858709786787,0.7368421052631579,103,1.0,0.4086771469043375,10.19,33.108342435878285,741.7250508522292,68.32137866753287,0.6237224772592971,169.83224487304688,66.27858709786787,0.7368421052631579,-2,2,104.0,105,True,False,False
CAND_006,DOPT-hydroxymethyl,designed,P-N-S,B,54,1.0,0.5695495052807403,10.0,34.83726902533955,654.5468681876969,65.9825461382468,0.6649859145043687,141.45034790039062,76.6991851346421,0.7164179104477612,50,1.0,0.5881327716085623,10.0,34.83726902533955,622.6948690856115,65.9825461382468,0.6649859145043687,141.45034790039062,76.6991851346421,0.7164179104477612,-4,4,52.0,54,True,False,False
CAND_007,DIB-hydroxy,designed,P-N,B,40,1.0,0.5926027934838357,10.19,36.005319796814376,691.0638882699221,65.81283819553849,0.6972587777441626,155.26248168945312,66.49665617370417,0.8076923076923077,39,1.0,0.6014231430513902,10.19,36.005319796814376,679.1847023246929,65.81283819553849,0.6972587777441626,155.26248168945312,66.49665617370417,0.8076923076923077,-1,1,39.5,40,True,False,False
CAND_013,TDCA-DOPO-3-boronic-acid,designed,P-B,B,2,1.0,0.6747427183270285,10.0,35.37660251830155,529.1341567742487,56.36508770111311,0.6770938267851677,154.2672119140625,73.17728012580106,0.7738095238095238,1,1.0,0.6859192633058466,10.0,35.37660251830155,523.2811401617222,56.36508770111311,0.6770938267851677,154.2672119140625,73.17728012580106,0.7738095238095238,-1,1,1.5,2,True,True,True
CAND_014,Ti-POSS-bisDOPO-methoxy,designed,P-N-Si,B,32,1.0,0.6068685870707875,10.0,33.59177768533997,627.067480570121,64.52661339594349,0.6930080256084368,162.95301818847656,69.29168836147603,0.851063829787234,32,1.0,0.6135060621587956,10.0,33.59177768533997,624.7657167689568,64.52661339594349,0.6930080256084368,162.95301818847656,69.29168836147603,0.851063829787234,0,0,32.0,32,True,False,False
CAND_015,DGEBDB-demethylated,designed,P-only,B,166,2.0,0.3060371292543399,10.0,31.822498635465827,646.1702417729396,73.18326161811571,0.6052764530617405,162.2533416748047,62.282846283785325,0.8705882352941177,167,2.0,0.3081560822965993,10.0,31.822498635465827,652.9564269874909,73.18326161811571,0.6052764530617405,162.2533416748047,62.282846283785325,0.8705882352941177,1,1,166.5,167,False,False,False
CAND_018,TDA-trimethoxy-silane,designed,P-N-Si,B,161,2.0,0.3389187543622312,10.0,32.29433361462495,677.5423865823919,76.17216952833397,0.6269673604681022,162.66737365722656,66.8343087807678,0.8444444444444444,161,2.0,0.3420340637404134,10.0,32.29433361462495,679.8039168882775,76.17216952833397,0.6269673604681022,162.66737365722656,66.8343087807678,0.8444444444444444,0,0,161.0,161,False,False,False
CAND_R2_001,APN-DOPO-amino,designed,P-N,B,73,1.0,0.5114473409440978,10.19,34.33833049407561,833.8093418171449,65.28831648817355,0.6887650905645246,164.01104736328125,66.25187301096751,0.7052631578947368,72,1.0,0.515825853951706,10.19,34.33833049407561,822.0823384871346,65.28831648817355,0.6887650905645246,164.01104736328125,66.25187301096751,0.7052631578947368,-1,1,72.5,73,True,False,False
CAND_R2_002,APN-DOPO-hydroxy,designed,P-N,B,51,1.0,0.576686955186451,10.0,35.08523374540976,824.0069256784528,61.97379211304846,0.687099539031863,158.89756774902344,72.6985775402954,0.7052631578947368,51,1.0,0.5813659692235549,10.0,35.08523374540976,812.2799223484426,61.97379211304846,0.687099539031863,158.89756774902344,72.6985775402954,0.7052631578947368,0,0,51.0,51,True,False,False
CAND_R2_016,APN-DOPO-nitrile-to-amide,designed,P-N,B,41,1.0,0.5897134632057089,10.0,34.76918808217387,817.301084090325,61.97379211304846,0.6894708760096472,159.18533325195312,75.01924855255596,0.7608695652173914,43,1.0,0.5954560444433413,10.0,34.76918808217387,803.5914763745977,61.97379211304846,0.6894708760096472,159.18533325195312,75.01924855255596,0.7608695652173914,2,2,42.0,43,True,False,False
CAND_R2_018,APN-DOPO-nitrile-to-acid,designed,P-N,B,108,1.0,0.3227798989169858,3.42,31.53159630366974,1035.6879064339637,66.05132435809178,0.6141992842510723,163.9222412109375,75.12270188188651,0.7692307692307693,106,1.0,0.3227798989169858,3.42,31.53159630366974,1021.4010116897178,66.05132435809178,0.6141992842510723,163.9222412109375,75.12270188188651,0.7692307692307693,-2,2,107.0,108,True,False,False
CAND_R2_019,APN-DOPO-nitrile-to-acid-2,designed,P-N,B,55,1.0,0.568983048296155,10.0,33.7813588706992,793.4520457831817,61.97379211304846,0.6879953842437997,158.87298583984375,74.08913797791746,0.7608695652173914,56,1.0,0.5759307878054357,10.0,33.7813588706992,778.6470379486456,61.97379211304846,0.6879953842437997,158.87298583984375,74.08913797791746,0.7608695652173914,1,1,55.5,56,True,False,False
CAND_R2_021,APN-DOPO-nitrile-to-aminomethyl,designed,P-N,B,136,2.0,0.5144538320464492,10.19,34.34535278486096,819.9562178469919,65.28831648817355,0.6918859224720155,160.3377227783203,66.68186972698312,0.7692307692307693,135,2.0,0.5184605541289248,10.19,34.34535278486096,810.0696516037335,65.28831648817355,0.6918859224720155,160.3377227783203,66.68186972698312,0.7692307692307693,-1,1,135.5,136,False,False,False
CAND_R2_022,APN-DOPO-nitrile-to-aminomethyl-2,designed,P-N,B,68,1.0,0.5241787778411513,10.19,34.34535278486096,819.9562178469919,65.28831648817355,0.697388503253683,160.51075744628906,66.68186972698312,0.7692307692307693,68,1.0,0.5281854999236267,10.19,34.34535278486096,810.0696516037335,65.28831648817355,0.697388503253683,160.51075744628906,66.68186972698312,0.7692307692307693,0,0,68.0,68,True,False,False
CAND_R2_044,PBD-amino,designed,P-N,B,62,1.0,0.5511368881646634,10.19,35.49039027802744,781.5593622665422,66.98159605330206,0.702777829504289,163.6604766845703,64.79732560912,0.83,61,1.0,0.555206118305368,10.19,35.49039027802744,774.2483014896251,66.98159605330206,0.702777829504289,163.6604766845703,64.79732560912,0.83,-1,1,61.5,62,True,False,False
CAND_R2_045,PBD-hydroxy,designed,P-N,B,114,2.0,0.6118861223117665,10.0,35.56706393410906,766.9573257129288,63.667071678176974,0.6981239555488599,158.0400390625,72.12939622257788,0.8383838383838383,112,2.0,0.6164029897446455,10.0,35.56706393410906,759.6462649360117,63.667071678176974,0.6981239555488599,158.0400390625,72.12939622257788,0.8383838383838383,-2,2,113.0,114,False,False,False
CAND_R2_046,PBD-hydroxymethyl,designed,P-N,B,25,1.0,0.6210071561175596,10.0,35.593665265944885,744.4302196442085,63.667071678176974,0.7012125182947084,157.72259521484375,72.12939622257788,0.8137254901960784,28,1.0,0.6240860997842006,10.0,35.593665265944885,742.0376004585692,63.667071678176974,0.7012125182947084,157.72259521484375,72.12939622257788,0.8137254901960784,3,3,26.5,28,True,False,False
CAND_R2_047,PBD-carboxamide,designed,P-N,B,12,1.0,0.6342190228937105,10.0,35.86950092959293,765.0443052238662,62.29321673035809,0.7014645955441113,159.12945556640625,72.12939622257788,0.7980769230769231,15,1.0,0.6383204888945461,10.0,35.86950092959293,758.8286445657579,62.29321673035809,0.7014645955441113,159.12945556640625,72.12939622257788,0.7980769230769231,3,3,13.5,15,True,True,True
CAND_R2_048,PBD-boronic-acid,designed,P-N-B,B,17,1.0,0.6265688401356961,10.0,35.281607257271176,745.3212611572682,62.29321673035809,0.7015068309760418,158.2266845703125,72.12939622257788,0.8058252427184466,20,1.0,0.6336600271371602,10.0,35.281607257271176,733.5942578272579,62.29321673035809,0.7015068309760418,158.2266845703125,72.12939622257788,0.8058252427184466,3,3,18.5,20,True,True,True
CAND_R2_050,PBD-trimethoxysilyl,designed,P-N-Si,B,1,1.0,0.6759011288345587,5.29,40.97117588372499,410.71306843213085,82.10933390799406,0.7049026427957041,189.3537139892578,58.78204632726667,0.7830188679245284,2,1.0,0.6759011288345587,5.29,40.97117588372499,436.9127645536509,82.10933390799406,0.7049026427957041,189.3537139892578,58.78204632726667,0.7830188679245284,1,1,1.5,2,True,True,True
CAND_R2_051,PBD-triethoxysilyl,designed,P-N-Si,B,111,2.0,0.6744985168627975,5.29,40.97117588372499,414.1506060435556,82.27777185031401,0.7024516097644212,189.3241271972656,58.78204632726667,0.7545454545454545,109,2.0,0.6744985168627975,5.29,40.97117588372499,440.3503021650756,82.27777185031401,0.7024516097644212,189.3241271972656,58.78204632726667,0.7545454545454545,-2,2,110.0,111,False,False,False
CAND_R2_052,PBD-disiloxane,designed,P-N-Si,B,38,1.0,0.5995445503080026,10.0,34.60702514628373,743.4897960354506,64.18538657533392,0.6959536238651685,159.1691131591797,72.9322420033087,0.7757009345794392,38,1.0,0.6026523234243011,10.0,34.60702514628373,741.0971768498113,64.18538657533392,0.6959536238651685,159.1691131591797,72.9322420033087,0.7757009345794392,0,0,38.0,38,True,False,False
CAND_R2_059,PBD-nitrile-to-amide,designed,P-N,B,29,1.0,0.6178411065445256,10.0,35.66301404347844,759.6852908315041,63.667071678176974,0.6988594556583614,158.0400390625,72.22901955781296,0.8469387755102041,29,1.0,0.623438898293273,10.0,35.66301404347844,750.3916256688699,63.667071678176974,0.6988594556583614,158.0400390625,72.22901955781296,0.8469387755102041,0,0,29.0,29,True,False,False
CAND_R2_061,PBD-nitrile-to-acid,designed,P-N,B,52,1.0,0.5741218831681467,7.0,34.03192382125938,772.0616884127639,64.71159549775518,0.6981686760004074,159.59701538085938,72.61793039963143,0.8645833333333334,53,1.0,0.5785482892315761,7.0,34.03192382125938,764.5980792530426,64.71159549775518,0.6981686760004074,159.59701538085938,72.61793039963143,0.8645833333333334,1,1,52.5,53,True,False,False
CAND_R2_062,PBD-nitrile-to-acid-2,designed,P-N,B,33,1.0,0.6067641388013039,10.0,34.84276447014097,731.5922434208449,63.667071678176974,0.7021920411555931,157.9636993408203,71.50166560254492,0.8556701030927835,31,1.0,0.6136971923682897,10.0,34.84276447014097,721.2031781394019,63.667071678176974,0.7021920411555931,157.9636993408203,71.50166560254492,0.8556701030927835,-2,2,32.0,33,True,False,False
CAND_R2_064,PBD-nitrile-to-aminomethyl,designed,P-N,B,129,2.0,0.5505400163550868,10.19,35.497412568812784,762.1102607023478,66.98159605330206,0.706470233535555,161.8956298828125,64.12645429384713,0.8556701030927835,129,2.0,0.5544090048095653,10.19,35.497412568812784,756.6396370121826,66.98159605330206,0.706470233535555,161.8956298828125,64.12645429384713,0.8556701030927835,0,0,129.0,129,False,False,False
CAND_R2_065,PBD-nitrile-to-aminomethyl-2,designed,P-N,B,63,1.0,0.5509210759559836,10.19,35.497412568812784,762.1102607023478,66.98159605330206,0.7084442168851897,162.03187561035156,64.12645429384713,0.8556701030927835,62,1.0,0.5547900644104622,10.19,35.497412568812784,756.6396370121826,66.98159605330206,0.7084442168851897,162.03187561035156,64.12645429384713,0.8556701030927835,-1,1,62.5,63,True,False,False
CAND_R2_067,PBD-NH-methyl,designed,P-N,B,6,1.0,0.6538135921235779,10.0,36.470004429126845,693.1509104832903,63.667071678176974,0.7013555930981786,157.31639099121094,70.99713664198195,0.7685185185185185,5,1.0,0.6597965854765404,10.0,36.470004429126845,687.6802867931251,63.667071678176974,0.7013555930981786,157.31639099121094,70.99713664198195,0.7685185185185185,-1,1,5.5,6,True,True,True
CAND_R2_069,PBD-NH-hydroxyethyl,designed,P-N,B,18,1.0,0.6264400007174695,10.0,35.308208589107004,747.2397458404936,62.29321673035809,0.6998873326237179,158.25563049316406,72.12402370576122,0.7345132743362832,24,1.0,0.630764856884754,10.0,35.308208589107004,741.7691221503284,62.29321673035809,0.6998873326237179,158.25563049316406,72.12402370576122,0.7345132743362832,6,6,21.0,24,True,False,False
CAND_R2_073,TDCA-DOPO-2-amino,designed,P-N,B,48,1.0,0.5833943229458952,10.19,33.842003882695074,612.5745964966611,61.991162474198205,0.6938183031256285,156.9732666015625,62.61656821515228,0.8591549295774648,42,1.0,0.5959950961121588,10.19,33.842003882695074,597.5198238337986,61.991162474198205,0.6938183031256285,156.9732666015625,62.61656821515228,0.8591549295774648,-6,6,45.0,48,True,False,False
CAND_R2_074,TDCA-DOPO-2-hydroxy,designed,P-only,B,57,1.0,0.564080561564249,10.0,32.70792285921353,621.0789339937653,56.96368581327983,0.6868063103243862,152.0774383544922,68.6695373076414,0.8591549295774648,54,1.0,0.5768946739853721,10.0,32.70792285921353,604.928761212094,56.96368581327983,0.6868063103243862,152.0774383544922,68.6695373076414,0.8591549295774648,-3,3,55.5,57,True,False,False
CAND_R2_075,TDCA-DOPO-2-hydroxymethyl,designed,P-only,B,127,2.0,0.5584410835374595,10.0,32.7682969697907,603.537977896523,56.96368581327983,0.6783875091292474,152.06480407714844,68.6695373076414,0.8243243243243243,126,2.0,0.5696644177145862,10.0,32.7682969697907,592.3062467061294,56.96368581327983,0.6783875091292474,152.06480407714844,68.6695373076414,0.8243243243243243,-1,1,126.5,127,False,False,False
CAND_R2_076,TDCA-DOPO-2-carboxamide,designed,P-N,B,20,1.0,0.6250348307972479,10.0,34.44350862246143,603.9308921113152,56.11359613243899,0.6848705951098223,152.50477600097656,71.9058523488553,0.8133333333333334,16,1.0,0.637900583742956,10.0,34.44350862246143,588.8761194484526,56.11359613243899,0.6848705951098223,152.50477600097656,71.9058523488553,0.8133333333333334,-4,4,18.0,20,True,True,True
CAND_R2_077,TDCA-DOPO-2-boronic-acid,designed,P-B,B,28,1.0,0.6185221546330009,10.0,34.05078739897599,594.6613304562045,56.11359613243899,0.6829768361328801,152.44711303710938,72.23694556522872,0.8243243243243243,22,1.0,0.6321461201502916,10.0,34.05078739897599,578.5111576745331,56.11359613243899,0.6829768361328801,152.44711303710938,72.23694556522872,0.8243243243243243,-6,6,25.0,28,True,False,False
CAND_R2_079,TDCA-DOPO-2-trimethoxysilyl,designed,P-Si,B,31,1.0,0.610541211599924,10.0,41.65064612882486,321.6655757395957,76.94077449599645,0.6623120402348177,170.0486297607422,52.39614759480796,0.7922077922077922,34,1.0,0.610541211599924,10.0,41.65064612882486,340.903460601128,76.94077449599645,0.6623120402348177,170.0486297607422,52.39614759480796,0.7922077922077922,3,3,32.5,34,True,False,False
CAND_R2_080,TDCA-DOPO-2-triethoxysilyl,designed,P-Si,B,174,3.0,0.5954936057952348,10.0,41.65064612882486,288.69115755961667,76.94077449599645,0.6559346223971778,168.3857879638672,53.79728255635632,0.7530864197530864,176,3.0,0.5954936057952348,10.0,41.65064612882486,309.943606540998,76.94077449599645,0.6559346223971778,168.3857879638672,53.79728255635632,0.7530864197530864,2,2,175.0,176,False,False,False
CAND_R2_081,TDCA-DOPO-2-disiloxane,designed,P-Si,B,34,1.0,0.6049573572937436,10.0,34.393827678853725,596.1388572554335,56.36508770111311,0.6777685004372115,151.84149169921875,70.34626692936456,0.7721518987341772,114,2.0,0.6144964690905467,10.0,34.393827678853725,589.3230686181331,56.36508770111311,0.6777685004372115,151.84149169921875,70.34626692936456,0.7721518987341772,80,80,74.0,114,False,False,False
CAND_R2_088,DOPO-HPM-amino,designed,P-N,B,99,1.0,0.4217582174075228,10.19,33.15221137215906,745.3545405350077,68.32137866753287,0.6286964591638812,169.76795959472656,67.75225501670903,0.7304347826086957,99,1.0,0.4266979844708173,10.19,33.15221137215906,738.596559189226,68.32137866753287,0.6286964591638812,169.76795959472656,67.75225501670903,0.7304347826086957,0,0,99.0,99,True,False,False
CAND_R2_089,DOPO-HPM-hydroxymethyl,designed,P-N,B,139,2.0,0.4740173385852718,10.0,33.69260111535092,747.0303579617118,64.59151325750999,0.6240677378235555,162.58421325683594,74.28152902659859,0.7241379310344828,139,2.0,0.4789057321040396,10.0,33.69260111535092,740.2723766159302,64.59151325750999,0.6240677378235555,162.58421325683594,74.28152902659859,0.7241379310344828,0,0,139.0,139,False,False,False
CAND_R2_090,DOPO-HPM-carboxamide,designed,P-N,B,81,1.0,0.4863732156440853,10.0,33.76861878722006,744.3575366301067,64.59151325750999,0.6282834432980294,162.76620483398438,74.72479479767077,0.711864406779661,80,1.0,0.4913435466719775,10.0,33.76861878722006,737.599555284325,64.59151325750999,0.6282834432980294,162.76620483398438,74.72479479767077,0.711864406779661,-1,1,80.5,81,True,False,False
CAND_R2_091,DOPO-HPM-boronic-acid,designed,P-N-B,B,86,1.0,0.4761561523220053,10.0,33.69260111535092,740.1389103963404,64.59151325750999,0.6233621485123051,162.68556213378906,74.31841719953484,0.7241379310344828,87,1.0,0.4799237679555526,10.0,33.69260111535092,736.4589335550846,64.59151325750999,0.6233621485123051,162.68556213378906,74.31841719953484,0.7241379310344828,1,1,86.5,87,True,False,False
CAND_R2_093,DOPO-HPM-trimethoxysilyl,designed,P-N-Si,B,83,1.0,0.4850668724975451,10.0,40.67161663684287,430.9176236177964,80.59070731330156,0.5629992889798461,194.27915954589844,60.96390302112043,0.7,82,1.0,0.4850668724975451,10.0,40.67161663684287,452.2278798906965,80.59070731330156,0.5629992889798461,194.27915954589844,60.96390302112043,0.7,-1,1,82.5,83,True,False,False
CAND_R2_103,DOPO-HPM-OH-methyl,designed,P-N,B,205,4.0,0.4326832038720598,10.0,33.69260111535092,770.4780289893619,64.657721830872,0.6148932510366275,159.6036834716797,72.70190499414728,0.7962962962962963,204,4.0,0.4370266866998835,10.0,33.69260111535092,763.3182169652983,64.657721830872,0.6148932510366275,159.6036834716797,72.70190499414728,0.7962962962962963,-1,1,204.5,205,False,False,False
CAND_R2_104,DOPO-HPM-OH-acetyl,designed,P-N,B,87,1.0,0.4758004671190353,10.0,34.579942546415204,716.6462850613701,64.59151325750999,0.6175491272505336,158.54591369628906,72.70190499414728,0.7699115044247787,86,1.0,0.4817942057859324,10.0,34.579942546415204,709.4864730373066,64.59151325750999,0.6175491272505336,158.54591369628906,72.70190499414728,0.7699115044247787,-1,1,86.5,87,True,False,False
CAND_R2_105,DOPO-HPM-OH-allyl,designed,P-N,B,182,3.0,0.4485146932389337,10.0,33.69260111535092,750.8220373749898,64.657721830872,0.6199345089750967,159.6036834716797,72.70190499414728,0.7478260869565218,184,3.0,0.4534607464567821,10.0,33.69260111535092,743.6622253509263,64.657721830872,0.6199345089750967,159.6036834716797,72.70190499414728,0.7478260869565218,2,2,183.0,184,False,False,False
CAND_R2_121,DOPT-aryl-methyl-to-aldehyde,designed,P-N-S,B,61,1.0,0.5513472552678471,10.0,34.63915111600856,689.5011837484356,65.9825461382468,0.6651402590339671,141.251953125,76.7972399667752,0.7272727272727273,57,1.0,0.5699482558369123,10.0,34.63915111600856,655.1321214883163,65.9825461382468,0.6651402590339671,141.251953125,76.7972399667752,0.7272727272727273,-4,4,59.0,61,True,False,False
CAND_R2_122,DOPT-aryl-methyl-to-acid,designed,P-N-S,B,204,4.0,0.5026562392602466,10.0,34.38545889071363,748.0141727608449,65.9825461382468,0.6531823483910708,141.63284301757812,76.59008282490109,0.7164179104477612,203,4.0,0.518628164706574,10.0,34.38545889071363,715.5753019890768,65.9825461382468,0.6531823483910708,141.63284301757812,76.59008282490109,0.7164179104477612,-1,1,203.5,204,False,False,False
CAND_R2_126,DIB-amino,designed,P-N,B,91,1.0,0.4522847671954488,6.78,34.255801604064466,816.6230526149354,65.72782334572837,0.6568395369501498,159.4964599609375,66.76779126940588,0.8181818181818182,91,1.0,0.4580786439957408,6.78,34.255801604064466,802.8429442174879,65.72782334572837,0.6568395369501498,159.4964599609375,66.76779126940588,0.8181818181818182,0,0,91.0,91,True,False,False
CAND_R2_127,DIB-hydroxy,designed,P-N,B,27,1.0,0.6193189022260952,10.0,35.65042693152747,736.172774012084,62.60127152046142,0.6926806933096818,151.11221313476562,74.49959810243489,0.8181818181818182,26,1.0,0.6282623397780938,10.0,35.65042693152747,720.8137528840471,62.60127152046142,0.6926806933096818,151.11221313476562,74.49959810243489,0.8181818181818182,-1,1,26.5,27,True,False,False
CAND_R2_128,DIB-hydroxymethyl,designed,P-N,B,24,1.0,0.6218492371690358,10.0,35.60911478641947,713.3923545303717,62.60127152046142,0.687089889944584,151.11221313476562,75.17096417583433,0.7875,23,1.0,0.6314910269853884,10.0,35.60911478641947,698.0333334023347,62.60127152046142,0.687089889944584,151.11221313476562,75.17096417583433,0.7875,-1,1,23.5,24,True,False,False
CAND_R2_129,DIB-carboxamide,designed,P-N,B,21,1.0,0.6249771574144699,10.0,35.35453090306682,722.7911264726453,62.60127152046142,0.6917259590332416,153.031005859375,75.06808746159004,0.7682926829268293,19,1.0,0.6338567736129258,10.0,35.35453090306682,708.5275054634171,62.60127152046142,0.6917259590332416,153.031005859375,75.06808746159004,0.7682926829268293,-2,2,20.0,21,True,False,False
CAND_R2_130,DIB-boronic-acid,designed,P-N-B,B,14,1.0,0.6320154618019407,10.0,35.96208536875897,727.6813896109117,62.60127152046142,0.6913779969691528,151.74447631835938,75.01149998265775,0.7875,13,1.0,0.6398871688320915,10.0,35.96208536875897,715.4003729874006,62.60127152046142,0.6913779969691528,151.74447631835938,75.01149998265775,0.7875,-1,1,13.5,14,True,True,True
CAND_R2_132,DIB-trimethoxysilyl,designed,P-N-Si,B,66,1.0,0.5279001919830885,5.29,41.03132289353573,487.1919279125412,81.3700498328331,0.600600791597966,188.2290496826172,61.64853508483683,0.75,66,1.0,0.531240367587718,5.29,41.03132289353573,502.417841793635,81.3700498328331,0.600600791597966,188.2290496826172,61.64853508483683,0.75,0,0,66.0,66,True,False,False
CAND_R2_133,DIB-triethoxysilyl,designed,P-N-Si,B,65,1.0,0.5316589346384438,5.29,41.20002361542717,490.6294655239662,81.3700498328331,0.6039141438782177,188.6428680419922,61.64853508483683,0.7159090909090909,64,1.0,0.5348937297351917,5.29,41.20002361542717,505.8553794050597,81.3700498328331,0.6039141438782177,188.6428680419922,61.64853508483683,0.7159090909090909,-1,1,64.5,65,True,False,False
CAND_R2_134,DIB-disiloxane,designed,P-N-Si,B,53,1.0,0.5719510234601376,10.0,35.31808914267819,783.2012292992944,63.667071678176974,0.6703531615069261,158.3042449951172,75.3802105815335,0.7325581395348837,52,1.0,0.5785904370936205,10.0,35.31808914267819,769.8348278732283,63.667071678176974,0.6703531615069261,158.3042449951172,75.3802105815335,0.7325581395348837,-1,1,52.5,53,True,False,False
CAND_R2_141,DIB-NH-methyl,designed,P-N,B,10,1.0,0.6364461430381317,10.0,36.411898741328926,709.8704588833475,62.60127152046142,0.6875881926453242,150.3799285888672,74.49959810243489,0.7380952380952381,8,1.0,0.6461958994264736,10.0,36.411898741328926,694.5114377553106,62.60127152046142,0.6875881926453242,150.3799285888672,74.49959810243489,0.7380952380952381,-2,2,9.0,10,True,True,True
CAND_R2_144,DTB-amino,designed,P-N-B,B,90,1.0,0.4655179355036619,10.19,34.65100839921951,650.4284090873573,71.09893302096802,0.640448237336142,166.31312561035156,65.23218016095782,0.7684210526315789,89,1.0,0.474721670275623,10.19,34.65100839921951,640.5418428440989,71.09893302096802,0.640448237336142,166.31312561035156,65.23218016095782,0.7684210526315789,-1,1,89.5,90,True,False,False
CAND_R2_145,DTB-hydroxy,designed,P-N-B,B,75,1.0,0.5052899497870882,10.0,34.781655555028095,640.6259929486653,67.43527618430716,0.6291693991441563,157.4239044189453,73.23512208968857,0.7684210526315789,74,1.0,0.514794185588545,10.0,34.781655555028095,630.7394267054069,67.43527618430716,0.6291693991441563,157.4239044189453,73.23512208968857,0.7684210526315789,-1,1,74.5,75,True,False,False
CAND_R2_146,DTB-hydroxymethyl,designed,P-N-B,B,69,1.0,0.5219991626688714,10.0,34.781655555028095,626.672206386144,67.43527618430716,0.6364299213163752,157.47402954101562,73.12186762648857,0.7604166666666666,67,1.0,0.531051279723457,10.0,34.781655555028095,618.8188249215535,67.43527618430716,0.6364299213163752,157.47402954101562,73.12186762648857,0.7604166666666666,-2,2,68.0,69,True,False,False
CAND_R2_147,DTB-carboxamide,designed,P-N-B,B,79,1.0,0.4920449933781854,10.0,33.96623810798026,658.0918641318974,67.43527618430716,0.6367658616282781,157.7195587158203,73.04160157038541,0.7373737373737373,76,1.0,0.4996598686724161,10.0,33.96623810798026,651.3338827861157,67.43527618430716,0.6367658616282781,157.7195587158203,73.04160157038541,0.7373737373737373,-3,3,77.5,79,True,False,False
CAND_R2_148,DTB-boronic-acid,designed,P-N-B,B,72,1.0,0.5123882822203425,10.0,34.128397694479744,637.5479884441394,67.43527618430716,0.6384022937782519,157.47402954101562,74.24946121703675,0.776595744680851,71,1.0,0.5197749525328088,10.0,34.128397694479744,632.7726114840748,67.43527618430716,0.6384022937782519,157.47402954101562,74.24946121703675,0.776595744680851,-1,1,71.5,72,True,False,False
CAND_R2_150,DTB-trimethoxysilyl,designed,P-N-Si-B,B,146,2.0,0.4442897766800631,10.0,40.67449600643598,362.7193011392233,83.6521202388293,0.5536849410090277,189.14910888671875,59.93214307426432,0.7448979591836735,145,2.0,0.4442897766800631,10.0,40.67449600643598,385.3355357265585,83.6521202388293,0.5536849410090277,189.14910888671875,59.93214307426432,0.7448979591836735,-1,1,145.5,146,False,False,False
CAND_R2_151,DTB-triethoxysilyl,designed,P-N-Si-B,B,147,2.0,0.4442897766800631,10.0,40.7903740971425,362.7193011392233,83.6521202388293,0.5539782648818166,189.6041412353516,59.93214307426432,0.7156862745098039,146,2.0,0.4442897766800631,10.0,40.7903740971425,382.93415729331446,83.6521202388293,0.5539782648818166,189.6041412353516,59.93214307426432,0.7156862745098039,-1,1,146.5,147,False,False,False
CAND_R2_152,DTB-disiloxane,designed,P-N-Si-B,B,85,1.0,0.4764590771351047,10.0,33.40401767619916,645.1760225742205,67.58300141286023,0.6290267960786836,157.87637329101562,73.93315300634134,0.7156862745098039,83,1.0,0.4849439446733016,10.0,33.40401767619916,637.32264110963,67.58300141286023,0.6290267960786836,157.87637329101562,73.93315300634134,0.7156862745098039,-2,2,84.0,85,True,False,False
CAND_R2_162,DTB-OH-methyl,designed,P-N-B,B,140,2.0,0.4630180950321202,10.0,34.29367973498066,727.073348823173,67.43527618430716,0.6324052040840609,156.99191284179688,73.12186762648857,0.8651685393258427,140,2.0,0.4713781544357725,10.0,34.29367973498066,713.7069473971069,67.43527618430716,0.6324052040840609,156.99191284179688,73.12186762648857,0.8651685393258427,0,0,140.0,140,False,False,False
CAND_R2_163,DTB-OH-methyl-2,designed,P-N-B,B,141,2.0,0.4566762369591036,10.0,34.29367973498066,713.6917012837342,67.43527618430716,0.6308616913859548,153.6792449951172,73.12186762648857,0.8131868131868132,141,2.0,0.4649724750092132,10.0,34.29367973498066,701.420699976477,67.43527618430716,0.6308616913859548,153.6792449951172,73.12186762648857,0.8131868131868132,0,0,141.0,141,False,False,False
CAND_R2_164,DTB-OH-methyl-3,designed,P-N-B,B,89,1.0,0.4701774345588309,10.0,34.29367973498066,741.5438304967871,67.43527618430716,0.6399787447641645,157.303466796875,73.12186762648857,0.8131868131868132,88,1.0,0.4780938895920204,10.0,34.29367973498066,728.177429070721,67.43527618430716,0.6399787447641645,157.303466796875,73.12186762648857,0.8131868131868132,-1,1,88.5,89,True,False,False
CAND_R2_166,DTB-OH-acetyl,designed,P-N-B,B,137,2.0,0.4845206431135317,10.0,34.26864547291364,667.5646843243934,67.43527618430716,0.6312370255357618,157.1439666748047,73.04160157038541,0.8191489361702128,137,2.0,0.493825105558891,10.0,34.26864547291364,656.2314676769952,67.43527618430716,0.6312370255357618,157.1439666748047,73.04160157038541,0.8191489361702128,0,0,137.0,137,False,False,False
CAND_R2_167,DTB-OH-acetyl-2,designed,P-N-B,B,179,3.0,0.4724003276185897,10.0,34.26864547291364,667.5646843243934,67.43527618430716,0.6294417668817693,153.831298828125,73.04160157038541,0.7708333333333334,181,3.0,0.4817047900639487,10.0,34.26864547291364,656.2314676769952,67.43527618430716,0.6294417668817693,153.831298828125,73.04160157038541,0.7708333333333334,2,2,180.0,181,False,False,False
CAND_R2_168,DTB-OH-acetyl-3,designed,P-N-B,B,80,1.0,0.4896170229651037,10.0,34.26864547291364,682.0351659980075,67.15081570278639,0.6360488353635523,157.4555206298828,73.04160157038541,0.7708333333333334,77,1.0,0.4984778810399999,10.0,34.26864547291364,670.7019493506093,67.15081570278639,0.6360488353635523,157.4555206298828,73.04160157038541,0.7708333333333334,-3,3,78.5,80,True,False,False
CAND_R2_170,DTB-OH-allyl,designed,P-N-B,B,88,1.0,0.4753610998725633,10.0,33.82057520214039,727.073348823173,67.43527618430716,0.6411610468900081,157.1439666748047,74.67496842923194,0.7857142857142857,84,1.0,0.4828412758672374,10.0,33.82057520214039,715.7401321757748,67.43527618430716,0.6411610468900081,157.1439666748047,74.67496842923194,0.7857142857142857,-4,4,86.0,88,True,False,False
CAND_R2_171,DTB-OH-allyl-2,designed,P-N-B,B,181,3.0,0.4501335716509087,10.0,33.82057520214039,727.073348823173,67.43527618430716,0.6343679246844706,154.82955932617188,73.22149096172365,0.7474747474747475,183,3.0,0.4576137476455828,10.0,33.82057520214039,715.7401321757748,67.43527618430716,0.6343679246844706,154.82955932617188,73.22149096172365,0.7474747474747475,2,2,182.0,183,False,False,False
CAND_R2_172,DTB-OH-allyl-3,designed,P-N-B,B,138,2.0,0.4801096923472418,10.0,33.82057520214039,713.1195622606517,67.15081570278639,0.6435120556709402,157.4555206298828,73.22149096172365,0.74,138,2.0,0.4880176330040228,10.0,33.82057520214039,701.7863456132535,67.15081570278639,0.6435120556709402,157.4555206298828,73.22149096172365,0.74,0,0,138.0,138,False,False,False
CAND_R2_174,DSD-amino,designed,P-N-S,B,143,2.0,0.4539324317030108,6.78,32.614208914639526,783.6262190864746,68.44146090777807,0.6866645218960807,160.2135009765625,66.0824107582802,0.8333333333333334,136,2.0,0.5134579611145298,10.19,33.77219327789769,755.19905212657,67.04780462666407,0.7050610190077206,157.24676513671875,66.02485359155929,0.8333333333333334,-7,7,139.5,143,False,False,False
CAND_R2_175,DSD-hydroxy,designed,P-N-S,B,135,2.0,0.5199134448241522,7.0,33.101024352943426,758.847366457001,64.63007884256413,0.6824036981968395,155.1492156982422,72.48758298508923,0.8536585365853658,133,2.0,0.5276952184186242,7.0,33.101024352943426,744.5664363109425,64.63007884256413,0.6824036981968395,155.1492156982422,72.48758298508923,0.8536585365853658,-2,2,134.0,135,False,False,False
CAND_R2_176,DSD-hydroxymethyl,designed,P-N-S,B,122,2.0,0.5855613196722476,10.0,34.138901917206404,740.9088064430625,63.73328025153899,0.6998314876832488,152.61119079589844,74.02779552029004,0.813953488372093,121,2.0,0.5919913043636303,10.0,34.138901917206404,731.0222401998042,63.73328025153899,0.6998314876832488,152.61119079589844,74.02779552029004,0.813953488372093,-1,1,121.5,122,False,False,False
CAND_R2_177,DSD-carboxamide,designed,P-N-S,B,123,2.0,0.5819621900511189,10.0,34.15600649310461,750.1472370116985,63.73328025153899,0.6970075290349417,153.3173828125,74.02779552029004,0.8045977011494253,122,2.0,0.5897634270218071,10.0,34.15600649310461,736.4376292959712,63.73328025153899,0.6970075290349417,153.3173828125,74.02779552029004,0.8045977011494253,-1,1,122.5,123,False,False,False
CAND_R2_178,DSD-boronic-acid,designed,P-N-B-S,B,121,2.0,0.5889723467913266,10.0,34.32158303389169,757.1236393178882,63.73328025153899,0.699139194977663,154.9152069091797,73.92268397396279,0.813953488372093,120,2.0,0.5957017223028905,10.0,34.32158303389169,745.396635987878,63.73328025153899,0.699139194977663,154.9152069091797,73.92268397396279,0.813953488372093,-1,1,120.5,121,False,False,False
CAND_R2_180,DSD-trimethoxysilyl,designed,P-N-Si-S,B,5,1.0,0.655075681925762,10.0,42.05055917160601,346.95938273403704,75.26130141230877,0.6589707464847055,179.99021911621094,59.66455287043811,0.7692307692307693,6,1.0,0.655075681925762,10.0,42.05055917160601,369.5756173213723,75.26130141230877,0.6589707464847055,179.99021911621094,59.66455287043811,0.7692307692307693,1,1,5.5,6,True,True,True
CAND_R2_181,DSD-triethoxysilyl,designed,P-N-Si-S,B,8,1.0,0.6458500525640372,10.0,42.05055917160601,367.9117228198456,76.97251016204966,0.6616573814112392,180.2188873291016,59.66455287043811,0.7368421052631579,9,1.0,0.6458500525640372,10.0,42.05055917160601,388.12657897393706,76.97251016204966,0.6616573814112392,180.2188873291016,59.66455287043811,0.7368421052631579,1,1,8.5,9,True,True,True
CAND_R2_182,DSD-disiloxane,designed,P-N-Si-S,B,43,1.0,0.5894678168507096,10.0,33.93439613710422,727.1036244828618,63.73328025153899,0.6924198226660078,155.58531188964844,74.86204126286493,0.7526881720430108,41,1.0,0.5963210106093999,10.0,33.93439613710422,717.2170582396035,63.73328025153899,0.6924198226660078,155.58531188964844,74.86204126286493,0.7526881720430108,-2,2,42.0,43,True,False,False
CAND_R2_190,DSD-OH-methyl,designed,P-N-S,B,125,2.0,0.5742362548919363,10.0,33.6315724176703,767.8474978187907,63.73328025153899,0.6995146568393136,155.95664978027344,74.28917835904339,0.8433734939759037,124,2.0,0.5813463496361996,10.0,33.6315724176703,754.4810963927246,63.73328025153899,0.6995146568393136,155.95664978027344,74.28917835904339,0.8433734939759037,-1,1,124.5,125,False,False,False
CAND_R2_191,DSD-OH-methyl-all,designed,P-N-S,B,124,2.0,0.5797367728151247,10.0,34.03305808764281,769.3260083087675,63.73328025153899,0.6967805396359509,155.95664978027344,74.25229018610715,0.7349397590361446,123,2.0,0.5868015426192842,10.0,34.03305808764281,755.9596068827015,63.73328025153899,0.6967805396359509,155.95664978027344,74.25229018610715,0.7349397590361446,-1,1,123.5,124,False,False,False
CAND_R2_192,DSD-OH-acetyl,designed,P-N-S,B,22,1.0,0.6244943860906854,10.0,34.733092342225724,704.7999600842345,63.73328025153899,0.6986542214245401,156.11529541015625,74.28917835904339,0.7954545454545454,21,1.0,0.6335372543193974,10.0,34.733092342225724,691.4335586581684,63.73328025153899,0.6986542214245401,156.11529541015625,74.28917835904339,0.7954545454545454,-1,1,21.5,22,True,False,False
CAND_R2_193,DSD-OH-acetyl-all,designed,P-N-S,B,11,1.0,0.6354873291836054,10.0,35.183131650660386,701.3081625497451,63.73328025153899,0.6972178496673591,156.7158660888672,74.25229018610715,0.7045454545454546,10,1.0,0.6446372413022173,10.0,35.183131650660386,687.941761123679,63.73328025153899,0.6972178496673591,156.7158660888672,74.25229018610715,0.7045454545454546,-1,1,10.5,11,True,True,True
CAND_R2_194,DSD-OH-allyl,designed,P-N-S,B,42,1.0,0.5895321611541184,10.0,34.03305808764281,764.6132291294219,63.73328025153899,0.6941874662969815,155.7955780029297,78.14262371479515,0.7526881720430108,40,1.0,0.5967414050323369,10.0,34.03305808764281,751.2468277033558,63.73328025153899,0.6941874662969815,155.7955780029297,78.14262371479515,0.7526881720430108,-2,2,41.0,42,True,False,False
CAND_R2_196,DSD-NH-methyl,designed,P-N-S,B,118,2.0,0.5963418787294339,10.0,34.291224448926855,708.5780039624572,63.73328025153899,0.693736173810785,153.3741455078125,74.02779552029004,0.7608695652173914,115,2.0,0.6052689279540531,10.0,34.291224448926855,695.2116025363911,63.73328025153899,0.693736173810785,153.3741455078125,74.02779552029004,0.7608695652173914,-3,3,116.5,118,False,False,False
CAND_R2_198,DSD-NH-hydroxyethyl,designed,P-N-S,B,176,3.0,0.5621244170647828,10.0,34.125903473488485,767.8474978187907,63.73328025153899,0.6909496447701953,154.005126953125,73.32557769421066,0.7216494845360825,178,3.0,0.569234511809046,10.0,34.125903473488485,754.4810963927246,63.73328025153899,0.6909496447701953,154.005126953125,73.32557769421066,0.7216494845360825,2,2,177.0,178,False,False,False
CAND_R2_202,DOPO-PPO-amino,designed,P-N,B,50,1.0,0.5778360570034982,10.19,34.43292258619911,584.0554248860662,60.668592407332,0.6714754936794628,156.49522399902344,64.1547046418314,0.7974683544303798,48,1.0,0.5901288933625997,10.19,34.43292258619911,571.7324481453555,60.668592407332,0.6714754936794628,156.49522399902344,64.1547046418314,0.7974683544303798,-2,2,49.0,50,True,False,False
CAND_R2_203,DOPO-PPO-hydroxy,designed,P-only,B,178,3.0,0.5299359500310378,10.0,33.111558041552776,592.8229520858988,57.518244745483415,0.6470178588042008,152.11834716796875,70.64477494228002,0.8076923076923077,180,3.0,0.5424340573508656,10.0,33.111558041552776,579.4045752263793,57.518244745483415,0.6470178588042008,152.11834716796875,70.64477494228002,0.8076923076923077,2,2,179.0,180,False,False,False
CAND_R2_204,DOPO-PPO-hydroxymethyl,designed,P-only,B,131,2.0,0.5361457405810365,10.0,33.14533082029411,565.9546813641712,57.518244745483415,0.6440207848446485,152.3134002685547,70.4492658744702,0.7777777777777778,130,2.0,0.5485212212432764,10.0,33.14533082029411,554.7229501737776,57.518244745483415,0.6440207848446485,152.3134002685547,70.4492658744702,0.7777777777777778,-1,1,130.5,131,False,False,False
CAND_R2_205,DOPO-PPO-carboxamide,designed,P-N,B,115,2.0,0.6027982425520068,10.0,34.77478965921695,588.8890970276416,56.596204097632295,0.6636527879026805,152.1785888671875,71.96213750275233,0.7682926829268293,113,2.0,0.616125113944856,10.0,34.77478965921695,573.834324364779,56.596204097632295,0.6636527879026805,152.1785888671875,71.96213750275233,0.7682926829268293,-2,2,114.0,115,False,False,False
CAND_R2_206,DOPO-PPO-boronic-acid,designed,P-B,B,120,2.0,0.5909551756509283,10.0,34.45151327336929,573.1119502301209,56.596204097632295,0.6565232869342494,152.40194702148438,71.96213750275233,0.7777777777777778,116,2.0,0.6040575397444172,10.0,34.45151327336929,559.6935733706014,56.596204097632295,0.6565232869342494,152.40194702148438,71.96213750275233,0.7777777777777778,-4,4,118.0,120,False,False,False
CAND_R2_208,DOPO-PPO-trimethoxysilyl,designed,P-Si,B,134,2.0,0.5226571587951419,10.0,41.97991790653736,331.77823858559503,76.78437418526462,0.6043102852851424,171.22877502441406,55.97884744471328,0.7411764705882353,134,2.0,0.5226571587951419,10.0,41.97991790653736,351.01612344712737,76.78437418526462,0.6043102852851424,171.22877502441406,55.97884744471328,0.7411764705882353,0,0,134.0,134,False,False,False
CAND_R2_209,DOPO-PPO-triethoxysilyl,designed,P-Si,B,142,2.0,0.4551374250094212,3.5,39.83655928980616,494.7769389220369,87.34156533338135,0.5953132843658173,183.4317169189453,59.319355328772616,0.7078651685393258,143,2.0,0.4569130351316043,3.5,39.83655928980616,513.0808573076563,87.34156533338135,0.5953132843658173,183.4317169189453,59.319355328772616,0.7078651685393258,1,1,142.5,143,False,False,False
CAND_R2_210,DOPO-PPO-disiloxane,designed,P-Si,B,128,2.0,0.5516637183085693,10.0,34.96929785045188,672.3511248513106,61.43371584941425,0.6475420341016207,152.15699768066406,72.76498328348315,0.7241379310344828,127,2.0,0.5607775295670432,10.0,34.96929785045188,661.119393660917,61.43371584941425,0.6475420341016207,152.15699768066406,72.76498328348315,0.7241379310344828,-1,1,127.5,128,False,False,False
CAND_R2_218,DOPO-PPO-OH-methyl,designed,P-only,B,60,1.0,0.5539713685239899,10.0,33.83807566615093,573.5548676034308,57.518244745483415,0.6426942081940821,156.83314514160156,69.52520035673051,0.8414634146341463,58,1.0,0.5661138593032313,10.0,33.83807566615093,562.3231364130372,57.518244745483415,0.6426942081940821,156.83314514160156,69.52520035673051,0.8414634146341463,-2,2,59.0,60,True,False,False
CAND_R2_220,DOPO-PPO-OH-acetyl,designed,P-only,B,133,2.0,0.534175639976725,10.0,33.80430288740959,575.7517410300392,57.21517738195395,0.6382094969244513,153.29100036621094,69.32969128892069,0.8117647058823529,131,2.0,0.5462507838164951,10.0,33.80430288740959,564.5200098396456,57.21517738195395,0.6382094969244513,153.29100036621094,69.32969128892069,0.8117647058823529,-2,2,132.0,133,False,False,False
CAND_R2_222,DOPO-PPO-OH-allyl,designed,P-only,B,130,2.0,0.5438181285344044,10.0,33.83807566615093,576.5637040700237,57.518244745483415,0.6443644668885716,153.05380249023438,69.32969128892069,0.7582417582417582,128,2.0,0.5558683809876044,10.0,33.83807566615093,565.3319728796301,57.518244745483415,0.6443644668885716,153.05380249023438,69.32969128892069,0.7582417582417582,-2,2,129.0,130,False,False,False
CAND_R2_224,PAD-amino,designed,P-N-S,B,126,2.0,0.5720211335673094,10.19,35.75897724398725,728.7648478187804,66.14691229210568,0.708376472248342,154.46856689453125,67.09327200169531,0.8490566037735849,125,2.0,0.5785711508540199,10.19,35.75897724398725,719.4611673398924,66.14691229210568,0.708376472248342,154.46856689453125,67.09327200169531,0.8490566037735849,-1,1,125.5,126,False,False,False
CAND_R2_225,PAD-hydroxy,designed,P-N-S,B,113,2.0,0.6245984222023357,10.0,35.085376430776016,714.162811265167,62.83238791698062,0.7070075904182728,149.78916931152344,75.09621393042606,0.8571428571428571,111,2.0,0.6315960767812209,10.0,35.085376430776016,704.859130786279,62.83238791698062,0.7070075904182728,149.78916931152344,75.09621393042606,0.8571428571428571,-2,2,112.0,113,False,False,False
CAND_R2_226,PAD-hydroxymethyl,designed,P-N-S,B,9,1.0,0.6386246126330251,10.0,35.11197776261184,680.7501117153159,62.83238791698062,0.7027558356032815,149.63568115234375,75.09621393042606,0.8333333333333334,11,1.0,0.644518050156494,10.0,35.11197776261184,676.3648728277058,62.83238791698062,0.7027558356032815,149.63568115234375,75.09621393042606,0.8333333333333334,2,2,10.0,11,True,True,True
CAND_R2_227,PAD-carboxamide,designed,P-N-S,B,7,1.0,0.6469223719408987,10.0,35.90150905608841,703.7197998398619,62.83238791698062,0.699289821136094,149.9962158203125,75.09621393042606,0.8181818181818182,7,1.0,0.6537661188890299,10.0,35.90150905608841,695.5115194797828,62.83238791698062,0.699289821136094,149.9962158203125,75.09621393042606,0.8181818181818182,0,0,7.0,7,True,True,True
CAND_R2_228,PAD-boronic-acid,designed,P-N-B-S,B,13,1.0,0.632333692298141,10.0,35.238653402530495,708.7494313685205,62.83238791698062,0.7030786218163244,151.42868041992188,74.99110238409881,0.8256880733944955,14,1.0,0.6394972984351904,10.0,35.238653402530495,699.4457508896326,62.83238791698062,0.7030786218163244,151.42868041992188,74.99110238409881,0.8256880733944955,1,1,13.5,14,True,True,True
CAND_R2_230,PAD-trimethoxysilyl,designed,P-N-Si-S,B,117,2.0,0.5993453209142988,5.29,40.05563183458001,419.0247976784347,82.87469200278659,0.6590563296533402,183.5128936767578,59.23587238375207,0.8108108108108109,119,2.0,0.5993453209142988,5.29,40.05563183458001,447.6258722331989,82.87469200278659,0.6590563296533402,183.5128936767578,59.23587238375207,0.8108108108108109,2,2,118.0,119,False,False,False
CAND_R2_231,PAD-triethoxysilyl,designed,P-N-Si-S,B,36,1.0,0.6030635796579634,5.29,40.04129990598458,422.46233528985965,82.87469200278659,0.6597342132203748,184.15792846679688,59.38504643322876,0.7894736842105263,36,1.0,0.6030635796579634,5.29,40.04129990598458,448.6620314113797,82.87469200278659,0.6597342132203748,184.15792846679688,59.38504643322876,0.7894736842105263,0,0,36.0,36,True,False,False
CAND_R2_232,PAD-disiloxane,designed,P-N-Si-S,B,30,1.0,0.6156321469886605,10.0,34.78135859199384,699.387124758865,63.11283882454177,0.6908680207873725,151.82571411132812,75.62895713673247,0.7964601769911505,30,1.0,0.6200919233187185,10.0,34.78135859199384,696.9945055732256,63.11283882454177,0.6908680207873725,151.82571411132812,75.62895713673247,0.7964601769911505,0,0,30.0,30,True,False,False
CAND_R2_239,PAD-NH-methyl,designed,P-N-S,B,3,1.0,0.667410549130833,10.0,36.46826425467697,655.5064146150808,62.83238791698062,0.6951596739362742,149.62960815429688,73.96395434983013,0.7964601769911505,3,1.0,0.6755837902150583,10.0,36.46826425467697,647.6413405446629,62.83238791698062,0.6951596739362742,149.62960815429688,73.96395434983013,0.7964601769911505,0,0,3.0,3,True,True,True
CAND_R2_241,PAD-NH-hydroxyethyl,designed,P-N-S,B,23,1.0,0.6236429780295399,10.0,35.337118638027896,700.2968350437636,62.83238791698062,0.69095763162451,150.6234130859375,75.05932575748982,0.7627118644067796,25,1.0,0.6304431323910713,10.0,35.337118638027896,692.4317609733457,62.83238791698062,0.69095763162451,150.6234130859375,75.05932575748982,0.7627118644067796,2,2,24.0,25,True,False,False
CAND_R2_260,TDCA-DOPO-3-amino,designed,P-N,B,47,1.0,0.5845466115495217,10.19,33.5591454919601,611.0641835371746,61.991162474198205,0.690117828567182,158.37355041503906,64.29701317350484,0.8666666666666667,44,1.0,0.5942434158948645,10.19,33.5591454919601,602.8267318606491,61.991162474198205,0.690117828567182,158.37355041503906,64.29701317350484,0.8666666666666667,-3,3,45.5,47,True,False,False
CAND_R2_261,TDCA-DOPO-3-hydroxy,designed,P-only,B,56,1.0,0.5654690350376175,10.0,32.425064468478546,595.4214190011312,56.96368581327983,0.6797620720547712,153.49839782714844,69.60987186821374,0.8666666666666667,55,1.0,0.5761194276659807,10.0,32.425064468478546,586.088567205797,56.96368581327983,0.6797620720547712,153.49839782714844,69.60987186821374,0.8666666666666667,-1,1,55.5,56,True,False,False
CAND_R2_262,TDCA-DOPO-3-hydroxymethyl,designed,P-only,B,49,1.0,0.5790672404022152,10.0,32.551398861914805,566.9948694227581,56.96368581327983,0.6793987616033957,153.4857635498047,69.60987186821374,0.8333333333333334,49,1.0,0.5884605614974041,10.0,32.551398861914805,562.5804592187017,56.96368581327983,0.6793987616033957,153.4857635498047,69.60987186821374,0.8333333333333334,0,0,49.0,49,True,False,False
CAND_R2_263,TDCA-DOPO-3-carboxamide,designed,P-N,B,16,1.0,0.6271176631858257,10.0,34.22661051458555,604.5538064357052,56.36508770111311,0.6838776712975009,153.82955932617188,72.84618690942764,0.8227848101265823,17,1.0,0.6370140484297668,10.0,34.22661051458555,596.3163547591797,56.36508770111311,0.6838776712975009,153.82955932617188,72.84618690942764,0.8227848101265823,1,1,16.5,17,True,True,True
CAND_R2_264,TDCA-DOPO-3-boronic-acid,designed,P-B,B,19,1.0,0.6253486985868294,10.0,34.18872338479013,599.264433359469,56.36508770111311,0.6809099440167729,153.85963439941406,73.17728012580106,0.8333333333333334,18,1.0,0.6358812804882548,10.0,34.18872338479013,589.9315815641347,56.36508770111311,0.6809099440167729,153.85963439941406,73.17728012580106,0.8333333333333334,-1,1,18.5,19,True,True,True
CAND_R2_266,TDCA-DOPO-3-trimethoxysilyl,designed,P-Si,B,116,2.0,0.6014118433555397,10.0,41.38512178966874,291.8901354774313,76.94077449599645,0.6560030855569873,170.46202087402344,54.4412418885868,0.8024691358024691,118,2.0,0.6014118433555397,10.0,41.38512178966874,315.54396289205664,76.94077449599645,0.6560030855569873,170.46202087402344,54.4412418885868,0.8024691358024691,2,2,117.0,118,False,False,False
CAND_R2_267,TDCA-DOPO-3-triethoxysilyl,designed,P-Si,B,175,3.0,0.5883370590236663,10.0,41.38512178966874,300.3138230603341,76.94077449599645,0.6479987279427333,170.4246826171875,54.4412418885868,0.7647058823529411,177,3.0,0.5883370590236663,10.0,41.38512178966874,323.96765047495944,76.94077449599645,0.6479987279427333,170.4246826171875,54.4412418885868,0.7647058823529411,2,2,176.0,177,False,False,False
CAND_R2_268,TDCA-DOPO-3-disiloxane,designed,P-Si,B,119,2.0,0.5936764994595581,10.0,34.03899358516371,619.3334036493601,56.92054548256312,0.6755542061654748,153.44729614257812,71.2866014899369,0.7831325301204819,117,2.0,0.6014653402720437,10.0,34.03899358516371,614.9189934453036,56.92054548256312,0.6755542061654748,153.44729614257812,71.2866014899369,0.7831325301204819,-2,2,118.0,119,False,False,False
CAND_R2_275,Ti-POSS-bisDOPO-amino,designed,P-N-Si,B,70,1.0,0.5212857544554421,10.19,32.864984305897416,632.5287319048933,68.19027023260435,0.6874672909015309,166.3270263671875,62.83573022067421,0.8461538461538461,69,1.0,0.5277558104474629,10.19,32.864984305897416,630.2269681037292,68.19027023260435,0.6874672909015309,166.3270263671875,62.83573022067421,0.8461538461538461,-1,1,69.5,70,True,False,False
CAND_R2_276,Ti-POSS-bisDOPO-hydroxy,designed,P-N-Si,B,35,1.0,0.6037519638074684,10.0,33.74396228458086,611.5434571553907,64.52661339594349,0.6836618202463769,162.96604919433594,69.81537499616053,0.8461538461538461,33,1.0,0.6108653404438334,10.0,33.74396228458086,609.2416933542265,64.52661339594349,0.6836618202463769,162.96604919433594,69.81537499616053,0.8461538461538461,-2,2,34.0,35,True,False,False
CAND_R2_277,Ti-POSS-bisDOPO-boronic-acid,designed,P-N-Si-B,B,37,1.0,0.602924818803683,10.0,33.79990726610846,634.995185311936,64.52661339594349,0.6818023655770554,162.9211883544922,71.76637176921781,0.822429906542056,35,1.0,0.6098982712885805,10.0,33.79990726610846,631.3554834622046,64.52661339594349,0.6818023655770554,162.9211883544922,71.76637176921781,0.822429906542056,-2,2,36.0,37,True,False,False
CAND_R2_278,Ti-POSS-bisDOPO-trimethoxysilyl,designed,P-N-Si,B,177,3.0,0.5431454111019646,10.0,39.69061185377619,330.1976640591311,83.56592010754451,0.6264952663278475,187.66737365722656,58.19605109687683,0.8073394495412844,179,3.0,0.5431454111019646,10.0,39.69061185377619,358.3655163098929,83.56592010754451,0.6264952663278475,187.66737365722656,58.19605109687683,0.8073394495412844,2,2,178.0,179,False,False,False
CAND_R2_279,Ti-POSS-bisDOPO-disiloxane,designed,P-N-Si,B,39,1.0,0.5960620287637012,10.0,33.68122433949452,619.7286979966024,64.52661339594349,0.6812661108508188,162.09205627441406,70.44654055641196,0.7927927927927928,37,1.0,0.6029244801929894,10.0,33.68122433949452,617.4269341954382,64.52661339594349,0.6812661108508188,162.09205627441406,70.44654055641196,0.7927927927927928,-2,2,38.0,39,True,False,False
CAND_R2_283,DGEBDB-amino,designed,P-N,B,144,2.0,0.4506889516803934,10.19,33.711615072749815,778.0414529374862,66.41416530048927,0.6526346457857859,159.97145080566406,68.26026859403879,0.7849462365591398,144,2.0,0.4546485641212073,10.19,33.711615072749815,771.2328911987537,66.41416530048927,0.6526346457857859,159.97145080566406,68.26026859403879,0.7849462365591398,0,0,144.0,144,False,False,False
CAND_R2_284,DGEBDB-hydroxy,designed,P-only,B,106,1.0,0.3970242877716921,10.0,32.15128016550261,765.335673145736,63.35027152330882,0.6097289893397368,156.690185546875,73.04294605191124,0.7849462365591398,104,1.0,0.4013734062132658,10.0,32.15128016550261,758.5271114070035,63.35027152330882,0.6097289893397368,156.690185546875,73.04294605191124,0.7849462365591398,-2,2,105.0,106,True,False,False
CAND_R2_285,DGEBDB-hydroxymethyl,designed,P-only,B,102,1.0,0.4117388634944218,10.0,32.20278434279076,765.335673145736,63.35027152330882,0.6056609655273051,156.92176818847656,77.0049094278235,0.7684210526315789,101,1.0,0.4160879819359953,10.0,32.20278434279076,758.5271114070035,63.35027152330882,0.6056609655273051,156.92176818847656,77.0049094278235,0.7684210526315789,-1,1,101.5,102,True,False,False
CAND_R2_286,DGEBDB-carboxamide,designed,P-N,B,74,1.0,0.5106765802182202,10.0,34.20033595384402,751.4218999526546,63.65630257834424,0.6465750959468921,155.8978729248047,74.67078061261738,0.7684210526315789,73,1.0,0.5149781900504233,10.0,34.20033595384402,745.708738332731,63.65630257834424,0.6465750959468921,155.8978729248047,74.67078061261738,0.7684210526315789,-1,1,73.5,74,True,False,False
CAND_R2_287,DGEBDB-boronic-acid,designed,P-B,B,84,1.0,0.4772748172225755,10.0,33.753075736653614,743.9330912044953,63.591402716777736,0.6248377349146405,157.5643310546875,75.23367799691192,0.7684210526315789,85,1.0,0.4822800491994458,10.0,33.753075736653614,737.1245294657629,63.591402716777736,0.6248377349146405,157.5643310546875,75.23367799691192,0.7684210526315789,1,1,84.5,85,True,False,False
CAND_R2_289,DGEBDB-trimethoxysilyl,designed,P-Si,B,77,1.0,0.4950993143167292,10.0,39.00148488599879,429.0437355310477,84.64683985355093,0.6110841157613687,177.77069091796875,61.736512282570246,0.7604166666666666,78,1.0,0.4950993143167292,10.0,39.00148488599879,452.3365961896648,84.64683985355093,0.6110841157613687,177.77069091796875,61.736512282570246,0.7604166666666666,1,1,77.5,78,True,False,False
CAND_R2_290,DGEBDB-triethoxysilyl,designed,P-Si,B,82,1.0,0.4858772765703368,10.0,39.00148488599879,429.0437355310477,87.36323320148978,0.6107489351310674,179.99911499023438,61.538604318047376,0.7227722772277227,81,1.0,0.4858772765703368,10.0,39.00148488599879,452.3365961896648,87.36323320148978,0.6107489351310674,179.99911499023438,61.538604318047376,0.7227722772277227,-1,1,81.5,82,True,False,False
CAND_R2_291,DGEBDB-disiloxane,designed,P-Si,B,148,2.0,0.4399066886250195,10.0,32.498935575163266,771.2232598618189,63.73912794533081,0.6345858057201063,154.30325317382812,74.55366556041473,0.73,147,2.0,0.4431954349041899,10.0,32.498935575163266,766.4478829017543,63.73912794533081,0.6345858057201063,154.30325317382812,74.55366556041473,0.73,-1,1,147.5,148,False,False,False
CAND_R2_298,DGEBDB-methoxy-to-phenol-all,designed,P-only,B,103,1.0,0.4081588636034258,10.0,31.98650871090214,783.3439622426655,63.39700116233433,0.6205562143481532,156.01002502441406,74.39561071267727,0.7294117647058823,152,2.0,0.4119559233141197,10.0,31.98650871090214,776.535400503933,63.39700116233433,0.6205562143481532,156.01002502441406,74.39561071267727,0.7294117647058823,49,49,127.5,152,False,False,False
CAND_R2_317,BDO-amino,designed,P-N-S,B,46,1.0,0.5848923902346497,10.19,35.78913563979566,754.6420458615228,65.91579589558648,0.695018328718563,155.53114318847656,71.38958895766925,0.8431372549019608,47,1.0,0.5917636997350012,10.19,35.78913563979566,742.7628599162936,65.91579589558648,0.695018328718563,155.53114318847656,71.38958895766925,0.8431372549019608,1,1,46.5,47,True,False,False
CAND_R2_318,BDO-hydroxy,designed,P-N-S,B,132,2.0,0.5358289180310771,7.0,34.64056082068844,813.7936231223531,64.230385015176,0.6787658325027672,150.63099670410156,76.02263139807239,0.8431372549019608,132,2.0,0.5406776423999979,7.0,34.64056082068844,802.3979497889045,64.230385015176,0.6787658325027672,150.63099670410156,76.02263139807239,0.8431372549019608,0,0,132.0,132,False,False,False
CAND_R2_319,BDO-hydroxymethyl,designed,P-N-S,B,4,1.0,0.6616656641520287,10.0,36.20209726428117,704.4363270068565,62.60127152046142,0.6973270039455787,148.4613800048828,79.75068252585251,0.8269230769230769,4,1.0,0.6700760707473137,10.0,36.20209726428117,692.5571410616272,62.60127152046142,0.6973270039455787,148.4613800048828,79.75068252585251,0.8269230769230769,0,0,4.0,4,True,True,True
CAND_R2_320,BDO-carboxamide,designed,P-N-S,B,112,2.0,0.6543911322434117,10.0,36.08366502767576,707.593475736652,62.60127152046142,0.695320213745137,149.02072143554688,79.50698812131982,0.8037383177570093,110,2.0,0.6613683788313977,10.0,36.08366502767576,698.8023096122024,62.60127152046142,0.695320213745137,149.02072143554688,79.50698812131982,0.8037383177570093,-2,2,111.0,112,False,False,False
CAND_R2_321,BDO-boronic-acid,designed,P-N-B-S,B,64,1.0,0.5358653661760042,7.0,34.5777039283606,790.0345081892925,64.230385015176,0.6738971205884152,152.23016357421875,75.18514875839331,0.819047619047619,63,1.0,0.5401104047049168,7.0,34.5777039283606,781.7168393603698,64.230385015176,0.6738971205884152,152.23016357421875,75.18514875839331,0.819047619047619,-1,1,63.5,64,True,False,False
CAND_R2_323,BDO-trimethoxysilyl,designed,P-N-Si-S,B,59,1.0,0.561283884797331,5.29,40.68133934513581,488.2839719942733,81.3700498328331,0.6262947337539577,186.5196075439453,60.460455577992256,0.7818181818181819,60,1.0,0.5630846453835177,5.29,40.68133934513581,506.98972105817495,81.3700498328331,0.6262947337539577,186.5196075439453,60.460455577992256,0.7818181818181819,1,1,59.5,60,True,False,False
CAND_R2_324,BDO-triethoxysilyl,designed,P-N-Si-S,B,58,1.0,0.5625871259196467,5.29,40.69796352357197,488.2839719942733,81.72049363616809,0.6321459173792918,187.36312866210935,59.52434501826115,0.7610619469026548,59,1.0,0.5643878865058334,5.29,40.69796352357197,506.98972105817495,81.72049363616809,0.6321459173792918,187.36312866210935,59.52434501826115,0.7610619469026548,1,1,58.5,59,True,False,False
CAND_R2_325,BDO-disiloxane,designed,P-N-Si-S,B,44,1.0,0.5889497296760107,10.0,35.18950254426919,787.0775479360304,63.667071678176974,0.6906351743933269,151.56639099121094,77.70546022900884,0.7678571428571429,45,1.0,0.5939643740928267,10.0,35.18950254426919,777.1909816927721,63.667071678176974,0.6906351743933269,151.56639099121094,77.70546022900884,0.7678571428571429,1,1,44.5,45,True,False,False
CAND_R2_340,TDA-amino,designed,P-N-Si,B,160,2.0,0.3395605356236763,10.19,32.211542346134955,739.0737778600196,71.50791632841485,0.6226026215056283,162.09735107421875,66.6102339154862,0.7777777777777778,159,2.0,0.3451668911979368,10.19,32.211542346134955,731.2203963954291,71.50791632841485,0.6226026215056283,162.09735107421875,66.6102339154862,0.7777777777777778,-1,1,159.5,160,False,False,False
CAND_R2_341,TDA-hydroxy,designed,P-N-Si,B,150,2.0,0.41395013401797,10.0,32.94630272127069,709.4707292096167,67.84425949175399,0.6159065154609422,154.5575714111328,74.98283264764409,0.7777777777777778,149,2.0,0.4204639950959544,10.0,32.94630272127069,701.6173477450262,67.84425949175399,0.6159065154609422,154.5575714111328,74.98283264764409,0.7777777777777778,-1,1,149.5,150,False,False,False
CAND_R2_342,TDA-hydroxymethyl,designed,P-N-Si,B,100,1.0,0.4213895742306748,10.0,32.94630272127069,709.4707292096167,67.84425949175399,0.6205448197006885,154.60769653320312,74.98283264764409,0.7623762376237624,98,1.0,0.4279034353086591,10.0,32.94630272127069,701.6173477450262,67.84425949175399,0.6205448197006885,154.60769653320312,74.98283264764409,0.7623762376237624,-2,2,99.0,100,True,False,False
CAND_R2_343,TDA-carboxamide,designed,P-N-Si,B,96,1.0,0.4375370015489486,10.0,33.288384490531925,705.5363345673438,67.84425949175399,0.6228732061187039,156.219482421875,74.7587577823625,0.7475728155339806,93,1.0,0.4436974280615723,10.0,33.288384490531925,698.7783532215622,67.84425949175399,0.6228732061187039,156.219482421875,74.7587577823625,0.7475728155339806,-3,3,94.5,96,True,False,False
CAND_R2_344,TDA-boronic-acid,designed,P-N-Si-B,B,97,1.0,0.4339327245524598,10.0,33.00224770279829,708.7346929953109,67.84425949175399,0.625663073150745,156.08456420898438,74.7587577823625,0.77,96,1.0,0.439137108610052,10.0,33.00224770279829,703.9593160352463,67.84425949175399,0.625663073150745,156.08456420898438,74.7587577823625,0.77,-1,1,96.5,97,True,False,False
CAND_R2_346,TDA-trimethoxysilyl,designed,P-N-Si,B,95,1.0,0.4415265947408319,10.0,39.32722513108974,371.0005468583385,83.9544957503105,0.5531054269552952,184.16558837890625,61.52047758330591,0.7475728155339806,95,1.0,0.4415265947408319,10.0,39.32722513108974,393.6167814456736,83.9544957503105,0.5531054269552952,184.16558837890625,61.52047758330591,0.7475728155339806,0,0,95.0,95,True,False,False
CAND_R2_347,TDA-triethoxysilyl,designed,P-N-Si,B,93,1.0,0.4424487302789547,10.0,39.49918213362098,371.0005468583385,84.12293369263045,0.5531220881733704,184.16558837890625,61.369772453015,0.7549019607843137,94,1.0,0.4424487302789547,10.0,39.49918213362098,391.21540301242953,84.12293369263045,0.5531220881733704,184.16558837890625,61.369772453015,0.7549019607843137,1,1,93.5,94,True,False,False
CAND_R2_348,TDA-disiloxane,designed,P-N-Si,B,104,1.0,0.4045658025512742,10.0,32.868597747284234,710.3145207121853,68.58948211233356,0.6109932793253096,156.81643676757812,75.03225551239565,0.7264150943396226,102,1.0,0.4120956010848236,10.0,32.868597747284234,700.0537962161632,68.58948211233356,0.6109932793253096,156.81643676757812,75.03225551239565,0.7264150943396226,-2,2,103.0,104,True,False,False
CAND_R2_358,TDA-OH-methyl,designed,P-N-Si,B,110,1.0,0.1920093855004448,3.42,29.34461013076773,919.9171001936004,70.01061423362977,0.5612829492190474,159.6535186767578,75.9675966631831,0.875,108,1.0,0.1952726671533698,3.42,29.34461013076773,904.6674334245804,70.01061423362977,0.5612829492190474,159.6535186767578,75.9675966631831,0.875,-2,2,109.0,110,True,False,False
CAND_R2_359,TDA-OH-methyl-2,designed,P-N-Si,B,185,3.0,0.3824710435067219,10.0,32.30936497777848,824.3423533202598,67.84425949175399,0.633500438676103,154.91925048828125,74.98283264764409,0.8125,189,3.0,0.386969359154332,10.0,32.30936497777848,813.0091366728616,67.84425949175399,0.633500438676103,154.91925048828125,74.98283264764409,0.8125,4,4,187.0,189,False,False,False
CAND_R2_361,TDA-OH-acetyl,designed,P-N-Si,B,101,1.0,0.4191505992271926,10.0,33.383314418863286,736.4094205853448,68.58948211233356,0.6180618939645357,154.69955444335938,79.96071210119258,0.84,100,1.0,0.4263445703580575,10.0,33.383314418863286,725.0762039379466,68.58948211233356,0.6180618939645357,154.69955444335938,79.96071210119258,0.84,-1,1,100.5,101,True,False,False
CAND_R2_362,TDA-OH-acetyl-2,designed,P-N-Si,B,149,2.0,0.4187166996071531,10.0,33.249061724165614,764.8336888214802,68.58948211233356,0.6307182773871771,155.6648406982422,74.98283264764409,0.78,148,2.0,0.4250393017054481,10.0,33.249061724165614,753.500472174082,68.58948211233356,0.6307182773871771,155.6648406982422,74.98283264764409,0.78,-1,1,148.5,149,False,False,False
CAND_R2_364,TDA-OH-allyl,designed,P-N-Si,B,109,1.0,0.203180640434332,3.42,29.68669190002897,919.9171001936004,71.70884554607122,0.5777290071596932,159.6535186767578,76.06721999841818,0.8076923076923077,107,1.0,0.2064439220872569,3.42,29.68669190002897,904.6674334245804,71.70884554607122,0.5777290071596932,159.6535186767578,76.06721999841818,0.8076923076923077,-2,2,108.0,109,True,False,False
CAND_R2_365,TDA-OH-allyl-2,designed,P-N-Si,B,154,2.0,0.4043383345077792,10.0,32.651446747039714,795.9180850841244,68.58948211233356,0.6375195298922096,155.6648406982422,75.08245598287917,0.75,153,2.0,0.409708019187959,10.0,32.651446747039714,784.5848684367262,68.58948211233356,0.6375195298922096,155.6648406982422,75.08245598287917,0.75,-1,1,153.5,154,False,False,False
CAND_R2_367,TDA-NH-methyl,designed,P-N-Si,B,153,2.0,0.4050588183868197,10.0,32.941585738773206,736.4094205853448,67.84425949175399,0.621291975297946,154.26376342773438,73.94805479272573,0.84,151,2.0,0.4122527895176844,10.0,32.941585738773206,725.0762039379466,67.84425949175399,0.621291975297946,154.26376342773438,73.94805479272573,0.84,-2,2,152.0,153,False,False,False
CAND_R2_368,TDA-NH-methyl-all,designed,P-N-Si,B,183,3.0,0.410175336677707,10.0,32.941585738773206,750.3632071478661,68.31633751769536,0.6344548105267677,154.26376342773438,72.7987518161879,0.71,185,3.0,0.4169415431464648,10.0,32.941585738773206,739.0299905004679,68.31633751769536,0.6344548105267677,154.26376342773438,72.7987518161879,0.71,2,2,184.0,185,False,False,False
CAND_R2_369,TDA-NH-hydroxyethyl,designed,P-N-Si,B,187,3.0,0.3766965152037558,10.0,32.47877946286749,792.7364139364935,68.58948211233356,0.6227226161647789,156.99176025390625,74.11073798632897,0.8076923076923077,191,3.0,0.3821637365975226,10.0,32.47877946286749,781.4031972890953,68.58948211233356,0.6227226161647789,156.99176025390625,74.11073798632897,0.8076923076923077,4,4,189.0,191,False,False,False
PUBCHEM_100988953,"[4-(3-Aminobenzoyl)oxy-3-(6-oxobenzo[c][2,1]benzoxaphosphinin-6-yl)phenyl] 3-aminobenzoate",pubchem,P-N,PUBLIC_UNVERIFIED,173,2.0,0.1059801851547425,4.0,31.47453326641764,891.5399487268838,83.30452863410382,0.583943142948276,166.08494567871094,64.6390984131474,0.7411764705882353,175,2.0,0.104852685920215,4.0,31.47453326641764,888.4464225026775,83.30452863410382,0.583943142948276,166.08494567871094,64.6390984131474,0.7411764705882353,2,2,174.0,175,False,False,False
PUBCHEM_101482827,"[3-(6-Oxobenzo[c][2,1]benzoxaphosphinin-6-yl)-4-(4-pentoxybenzoyl)oxyphenyl] 4-pentoxybenzoate",pubchem,P-only,PUBLIC_UNVERIFIED,107,1.0,0.3882808864542859,10.0,31.34322566556181,730.4654720469445,63.99912537887519,0.6188394981443252,158.0628662109375,69.80735081427177,0.7065217391304348,105,1.0,0.3923276197462623,10.0,31.34322566556181,726.825770197213,63.99912537887519,0.6188394981443252,158.0628662109375,69.80735081427177,0.7065217391304348,-2,2,106.0,107,True,False,False
PUBCHEM_101559517,"6-[3-(4-Prop-2-ynoxyphenyl)-2,4-dihydro-1,3-benzoxazin-4-yl]benzo[c][2,1]benzoxaphosphinine 6-oxide",pubchem,P-N,PUBLIC_UNVERIFIED,201,3.0,0.2028983154872172,3.42,31.375466208421617,1056.711440160886,69.67351182054647,0.5676225920511389,156.83627319335938,76.0640833104171,0.7032967032967034,200,3.0,0.2028983154872172,3.42,31.375466208421617,1041.9914961599086,69.67351182054647,0.5676225920511389,156.83627319335938,76.0640833104171,0.7032967032967034,-1,1,200.5,201,False,False,False
PUBCHEM_101797930,"[4-(3,4-Dimethylbenzoyl)oxy-3-(6-oxobenzo[c][2,1]benzoxaphosphinin-6-yl)phenyl] 3,4-dimethylbenzoate",pubchem,P-only,PUBLIC_UNVERIFIED,188,3.0,0.3500561652640319,10.0,31.16161007904766,811.890501720655,64.25606563782468,0.6188843374081259,156.89041137695312,70.5263302883172,0.7126436781609196,192,3.0,0.3543101484263566,10.0,31.16161007904766,802.0039354773967,64.25606563782468,0.6188843374081259,156.89041137695312,70.5263302883172,0.7126436781609196,4,4,190.0,192,False,False,False
PUBCHEM_101805184,"2-(6-Oxido-6H-dibenzo[c,e][1,2]oxaphosphinin-6-yl)-1,4-phenylene bis(4-aminobenzoate)",pubchem,P-N,PUBLIC_UNVERIFIED,151,2.0,0.4131547771500469,10.0,33.74639442654846,703.5053211722778,73.25381892131885,0.654958149382229,161.82379150390625,64.170460760961,0.8024691358024691,150,2.0,0.41650258143996,10.0,33.74639442654846,703.3904604098343,73.25381892131885,0.654958149382229,161.82379150390625,64.170460760961,0.8024691358024691,-1,1,150.5,151,False,False,False
PUBCHEM_102113411,"6-[3-(4-Fluorophenyl)-2,4-dihydro-1,3-benzoxazin-4-yl]benzo[c][2,1]benzoxaphosphinine 6-oxide",pubchem,P-N,PUBLIC_UNVERIFIED,158,2.0,0.3636163330317534,10.0,33.012232517002964,859.7832727413276,66.49578670336541,0.6151219194684742,151.65016174316406,76.23293299863032,0.8,157,2.0,0.3699073188965662,10.0,33.012232517002964,841.7971014408025,66.49578670336541,0.6151219194684742,151.65016174316406,76.23293299863032,0.8,-1,1,157.5,158,False,False,False
PUBCHEM_102113412,"6-[3-(4-Methoxyphenyl)-2,4-dihydro-1,3-benzoxazin-4-yl]benzo[c][2,1]benzoxaphosphinine 6-oxide",pubchem,P-N,PUBLIC_UNVERIFIED,202,3.0,0.2006719509816616,3.42,31.41075820521761,1059.789444665412,69.67351182054647,0.5673817230534497,156.20681762695312,75.90039771953315,0.7804878048780488,201,3.0,0.2006719509816616,3.42,31.41075820521761,1041.9914961599086,69.67351182054647,0.5673817230534497,156.20681762695312,75.90039771953315,0.7804878048780488,-1,1,201.5,202,False,False,False
PUBCHEM_102234466,"4-[Anilino-(6-oxobenzo[c][2,1]benzoxaphosphinin-6-yl)methyl]phenol",pubchem,P-N,PUBLIC_UNVERIFIED,210,4.0,0.3707911103879826,10.0,33.52613561373426,771.9136925927875,76.85753820968282,0.6950354371617767,149.8869171142578,61.519258049743,0.7702702702702703,209,4.0,0.3826378312043182,10.0,33.52613561373426,747.3141237895111,76.85753820968282,0.6950354371617767,149.8869171142578,61.519258049743,0.7702702702702703,-1,1,209.5,210,False,False,False
PUBCHEM_102261920,"Dihydroxy-methyl-[2-(6-oxobenzo[c][2,1]benzoxaphosphinin-6-yl)ethyl]silane",pubchem,P-Si,PUBLIC_UNVERIFIED,189,3.0,0.2969415525016765,10.0,32.969717437879964,733.3208947661519,79.51626424293458,0.6500597227017059,151.79745483398438,64.38365106679299,0.711864406779661,193,3.0,0.3138447880128344,10.0,32.969717437879964,699.7708436632645,79.51626424293458,0.6500597227017059,151.79745483398438,64.38365106679299,0.711864406779661,4,4,191.0,193,False,False,False
PUBCHEM_102300993,"4-[4-(6-Oxobenzo[c][2,1]benzoxaphosphinin-6-yl)-2,4-dihydro-1,3-benzoxazin-3-yl]benzoic acid",pubchem,P-N,PUBLIC_UNVERIFIED,211,4.0,0.2938713694811063,10.0,33.352803594401784,736.230285648491,76.18651116541842,0.6085004266073106,152.90956115722656,68.9560749272904,0.7926829268292683,211,4.0,0.2960674370486501,10.0,33.352803594401784,736.4586311757087,76.18651116541842,0.6085004266073106,152.90956115722656,68.9560749272904,0.7926829268292683,0,0,211.0,211,False,False,False
PUBCHEM_102319971,"2-[(6-Oxobenzo[c][2,1]benzoxaphosphinin-6-yl)methyl]-3-(3-trimethoxysilylpropoxy)propan-1-ol",pubchem,P-Si,PUBLIC_UNVERIFIED,159,2.0,0.3571053256252698,10.0,32.58732214450062,620.9486834217988,80.91793327911998,0.6577490312134247,154.3831787109375,67.2296208678856,0.7407407407407407,158,2.0,0.3623613977262588,10.0,32.58732214450062,622.2724290678253,80.91793327911998,0.6577490312134247,154.3831787109375,67.2296208678856,0.7407407407407407,-1,1,158.5,159,False,False,False
PUBCHEM_102416127,"Dimethoxy-methyl-[2-(6-oxobenzo[c][2,1]benzoxaphosphinin-6-yl)ethyl]silane",pubchem,P-Si,PUBLIC_UNVERIFIED,208,4.0,0.4026181526861709,10.0,32.84198707372225,785.7292067676108,65.36932984591395,0.6363796810505827,147.87599182128906,71.30741802380957,0.7627118644067796,207,4.0,0.4224945840366177,10.0,32.84198707372225,741.5963778875689,65.36932984591395,0.6363796810505827,147.87599182128906,71.30741802380957,0.7627118644067796,-1,1,207.5,208,False,False,False
PUBCHEM_118445309,"4-Hydroxy-2-[(6-oxobenzo[c][2,1]benzoxaphosphinin-6-yl)methyl]pent-4-enoic acid",pubchem,P-only,PUBLIC_UNVERIFIED,199,3.0,0.2583842608424694,10.0,31.230870542086087,694.7662541407477,75.0738076596375,0.6311130364329672,154.01690673828125,59.174736477272255,0.8305084745762712,198,3.0,0.2740631595306299,10.0,31.230870542086087,666.7764539504718,75.0738076596375,0.6311130364329672,154.01690673828125,59.174736477272255,0.8305084745762712,-1,1,198.5,199,False,False,False
PUBCHEM_122234885,"4-[[4-[4-[[(4-Hydroxy-3-methoxyphenyl)-(6-oxobenzo[c][2,1]benzoxaphosphinin-6-yl)methyl]amino]phenoxy]anilino]-(6-oxobenzo[c][2,1]benzoxaphosphinin-6-yl)methyl]-2-methoxyphenol",pubchem,P-N,PUBLIC_UNVERIFIED,78,1.0,0.4929965653299786,10.0,33.56595693785762,657.4021212282933,74.32381184145426,0.7022112689530955,160.50198364257812,65.30400451579284,0.7093023255813954,79,1.0,0.4937319726605157,10.0,33.56595693785762,666.5896848760885,74.32381184145426,0.7022112689530955,160.50198364257812,65.30400451579284,0.7093023255813954,1,1,78.5,79,True,False,False
PUBCHEM_122629504,"4-(2-Hydroxyethoxy)-4-oxo-2-[(6-oxobenzo[c][2,1]benzoxaphosphinin-6-yl)methyl]butanoic acid",pubchem,P-only,PUBLIC_UNVERIFIED,197,3.0,0.2644875124654905,10.0,31.59813991629705,673.8352051433367,75.71229066543799,0.6227318672740955,153.95916748046875,60.70535391347956,0.7,171,2.0,0.2790492814290065,10.0,31.59813991629705,649.9095127930084,75.71229066543799,0.6227318672740955,153.95916748046875,60.70535391347956,0.7,-26,26,184.0,197,False,False,False
PUBCHEM_123394252,"1-Ethyl-3-(2-methylbutyl)-5-[3-(6-oxobenzo[c][2,1]benzoxaphosphinin-6-yl)propyl]-1,3,5-triazinane-2,4,6-trione",pubchem,P-N,PUBLIC_UNVERIFIED,76,1.0,0.4959135669451856,10.0,34.795845427478106,806.214315873346,66.88744804676479,0.6575367582227232,153.3048095703125,79.3369804138644,0.7066666666666667,75,1.0,0.5018474957155972,10.0,34.795845427478106,792.8479144472799,66.88744804676479,0.6575367582227232,153.3048095703125,79.3369804138644,0.7066666666666667,-1,1,75.5,76,True,False,False
PUBCHEM_134285498,"[4-(4-Aminobenzoyl)oxy-3-(6-oxobenzo[c][2,1]benzoxaphosphinin-6-yl)phenyl] 4-methylbenzoate",pubchem,P-N,PUBLIC_UNVERIFIED,156,2.0,0.3885619898633818,10.0,33.76438119755619,698.763983931178,74.3375651761723,0.6518145599136475,161.75181579589844,61.851532267459696,0.7303370786516854,156,2.0,0.3920551436979356,10.0,33.76438119755619,698.6491231687345,74.3375651761723,0.6518145599136475,161.75181579589844,61.851532267459696,0.7303370786516854,0,0,156.0,156,False,False,False
PUBCHEM_141501646,"(4-Aminophenyl)-(6-oxobenzo[c][2,1]benzoxaphosphinin-6-yl)methanol",pubchem,P-N,PUBLIC_UNVERIFIED,92,1.0,0.4521723722223849,10.0,34.82321338574228,647.3054236252444,74.94101504254225,0.6792514073905545,150.9644012451172,63.62715688273412,0.7540983606557377,90,1.0,0.468378084610431,10.0,34.82321338574228,621.4603089868948,74.94101504254225,0.6792514073905545,150.9644012451172,63.62715688273412,0.7540983606557377,-2,2,91.0,92,True,False,False
PUBCHEM_144333584,"2-[(6-Oxobenzo[c][2,1]benzoxaphosphinin-6-yl)methyl]hexanedioic acid",pubchem,P-only,PUBLIC_UNVERIFIED,169,2.0,0.2894110850183459,10.0,31.59813991629705,685.9666539750089,75.36341506200459,0.6393728010042182,154.1070556640625,60.70535391347956,0.7014925373134329,168,2.0,0.3053597425977369,10.0,31.59813991629705,657.976853784733,75.36341506200459,0.6393728010042182,154.1070556640625,60.70535391347956,0.7014925373134329,-1,1,168.5,169,False,False,False
PUBCHEM_146838766,"1-[2-Hydroxy-3-(6-oxobenzo[c][2,1]benzoxaphosphinin-6-yl)propyl]-3,5-dimethyl-1,3,5-triazinane-2,4,6-trione",pubchem,P-N,PUBLIC_UNVERIFIED,155,2.0,0.4035071142152684,10.0,34.183060763433744,644.802306294238,76.39423338182658,0.6570150337931246,156.04098510742188,63.43826544832245,0.8181818181818182,155,2.0,0.4079293070340722,10.0,34.183060763433744,646.3631968250683,76.39423338182658,0.6570150337931246,156.04098510742188,63.43826544832245,0.8181818181818182,0,0,155.0,155,False,False,False
PUBCHEM_14686904,"(6-Oxobenzo[c][2,1]benzoxaphosphinin-6-yl)-phenylmethanol",pubchem,P-only,PUBLIC_UNVERIFIED,190,3.0,0.2950197248331901,10.0,32.695650644939306,717.3113526371556,74.73369561933706,0.6413187739337619,153.86196899414062,57.23637383167853,0.7457627118644068,164,2.0,0.3124137458632904,10.0,32.695650644939306,683.7613015342681,74.73369561933706,0.6413187739337619,153.86196899414062,57.23637383167853,0.7457627118644068,-26,26,177.0,190,False,False,False
PUBCHEM_14686909,"(4-Methylphenyl)-(6-oxobenzo[c][2,1]benzoxaphosphinin-6-yl)methanol",pubchem,P-only,PUBLIC_UNVERIFIED,165,2.0,0.3134303179351843,10.0,32.86024139054961,663.4491205404408,75.0738076596375,0.6384094125685048,154.07461547851562,54.95229827933154,0.7540983606557377,162,2.0,0.3292120386568424,10.0,32.86024139054961,637.440159229608,75.0738076596375,0.6384094125685048,154.07461547851562,54.95229827933154,0.7540983606557377,-3,3,163.5,165,False,False,False
PUBCHEM_14686912,"(4-Methoxyphenyl)-(6-oxobenzo[c][2,1]benzoxaphosphinin-6-yl)methanol",pubchem,P-only,PUBLIC_UNVERIFIED,193,3.0,0.284590734841062,10.0,32.68579473933297,679.30003245087,75.36341506200459,0.6282326546908812,154.09158325195312,57.23637383167853,0.71875,169,2.0,0.30184656048614,10.0,32.68579473933297,648.761950524112,75.36341506200459,0.6282326546908812,154.09158325195312,57.23637383167853,0.71875,-24,24,181.0,193,False,False,False
PUBCHEM_14686915,"(4-Chlorophenyl)-(6-oxobenzo[c][2,1]benzoxaphosphinin-6-yl)methanol",pubchem,P-only,PUBLIC_UNVERIFIED,191,3.0,0.2901861839855295,10.0,32.68579473933297,677.4037083874143,75.36341506200459,0.6313721006236102,154.03514099121094,57.23637383167853,0.7540983606557377,194,3.0,0.3075001429852073,10.0,32.68579473933297,646.8656264606562,75.36341506200459,0.6313721006236102,154.03514099121094,57.23637383167853,0.7540983606557377,3,3,192.5,194,False,False,False
PUBCHEM_14686918,"(4-Nitrophenyl)-(6-oxobenzo[c][2,1]benzoxaphosphinin-6-yl)methanol",pubchem,P-N,PUBLIC_UNVERIFIED,145,2.0,0.4488717250842501,10.0,35.26039018927491,654.5829691176901,75.04397274259024,0.674730142520463,150.678466796875,63.45313958796763,0.7076923076923077,142,2.0,0.464886015401455,10.0,35.26039018927491,628.664657065391,75.04397274259024,0.674730142520463,150.678466796875,63.45313958796763,0.7076923076923077,-3,3,143.5,145,False,False,False
PUBCHEM_14686920,"4-[Hydroxy-(6-oxobenzo[c][2,1]benzoxaphosphinin-6-yl)methyl]benzonitrile",pubchem,P-N,PUBLIC_UNVERIFIED,94,1.0,0.4416144268843885,10.0,34.82321338574228,677.8651346141737,74.94101504254225,0.6817171701554273,151.4716796875,62.929758979420406,0.71875,92,1.0,0.4564794023124225,10.0,34.82321338574228,652.9533389284237,74.94101504254225,0.6817171701554273,151.4716796875,62.929758979420406,0.71875,-2,2,93.0,94,True,False,False
PUBCHEM_155282658,"4-Oxo-2-[(6-oxobenzo[c][2,1]benzoxaphosphinin-6-yl)methyl]butanoic acid",pubchem,P-only,PUBLIC_UNVERIFIED,198,3.0,0.2588892004391298,10.0,31.239892044550807,722.1210615193361,75.0738076596375,0.6415048371173324,154.10028076171875,57.64275142981446,0.71875,172,2.0,0.275032978569002,10.0,31.239892044550807,691.1192921529308,75.0738076596375,0.6415048371173324,154.10028076171875,57.64275142981446,0.71875,-26,26,185.0,198,False,False,False
PUBCHEM_155790270,"1-(4-Tert-butylphenoxy)-3-(6-oxobenzo[c][2,1]benzoxaphosphinin-6-yl)propan-2-ol",pubchem,P-only,PUBLIC_UNVERIFIED,212,4.0,0.2207690271717913,10.0,31.04128888518356,732.0031203867347,75.98200309076496,0.6221012926846868,156.00222778320312,58.78084628923893,0.7159090909090909,212,4.0,0.2246911618933014,10.0,31.04128888518356,728.5424103648243,75.98200309076496,0.6221012926846868,156.00222778320312,58.78084628923893,0.7159090909090909,0,0,212.0,212,False,False,False
PUBCHEM_158341820,"4-[(4-Methylphenyl)-(6-oxobenzo[c][2,1]benzoxaphosphinin-6-yl)methyl]phenol",pubchem,P-only,PUBLIC_UNVERIFIED,192,3.0,0.2852297590428913,10.0,31.68729194256694,729.5633500557553,75.62334703292902,0.6554984106356234,154.58859252929688,55.20151655680609,0.8666666666666667,195,3.0,0.2947403159898478,10.0,31.68729194256694,713.3620580265645,75.62334703292902,0.6554984106356234,154.58859252929688,55.20151655680609,0.8666666666666667,3,3,193.5,195,False,False,False
PUBCHEM_163197083,"6-(Bis(4-(2-hydroxyethoxy)-3-methoxyphenyl)methyl)dibenzo[c,e][1,2]oxaphosphinine-6-oxide",pubchem,P-only,PUBLIC_UNVERIFIED,164,2.0,0.3141836933725542,10.0,32.05885147136714,649.5593587043979,76.53321514384561,0.6315559096283778,157.6475067138672,62.9607066005039,0.7142857142857143,163,2.0,0.3175307910906534,10.0,32.05885147136714,653.2675394144234,76.53321514384561,0.6315559096283778,157.6475067138672,62.9607066005039,0.7142857142857143,-1,1,163.5,164,False,False,False
PUBCHEM_163498952,"4-Iodooxy-4-oxo-3-[(6-oxobenzo[c][2,1]benzoxaphosphinin-6-yl)methyl]butanoic acid",pubchem,P-only,PUBLIC_UNVERIFIED,171,2.0,0.267512828247217,10.0,31.22934146745308,690.7354011355857,76.24378845992624,0.6355074116486844,157.0205535888672,59.52083124706376,0.7272727272727273,173,2.0,0.2720328422510021,10.0,31.22934146745308,688.8164564836082,76.24378845992624,0.6355074116486844,157.0205535888672,59.52083124706376,0.7272727272727273,2,2,172.0,173,False,False,False
PUBCHEM_163749195,"Trimethyl-[2-(6-oxobenzo[c][2,1]benzoxaphosphinin-6-yl)ethyl]silane",pubchem,P-Si,PUBLIC_UNVERIFIED,207,4.0,0.4039969778397086,10.0,32.85184297932859,835.190952549332,64.3696317364813,0.6443109983826005,148.72703552246094,71.30741802380957,0.7368421052631579,206,4.0,0.4236605824770635,10.0,32.85184297932859,788.0461544931608,64.3696317364813,0.6443109983826005,148.72703552246094,71.30741802380957,0.7368421052631579,-1,1,206.5,207,False,False,False
PUBCHEM_163940695,"4-[(4-Methoxyphenyl)-(6-oxobenzo[c][2,1]benzoxaphosphinin-6-yl)methyl]phenol",pubchem,P-only,PUBLIC_UNVERIFIED,195,3.0,0.2761489545929104,10.0,31.45637211319894,714.273647190998,76.24378845992624,0.6511787962007249,155.3299560546875,57.48559210915308,0.8253968253968254,197,3.0,0.2795114402109923,10.0,31.45637211319894,713.3620580265645,76.24378845992624,0.6511787962007249,155.3299560546875,57.48559210915308,0.8253968253968254,2,2,196.0,197,False,False,False
PUBCHEM_166696251,"4-Hydroperoxy-4-oxo-3-[(6-oxobenzo[c][2,1]benzoxaphosphinin-6-yl)methyl]butanoic acid",pubchem,P-only,PUBLIC_UNVERIFIED,167,2.0,0.2953610900543503,10.0,31.958567629213302,685.5329112044795,75.36341506200459,0.6380862015110248,158.32041931152344,58.50099494750226,0.7384615384615385,166,2.0,0.3104265847554215,10.0,31.958567629213302,659.6145991521804,75.36341506200459,0.6380862015110248,158.32041931152344,58.50099494750226,0.7384615384615385,-1,1,166.5,167,False,False,False
PUBCHEM_22966633,"4-[(4-Aminophenyl)-(6-oxobenzo[c][2,1]benzoxaphosphinin-6-yl)methyl]aniline",pubchem,P-N,PUBLIC_UNVERIFIED,162,2.0,0.3338149405662606,6.0,32.75826709419196,746.9936432228727,77.08792948593239,0.6570602049841996,156.63577270507812,64.74426023660867,0.7333333333333333,160,2.0,0.343116023752851,6.0,32.75826709419196,730.0416691461727,77.08792948593239,0.6570602049841996,156.63577270507812,64.74426023660867,0.7333333333333333,-2,2,161.0,162,False,False,False
PUBCHEM_23578053,"6-(3-Phenyl-2,4-dihydro-1,3-benzoxazin-4-yl)benzo[c][2,1]benzoxaphosphinine 6-oxide",pubchem,P-N,PUBLIC_UNVERIFIED,203,3.0,0.1942830414648042,3.42,31.679307551062976,1062.2083787641468,69.67351182054647,0.5520963177065858,156.45069885253906,76.49616319926282,0.7948717948717948,202,3.0,0.1942830414648042,3.42,31.679307551062976,1042.3389421206666,69.67351182054647,0.5520963177065858,156.45069885253906,76.49616319926282,0.7948717948717948,-1,1,202.5,203,False,False,False
PUBCHEM_23578054,"2-[Anilino-(6-oxobenzo[c][2,1]benzoxaphosphinin-6-yl)methyl]phenol",pubchem,P-N,PUBLIC_UNVERIFIED,194,3.0,0.2832120770070181,6.0,32.21029344685582,794.7794240725215,80.13488553000609,0.6590707071923017,158.6689910888672,64.22649174613163,0.7631578947368421,186,3.0,0.3963747123632299,10.0,33.345038115723284,750.9119252362962,76.57307772816205,0.6909034220047001,154.563720703125,63.80333360208998,0.7631578947368421,-8,8,190.0,194,False,False,False
PUBCHEM_57582522,"6-Benzhydrylbenzo[c][2,1]benzoxaphosphinine 6-oxide",pubchem,P-only,PUBLIC_UNVERIFIED,209,4.0,0.3821534877829544,10.0,31.8601920614714,794.3496216630888,65.57715460622323,0.6483839822992659,150.80441284179688,68.77424717303293,0.7241379310344828,208,4.0,0.4023882262943103,10.0,31.8601920614714,748.7781863745769,65.57715460622323,0.6483839822992659,150.80441284179688,68.77424717303293,0.7241379310344828,-1,1,208.5,209,False,False,False
PUBCHEM_57763048,"2-[[4-[[4-[[(2-Hydroxyphenyl)-(6-oxobenzo[c][2,1]benzoxaphosphinin-6-yl)methyl]amino]phenyl]methyl]anilino]-(6-oxobenzo[c][2,1]benzoxaphosphinin-6-yl)methyl]phenol",pubchem,P-N,PUBLIC_UNVERIFIED,98,1.0,0.431267820313622,10.0,34.31674743491046,693.3297312905192,74.32381184145426,0.6626482869760586,159.48182678222656,64.9601348057674,0.7375,97,1.0,0.4347790392242735,10.0,34.31674743491046,693.558076817737,74.32381184145426,0.6626482869760586,159.48182678222656,64.9601348057674,0.7375,-1,1,97.5,98,True,False,False
PUBCHEM_57831606,"2-[(4-Methylanilino)-(6-oxobenzo[c][2,1]benzoxaphosphinin-6-yl)methyl]phenol",pubchem,P-N,PUBLIC_UNVERIFIED,157,2.0,0.3881178492726773,10.0,33.62476926699977,720.7748122908412,77.47797963668003,0.6869469646175174,155.2036590576172,61.519258049743,0.7662337662337663,187,3.0,0.3912810363935536,10.0,33.62476926699977,719.8632231264077,77.47797963668003,0.6869469646175174,155.2036590576172,61.519258049743,0.7662337662337663,30,30,172.0,187,False,False,False
PUBCHEM_57831609,"6-[3-(4-Methylphenyl)-2,4-dihydro-1,3-benzoxazin-4-yl]benzo[c][2,1]benzoxaphosphinine 6-oxide",pubchem,P-N,PUBLIC_UNVERIFIED,213,4.0,0.1781770323475537,3.42,31.602424160404357,1033.6817809489598,69.67351182054647,0.552483045989821,156.25564575195312,73.94114252803587,0.8,213,4.0,0.1781770323475537,3.42,31.602424160404357,1017.2921794882892,69.67351182054647,0.552483045989821,156.25564575195312,73.94114252803587,0.8,0,0,213.0,213,False,False,False
PUBCHEM_57954013,"[4-[4-(6-Oxobenzo[c][2,1]benzoxaphosphinin-6-yl)-2,4-dihydro-1,3-benzoxazin-3-yl]phenyl] acetate",pubchem,P-N,PUBLIC_UNVERIFIED,172,2.0,0.2260990491876082,3.42,32.49849732238021,996.7419069308568,69.67351182054647,0.5650828870121218,156.9662628173828,76.37970010018378,0.7558139534883721,174,2.0,0.2260990491876082,3.42,32.49849732238021,978.9439584253544,69.67351182054647,0.5650828870121218,156.9662628173828,76.37970010018378,0.7558139534883721,2,2,173.0,174,False,False,False
PUBCHEM_58489283,"4-Oxo-3-[(6-oxobenzo[c][2,1]benzoxaphosphinin-6-yl)methyl]pentanoic acid",pubchem,P-only,PUBLIC_UNVERIFIED,200,3.0,0.256573674030675,10.0,31.379942164642245,713.2722927437901,75.0738076596375,0.6360428500368155,154.01690673828125,57.23637383167853,0.7868852459016393,199,3.0,0.2716852550725107,10.0,31.379942164642245,685.2824925535142,75.0738076596375,0.6360428500368155,154.01690673828125,57.23637383167853,0.7868852459016393,-1,1,199.5,200,False,False,False
PUBCHEM_58526060,"4-Oxo-2-[(6-oxobenzo[c][2,1]benzoxaphosphinin-6-yl)methyl]pentanoic acid",pubchem,P-only,PUBLIC_UNVERIFIED,168,2.0,0.2940580985866233,10.0,32.325367026416735,656.9417032828223,75.0738076596375,0.631162343114833,153.96913146972656,58.47624143230316,0.8032786885245902,165,2.0,0.3108965396072247,10.0,32.325367026416735,628.9519030925464,75.0738076596375,0.631162343114833,153.96913146972656,58.47624143230316,0.8032786885245902,-3,3,166.5,168,False,False,False
PUBCHEM_58818767,"2-[(6-Oxobenzo[c][2,1]benzoxaphosphinin-6-yl)methyl]pentanedioic acid",pubchem,P-only,PUBLIC_UNVERIFIED,170,2.0,0.2716614781260412,10.0,31.433368461696578,687.8946201091522,75.36341506200459,0.6331804129133689,154.1151580810547,60.07121321081171,0.734375,170,2.0,0.2875510323374518,10.0,31.433368461696578,659.9048199188763,75.36341506200459,0.6331804129133689,154.1151580810547,60.07121321081171,0.734375,0,0,170.0,170,False,False,False
PUBCHEM_58818771,"4-Methoxy-4-oxo-3-[(6-oxobenzo[c][2,1]benzoxaphosphinin-6-yl)methyl]butanoic acid",pubchem,P-only,PUBLIC_UNVERIFIED,196,3.0,0.2698085508257,10.0,31.44533156058285,687.8946201091522,75.36341506200459,0.6377154895129206,154.48687744140625,57.75975444022575,0.7272727272727273,196,3.0,0.2848016454218193,10.0,31.44533156058285,661.9763080568531,75.36341506200459,0.6377154895129206,154.48687744140625,57.75975444022575,0.7272727272727273,0,0,196.0,196,False,False,False
PUBCHEM_67680094,"2-[(4-Hydroxyanilino)-(6-oxobenzo[c][2,1]benzoxaphosphinin-6-yl)methyl]phenol",pubchem,P-N,PUBLIC_UNVERIFIED,184,3.0,0.3854030427610577,10.0,33.46098189649072,754.0446125378656,77.47797963668003,0.6870088099445839,155.00860595703125,64.23840119944958,0.7763157894736842,188,3.0,0.3891815081688987,10.0,33.46098189649072,749.3545164738056,77.47797963668003,0.6870088099445839,155.00860595703125,64.23840119944958,0.7763157894736842,4,4,186.0,188,False,False,False
PUBCHEM_67680096,"4-[(4-Methylanilino)-(6-oxobenzo[c][2,1]benzoxaphosphinin-6-yl)methyl]phenol",pubchem,P-N,PUBLIC_UNVERIFIED,163,2.0,0.3232337068731354,6.0,32.36574355762629,730.4914186651752,80.41934601152686,0.6801533756346984,154.97244262695312,62.15158129281328,0.7763157894736842,190,3.0,0.3837324349895559,10.0,33.63486542453921,716.2654216796226,77.47797963668003,0.6886614283184455,150.52685546875,61.68294364062695,0.7763157894736842,27,27,176.5,190,False,False,False
PUBCHEM_68009574,"1-[3-(6-Oxobenzo[c][2,1]benzoxaphosphinin-6-yl)propyl]-3,5-bis(prop-2-enyl)-1,3,5-triazinane-2,4,6-trione",pubchem,P-N,PUBLIC_UNVERIFIED,152,2.0,0.4052891964668254,10.0,34.21275435543503,693.1613099220904,76.39423338182658,0.6595526366124327,155.246337890625,66.87923469675322,0.8153846153846154,154,2.0,0.4088055784713393,10.0,34.21275435543503,693.3896554493081,76.39423338182658,0.6595526366124327,155.246337890625,66.87923469675322,0.8153846153846154,2,2,153.0,154,False,False,False
PUBCHEM_68009578,"1,3-Bis(2-methylbutyl)-5-[3-(6-oxobenzo[c][2,1]benzoxaphosphinin-6-yl)propyl]-1,3,5-triazinane-2,4,6-trione",pubchem,P-N,PUBLIC_UNVERIFIED,71,1.0,0.5136947778536474,10.0,34.31119842038762,771.1737597275027,65.5135930989459,0.657294908881145,154.52320861816406,79.5869496639473,0.7571428571428571,70,1.0,0.5207029033370878,10.0,34.31119842038762,757.8073583014366,65.5135930989459,0.657294908881145,154.52320861816406,79.5869496639473,0.7571428571428571,-1,1,70.5,71,True,False,False
PUBCHEM_68009580,"1-Butyl-3-(2-methylbutyl)-5-[3-(6-oxobenzo[c][2,1]benzoxaphosphinin-6-yl)propyl]-1,3,5-triazinane-2,4,6-trione",pubchem,P-N,PUBLIC_UNVERIFIED,67,1.0,0.5258739858097978,10.0,34.72575690979791,711.9482884062364,66.88744804676479,0.6546820537236406,152.68057250976562,77.49672531078421,0.7297297297297297,65,1.0,0.5342062401457245,10.0,34.72575690979791,699.7175620905035,66.88744804676479,0.6546820537236406,152.68057250976562,77.49672531078421,0.7297297297297297,-2,2,66.0,67,True,False,False
PUBCHEM_87066003,"6-[3-(6-Oxobenzo[c][2,1]benzoxaphosphinin-6-yl)propyl]benzo[c][2,1]benzoxaphosphinine 6-oxide",pubchem,P-only,PUBLIC_UNVERIFIED,180,3.0,0.4595415472850834,10.0,31.664289825853,667.2453296878576,55.7715348751646,0.6426075764864031,150.50634765625,71.25036930816879,0.7017543859649122,182,3.0,0.4721431786329915,10.0,31.664289825853,648.3158241184792,55.7715348751646,0.6426075764864031,150.50634765625,71.25036930816879,0.7017543859649122,2,2,181.0,182,False,False,False
PUBCHEM_89591181,DOPO-ethyltriethoxysilane (DOPO-ETES),pubchem,P-Si,PUBLIC_UNVERIFIED,206,4.0,0.419043654220778,10.0,33.000551405869984,796.0329427559236,65.9176462766803,0.6399988319460189,147.8563995361328,74.22482094012133,0.7540983606557377,205,4.0,0.4325352415833891,10.0,33.000551405869984,765.9239568474268,65.9176462766803,0.6399988319460189,147.8563995361328,74.22482094012133,0.7540983606557377,-1,1,205.5,206,False,False,False
PUBCHEM_90377172,"4-[(4-Hydroxyanilino)-(6-oxobenzo[c][2,1]benzoxaphosphinin-6-yl)methyl]phenol",pubchem,P-N,PUBLIC_UNVERIFIED,186,3.0,0.3771205846092648,10.0,33.60826409270338,750.4468110910806,77.47797963668003,0.6930738846085066,151.1603240966797,61.95432564710259,0.8428571428571429,210,4.0,0.3810093435430469,10.0,33.60826409270338,745.7567150270205,77.47797963668003,0.6930738846085066,151.1603240966797,61.95432564710259,0.8428571428571429,24,24,198.0,210,False,False,False
