task,model,k_best,Target_Bond_Subtype,n,MAE,MedAE
pc_pn,ExtraTrees_sqrt_local,1100,DOPO_P-N_sulfonamide_N,5,61.43230769230782,58.90769230769263
pc_pn,ExtraTrees_sqrt_local,1100,DOPO_P-N_aryl_amine_N,25,38.356246153845674,35.42384615384566
pc_pn,ExtraTrees_sqrt_local,1100,DOPO_P-N_alkyl_amine_N,20,30.92376923076937,32.96923076923059
pc_pn,ExtraTrees_sqrt_local,1100,DOPO_P-C_alicyclic_sp3,40,29.116413461538464,29.38846153846137
pc_pn,ExtraTrees_sqrt_local,1100,DOPO_P-C_aromatic,5,22.381230769230342,23.71769230769155
pc_pn,ExtraTrees_sqrt_local,1100,DOPO_P-C_aliphatic_sp3,1100,13.134307634032593,9.610576923076806
pc_pn,ExtraTrees_sqrt_local,1200,DOPO_P-N_sulfonamide_N,5,60.67700000000009,62.247692307692546
pc_pn,ExtraTrees_sqrt_local,1200,DOPO_P-N_aryl_amine_N,25,39.31232307692267,38.77807692307641
pc_pn,ExtraTrees_sqrt_local,1200,DOPO_P-N_alkyl_amine_N,20,31.570500000000134,30.7975000000001
pc_pn,ExtraTrees_sqrt_local,1200,DOPO_P-C_alicyclic_sp3,40,28.948471153846146,29.17826923076987
pc_pn,ExtraTrees_sqrt_local,1200,DOPO_P-C_aromatic,5,23.262230769230428,23.017692307691675
pc_pn,ExtraTrees_sqrt_local,1200,DOPO_P-C_aliphatic_sp3,1100,13.06385268065264,9.59557692307726
pc_pn,ExtraTrees_sqrt_local,1300,DOPO_P-N_sulfonamide_N,5,60.16923076923092,61.50230769230791
pc_pn,ExtraTrees_sqrt_local,1300,DOPO_P-N_aryl_amine_N,25,39.07446153846112,34.308076923075646
pc_pn,ExtraTrees_sqrt_local,1300,DOPO_P-N_alkyl_amine_N,20,30.73453846153862,32.09173076923071
pc_pn,ExtraTrees_sqrt_local,1300,DOPO_P-C_alicyclic_sp3,40,29.51645192307698,29.20750000000058
pc_pn,ExtraTrees_sqrt_local,1300,DOPO_P-C_aromatic,5,25.04876923076889,23.762692307692078
pc_pn,ExtraTrees_sqrt_local,1300,DOPO_P-C_aliphatic_sp3,1100,13.03118344988341,9.361923076922835
pc_pn,RF_sqrt_local,1100,DOPO_P-N_sulfonamide_N,5,60.21976923076918,60.79153846153821
pc_pn,RF_sqrt_local,1100,DOPO_P-N_aryl_amine_N,25,35.924953846153606,29.808076923076953
pc_pn,RF_sqrt_local,1100,DOPO_P-N_alkyl_amine_N,20,31.149307692307808,34.152307692307744
pc_pn,RF_sqrt_local,1100,DOPO_P-C_alicyclic_sp3,40,30.510451923076914,28.912307692307905
pc_pn,RF_sqrt_local,1100,DOPO_P-C_aromatic,5,25.278692307692175,25.669999999999845
pc_pn,RF_sqrt_local,1100,DOPO_P-C_aliphatic_sp3,1100,13.483702972027936,9.638653846153886
pc_pn,RF_sqrt_local,1200,DOPO_P-N_sulfonamide_N,5,60.21523076923071,60.06346153846181
pc_pn,RF_sqrt_local,1200,DOPO_P-N_aryl_amine_N,25,36.18912307692274,26.965769230768956
pc_pn,RF_sqrt_local,1200,DOPO_P-N_alkyl_amine_N,20,33.00655769230773,38.09442307692308
pc_pn,RF_sqrt_local,1200,DOPO_P-C_alicyclic_sp3,40,29.954788461538506,28.47538461538477
pc_pn,RF_sqrt_local,1200,DOPO_P-C_aromatic,5,22.962692307692112,22.373846153846046
pc_pn,RF_sqrt_local,1200,DOPO_P-C_aliphatic_sp3,1100,13.427611713286684,9.802115384615519
pc_pn,RF_sqrt_local,1300,DOPO_P-N_sulfonamide_N,5,61.38976923076926,64.0015384615387
pc_pn,RF_sqrt_local,1300,DOPO_P-N_aryl_amine_N,25,35.87889230769201,28.326538461538064
pc_pn,RF_sqrt_local,1300,DOPO_P-N_alkyl_amine_N,20,32.42805769230783,38.30557692307693
pc_pn,RF_sqrt_local,1300,DOPO_P-C_alicyclic_sp3,40,30.535942307692345,28.377500000000197
pc_pn,RF_sqrt_local,1300,DOPO_P-C_aromatic,5,23.65538461538449,23.253461538461067
pc_pn,RF_sqrt_local,1300,DOPO_P-C_aliphatic_sp3,1100,13.603885664335644,9.685576923076411
pc_pn,SoftVote_local,1100,DOPO_P-N_sulfonamide_N,5,59.13212144978062,58.79177249756589
pc_pn,SoftVote_local,1100,DOPO_P-N_aryl_amine_N,25,36.21816707835214,29.887015646192253
pc_pn,SoftVote_local,1100,DOPO_P-C_alicyclic_sp3,40,29.424380515506385,27.66089359863426
pc_pn,SoftVote_local,1100,DOPO_P-N_alkyl_amine_N,20,27.2538290371833,28.20625769403304
pc_pn,SoftVote_local,1100,DOPO_P-C_aromatic,5,26.13250090504033,26.172211987882633
pc_pn,SoftVote_local,1100,DOPO_P-C_aliphatic_sp3,1100,13.087854299524391,9.492424255599332
pc_pn,SoftVote_local,1200,DOPO_P-N_sulfonamide_N,5,59.5842610199698,61.231046255944875
pc_pn,SoftVote_local,1200,DOPO_P-N_aryl_amine_N,25,36.579574609376984,29.63077438231693
pc_pn,SoftVote_local,1200,DOPO_P-C_alicyclic_sp3,40,29.339010349036823,27.09868535577803
pc_pn,SoftVote_local,1200,DOPO_P-N_alkyl_amine_N,20,28.184136318598558,30.018979092225266
pc_pn,SoftVote_local,1200,DOPO_P-C_aromatic,5,25.429571106659978,24.432863046721707
pc_pn,SoftVote_local,1200,DOPO_P-C_aliphatic_sp3,1100,13.066120837462247,9.513624931071405
pc_pn,SoftVote_local,1300,DOPO_P-N_sulfonamide_N,5,59.00979675931457,62.379745668967814
pc_pn,SoftVote_local,1300,DOPO_P-N_aryl_amine_N,25,36.618423084217405,32.055136156486526
pc_pn,SoftVote_local,1300,DOPO_P-C_alicyclic_sp3,40,29.661935548404323,29.00328139930693
pc_pn,SoftVote_local,1300,DOPO_P-N_alkyl_amine_N,20,28.043835627450967,30.668944051794853
pc_pn,SoftVote_local,1300,DOPO_P-C_aromatic,5,26.280065573754097,25.356472642423853
pc_pn,SoftVote_local,1300,DOPO_P-C_aliphatic_sp3,1100,13.08844703903065,9.304261098737271
