feature,feature_group,mean_abs_shap_all_folds,mean_abs_shap_when_selected,mean_signed_shap_all_folds,mean_signed_shap_when_selected,selected_feature_frequency,top20_frequency,direction_consistency,positive_direction_fraction_when_selected,mean_rank_all_folds,folds_present,n_shap_folds,stability_level
EP_matrix_Tg,ep_baseline,4.656069427890889,4.656069427890889,-0.3794908014155623,-0.3794908014155623,1.0,1.0,0.8,0.2,1.0,5,5,High
Cure_Temp_Max,curing_and_preparation,2.3996202452770072,2.3996202452770072,-0.3021596495204191,-0.3021596495204191,1.0,1.0,0.6,0.4,2.6,5,5,Medium
CuringAgent_Has_S,molecular_descriptor,2.387447170239972,2.387447170239972,-0.2317359076127264,-0.2317359076127264,1.0,1.0,0.6,0.6,3.0,5,5,Medium
EP_matrix_Tg_sq,ep_baseline,1.4471615976116898,1.4471615976116898,-0.1343829217789623,-0.1343829217789623,1.0,1.0,0.8,0.2,5.2,5,5,High
curing_MolMR,molecular_descriptor,1.4069906061608388,1.4069906061608388,0.0916985368333385,0.0916985368333385,1.0,1.0,0.6,0.6,4.4,5,5,Medium
main_BalabanJ,other,0.8614595048742825,0.8614595048742825,0.0217382696685029,0.0217382696685029,1.0,1.0,0.6,0.4,8.0,5,5,Medium
P_x_curing_LogP,molecular_descriptor,0.7027519844896409,0.7027519844896409,-0.0353527400231576,-0.0353527400231576,1.0,0.8,0.6,0.4,14.4,5,5,Medium
EP_matrix_Tg_sqrt,ep_baseline,0.6456296970108822,0.6456296970108822,-0.0680859068936684,-0.0680859068936684,1.0,0.8,0.8,0.2,12.6,5,5,High
main_FractionCSP3,molecular_descriptor,0.6311951194558857,0.6311951194558857,-0.0879173329794833,-0.0879173329794833,1.0,0.8,0.6,0.4,15.4,5,5,Medium
P_loading_x_Synergy,formulation_loading,0.5139944056508522,0.5139944056508522,0.0448707188315893,0.0448707188315893,1.0,0.8,0.6,0.4,16.0,5,5,Medium
P_S_loading_sum,formulation_loading,0.4840359975038174,0.4840359975038174,0.0294964156144831,0.0294964156144831,1.0,0.8,0.6,0.6,15.6,5,5,Medium
Synergy_x_EP_matrix_Tg,formulation_interaction,0.437980504587922,0.437980504587922,0.0152108917144756,0.0152108917144756,1.0,0.6,0.6,0.6,17.8,5,5,Medium
P_N_loading_ratio,formulation_loading,0.4328088040100151,0.4328088040100151,0.0465382335337827,0.0465382335337827,1.0,1.0,0.6,0.4,16.2,5,5,Medium
curing_TPSA,molecular_descriptor,0.3899815435955377,0.3899815435955377,0.0265989112942679,0.0265989112942679,1.0,0.4,0.6,0.4,29.6,5,5,Low
P_x_curing_FractionCSP3,molecular_descriptor,0.3775707180714074,0.3775707180714074,-0.0550909543346323,-0.0550909543346323,1.0,0.6,0.8,0.2,30.0,5,5,Medium
curing_ExactMolWt,molecular_descriptor,0.3719998835181252,0.3719998835181252,-0.0445480755762115,-0.0445480755762115,1.0,0.4,0.6,0.6,28.4,5,5,Low
main_BertzCT,other,0.3660074088450105,0.4575092610562631,-0.0430735083344198,-0.0538418854180248,0.8,0.6,0.75,0.75,99.2,4,5,Medium
curing_MolWt,molecular_descriptor,0.3457721484752579,0.3457721484752579,0.1487008914439788,0.1487008914439788,1.0,0.4,0.6,0.6,36.2,5,5,Low
curing_morgan_r3_80,molecular_fingerprint,0.3135854055209999,0.3919817569012499,0.0470507706854324,0.0588134633567905,0.8,0.2,0.75,0.75,109.4,4,5,Low
P_S_loading_ratio,formulation_loading,0.3104545925001251,0.3104545925001251,-0.0280788212160694,-0.0280788212160694,1.0,0.6,0.8,0.2,22.0,5,5,Medium
main_morgan_r3_501,molecular_fingerprint,0.2899596866316494,0.2899596866316494,-0.0315081362034974,-0.0315081362034974,1.0,0.4,0.6,0.4,40.0,5,5,Low
curing_morgan_r3_295,molecular_fingerprint,0.287696894864362,0.4794948247739367,0.287696894864362,0.4794948247739367,0.6,0.6,1.0,1.0,179.6,3,5,Low
main_morgan_r3_208,molecular_fingerprint,0.2357337254542012,0.2357337254542012,-0.035227048337244,-0.035227048337244,1.0,0.2,0.6,0.4,34.6,5,5,Low
P_content_log,elemental_composition,0.231986404129641,0.231986404129641,-0.0188803142820615,-0.0188803142820615,1.0,0.2,0.6,0.4,27.0,5,5,Low
curing_Kappa3,molecular_descriptor,0.2315105532522968,0.289388191565371,0.1804073195231181,0.2255091494038976,0.8,0.2,0.75,0.75,118.2,4,5,Low
main_morgan_r3_131,molecular_fingerprint,0.2157611134168324,0.2697013917710406,-0.0064136181259894,-0.0080170226574867,0.8,0.2,0.75,0.25,107.8,4,5,Low
curing_NHOHCount,molecular_descriptor,0.1937299039332989,0.1937299039332989,-0.0098263983556966,-0.0098263983556966,1.0,0.4,0.5,0.5,79.2,5,5,Low
P_content wt%,elemental_composition,0.1921613026573412,0.1921613026573412,0.0072821529175156,0.0072821529175156,1.0,0.2,0.8,0.8,32.8,5,5,Low
main_morgan_r3_85,molecular_fingerprint,0.1876746699021594,0.2345933373776993,-0.0420303786305314,-0.0525379732881642,0.8,0.2,0.6666666666666666,0.6666666666666666,174.2,4,5,Low
main_morgan_r3_354,molecular_fingerprint,0.1874355976055376,0.1874355976055376,-0.0509810339879693,-0.0509810339879693,1.0,0.2,0.75,0.25,76.2,5,5,Low
Loading_x_Synergy,formulation_loading,0.1841977916990896,0.1841977916990896,-0.0031677789306669,-0.0031677789306669,1.0,0.2,0.6,0.6,33.6,5,5,Low
curing_morgan_r3_144,molecular_fingerprint,0.1832175236331445,0.1832175236331445,-0.050460743394262,-0.050460743394262,1.0,0.2,0.6,0.4,86.8,5,5,Low
curing_HBD,molecular_descriptor,0.1830809340974988,0.1830809340974988,0.0406945517181194,0.0406945517181194,1.0,0.2,0.75,0.25,73.6,5,5,Low
curing_morgan_r3_39,molecular_fingerprint,0.1819463496927292,0.3032439161545487,0.0113239035762186,0.0188731726270311,0.6,0.2,0.6666666666666666,0.6666666666666666,197.6,3,5,Low
P_Si_loading_ratio,formulation_loading,0.1779805177765757,0.1779805177765757,-0.0017617521687379,-0.0017617521687379,1.0,0.0,0.6,0.4,37.2,5,5,Low
Loading_total_FR wt%,formulation_loading,0.1643354640617446,0.1643354640617446,-0.0212241567024955,-0.0212241567024955,1.0,0.2,0.6,0.4,38.8,5,5,Low
main_morgan_r3_386,molecular_fingerprint,0.1612283948233611,0.1612283948233611,-0.05523649458636,-0.05523649458636,1.0,0.2,0.75,0.25,82.0,5,5,Low
P_N_loading_sum,formulation_loading,0.1532648584988545,0.1532648584988545,-0.0036588922320866,-0.0036588922320866,1.0,0.0,0.8,0.2,41.6,5,5,Low
P_x_curing_RotBonds,molecular_descriptor,0.1452850219626378,0.1452850219626378,0.0307255809196137,0.0307255809196137,1.0,0.0,0.6,0.6,40.4,5,5,Low
N/P ratio,elemental_composition,0.1426407226784064,0.1426407226784064,0.0210886659125926,0.0210886659125926,1.0,0.0,0.6,0.4,41.0,5,5,Low
curing_LabuteASA,molecular_descriptor,0.1426143931842072,0.1426143931842072,0.0587569660929105,0.0587569660929105,1.0,0.0,0.6,0.6,55.2,5,5,Low
main_morgan_r3_73,molecular_fingerprint,0.1287065971989132,0.6435329859945664,-0.0801440309777907,-0.4007201548889537,0.2,0.2,1.0,0.0,343.8,1,5,Low
curing_HeavyAtomCount,molecular_descriptor,0.1251390979210544,0.1251390979210544,0.0237838231543794,0.0237838231543794,1.0,0.0,0.5,0.5,70.6,5,5,Low
main_NHOHCount,other,0.1164683115757862,0.2911707789394657,-0.0436984233817056,-0.1092460584542641,0.4,0.2,1.0,0.0,265.2,2,5,Low
P_x_curing_MolWt,molecular_descriptor,0.1108504960635915,0.1108504960635915,-0.0007267426601788,-0.0007267426601788,1.0,0.0,0.6,0.6,50.6,5,5,Low
P_content_x_EP_matrix_Tg,formulation_interaction,0.1103284149445034,0.1379105186806292,0.031736360513022,0.0396704506412775,0.8,0.0,0.75,0.75,118.4,4,5,Low
P_x_curing_TPSA,molecular_descriptor,0.1102653335748991,0.1102653335748991,0.000404055840175,0.000404055840175,1.0,0.0,0.8,0.8,47.0,5,5,Low
P_x_curing_HBA,molecular_descriptor,0.0954058483102646,0.0954058483102646,0.0181864247104086,0.0181864247104086,1.0,0.0,0.8,0.8,52.0,5,5,Low
P_Si_loading_sum,formulation_loading,0.0943935627940503,0.0943935627940503,-0.0102997972929531,-0.0102997972929531,1.0,0.0,0.6,0.6,49.8,5,5,Low
main_morgan_r3_331,molecular_fingerprint,0.0911348420802282,0.0911348420802282,-0.0106575822473837,-0.0106575822473837,1.0,0.0,0.6,0.4,62.8,5,5,Low
P_x_curing_HBD,molecular_descriptor,0.0892089745910414,0.1115112182388018,0.0201947925156045,0.0252434906445057,0.8,0.0,1.0,1.0,131.6,4,5,Low
main_RingCount,molecular_descriptor,0.0887516416537289,0.1479194027562148,-0.0058389264839156,-0.0097315441398594,0.6,0.2,0.6666666666666666,0.6666666666666666,204.2,3,5,Low
curing_LogP,molecular_descriptor,0.0880991095063509,0.4404955475317546,0.0880991095063509,0.4404955475317546,0.2,0.2,1.0,1.0,344.6,1,5,Low
curing_RotBonds,molecular_descriptor,0.0831085471794293,0.0831085471794293,0.0717620191752298,0.0717620191752298,1.0,0.2,0.6,0.6,84.4,5,5,Low
Preparation_Method_DOPO-based (Additive + Secondary Crosslinking),curing_and_preparation,0.0820535761563935,0.1025669701954919,-0.0009254826108959,-0.0011568532636199,0.8,0.0,0.5,0.5,162.2,4,5,Low
main_morgan_r3_389,molecular_fingerprint,0.0782519397780049,0.0978149247225061,-0.0155966736787749,-0.0194958420984686,0.8,0.0,0.5,0.5,138.4,4,5,Low
main_LogP,molecular_descriptor,0.0779700262430881,0.1299500437384801,-0.0069345605512921,-0.0115576009188203,0.6,0.0,0.6666666666666666,0.3333333333333333,196.8,3,5,Low
curing_NumValenceElectrons,molecular_descriptor,0.0778337273518145,0.0778337273518145,0.0160008889924006,0.0160008889924006,1.0,0.0,0.5,0.5,122.2,5,5,Low
main_morgan_r3_295,molecular_fingerprint,0.0750315713513659,0.0750315713513659,-0.0099330170187126,-0.0099330170187126,1.0,0.0,0.6,0.6,77.0,5,5,Low
N_content wt%,elemental_composition,0.0747564234121757,0.1245940390202928,0.0129505953148551,0.0215843255247585,0.6,0.0,0.6666666666666666,0.6666666666666666,199.4,3,5,Low
P_x_curing_RingCount,molecular_descriptor,0.0714354167400446,0.0714354167400446,0.0104411696576544,0.0104411696576544,1.0,0.0,0.8,0.8,58.8,5,5,Low
curing_NOCount,molecular_descriptor,0.069814783587682,0.0872684794846025,0.0215159899680993,0.0268949874601242,0.8,0.0,1.0,1.0,155.6,4,5,Low
P_x_curing_HeavyAtomCount,molecular_descriptor,0.0685240228542434,0.0685240228542434,0.0007790415438371,0.0007790415438371,1.0,0.0,0.6,0.4,65.6,5,5,Low
curing_NumHeteroAtoms,molecular_descriptor,0.0681775670780183,0.1704439176950459,0.025703989943125,0.0642599748578127,0.4,0.2,0.5,0.5,278.4,2,5,Low
P_B_loading_ratio,formulation_loading,0.062945770754246,0.062945770754246,-0.0033914851801312,-0.0033914851801312,1.0,0.0,0.6,0.4,63.0,5,5,Low
CuringAgent_Has_N,molecular_descriptor,0.0616376321625042,0.0616376321625042,-0.0115322009937932,-0.0115322009937932,1.0,0.0,0.6,0.6,67.0,5,5,Low
curing_HBA,molecular_descriptor,0.0596516308198915,0.0596516308198915,0.0179126602798243,0.0179126602798243,1.0,0.0,0.6666666666666666,0.6666666666666666,122.4,5,5,Low
main_morgan_r3_346,molecular_fingerprint,0.0569360919779498,0.0569360919779498,-0.000702613418704,-0.000702613418704,1.0,0.0,0.5,0.5,97.8,5,5,Low
main_morgan_r3_218,molecular_fingerprint,0.0557455891320068,0.278727945660034,-0.0019679886832212,-0.0098399434161062,0.2,0.0,1.0,0.0,346.2,1,5,Low
main_morgan_r3_415,molecular_fingerprint,0.0547210922131608,0.091201820355268,-0.0059443585243576,-0.0099072642072627,0.6,0.0,0.6666666666666666,0.6666666666666666,208.8,3,5,Low
main_morgan_r3_401,molecular_fingerprint,0.054567583237503,0.090945972062505,0.0119715013488721,0.0199525022481203,0.6,0.0,0.6666666666666666,0.3333333333333333,220.6,3,5,Low
main_HBA,other,0.0513991429549693,0.2569957147748465,0.0083503050552931,0.0417515252764658,0.2,0.0,1.0,1.0,346.6,1,5,Low
curing_BertzCT,molecular_descriptor,0.051007220764334,0.051007220764334,0.0141602823529564,0.0141602823529564,1.0,0.0,0.6666666666666666,0.6666666666666666,112.4,5,5,Low
main_morgan_r3_67,molecular_fingerprint,0.0492756655530409,0.0615945819413011,0.0116270331585547,0.0145337914481933,0.8,0.0,0.75,0.75,173.6,4,5,Low
Preparation_Method_DOPO-based (additive),curing_and_preparation,0.0462225519504782,0.1155563798761957,0.0043568105764748,0.0108920264411871,0.4,0.0,0.5,0.5,273.2,2,5,Low
P_loading_real,formulation_loading,0.0459423521399504,0.0459423521399504,-0.0018079437750992,-0.0018079437750992,1.0,0.0,0.6,0.6,74.6,5,5,Low
curing_Kappa2,molecular_descriptor,0.0434051379541288,0.1085128448853222,0.0046374237131439,0.0115935592828598,0.4,0.0,1.0,1.0,277.8,2,5,Low
main_morgan_r3_199,molecular_fingerprint,0.042925752199768,0.10731438049942,-0.0147785021995185,-0.0369462554987964,0.4,0.0,1.0,0.0,301.2,2,5,Low
P_x_CuringAgent_Has_N,molecular_descriptor,0.0424273372826476,0.2121366864132384,0.0005664016497838,0.0028320082489194,0.2,0.0,1.0,1.0,346.4,1,5,Low
curing_BalabanJ,molecular_descriptor,0.0405423890798227,0.0506779863497784,0.0234238655314052,0.0292798319142565,0.8,0.0,1.0,1.0,163.2,4,5,Low
curing_FractionCSP3,molecular_descriptor,0.0388991012280824,0.0388991012280824,0.0086322157004744,0.0086322157004744,1.0,0.0,1.0,1.0,131.8,5,5,Low
curing_AromaticRings,molecular_descriptor,0.0386120769054697,0.0482650961318372,0.0150059567317539,0.0187574459146923,0.8,0.0,1.0,1.0,197.0,4,5,Low
main_morgan_r3_95,molecular_fingerprint,0.0379439240979029,0.0379439240979029,0.005696788278747,0.005696788278747,1.0,0.0,0.75,0.75,108.8,5,5,Low
main_morgan_r3_55,molecular_fingerprint,0.0374662804423666,0.0468328505529583,-0.0145819248470851,-0.0182274060588564,0.8,0.0,0.75,0.25,146.4,4,5,Low
main_morgan_r3_233,molecular_fingerprint,0.0371941623419471,0.0619902705699119,-0.0050480296115694,-0.0084133826859491,0.6,0.0,0.6666666666666666,0.3333333333333333,208.8,3,5,Low
main_morgan_r3_326,molecular_fingerprint,0.0361987102195492,0.0603311836992487,-0.0143218289045902,-0.0238697148409837,0.6,0.0,0.6666666666666666,0.3333333333333333,231.6,3,5,Low
main_morgan_r3_119,molecular_fingerprint,0.0357317571077081,0.0595529285128469,0.0210452767722308,0.0350754612870514,0.6,0.0,1.0,1.0,236.2,3,5,Low
main_morgan_r3_360,molecular_fingerprint,0.0350014159612183,0.0437517699515229,-0.0191512018571191,-0.0239390023213989,0.8,0.0,0.5,0.5,196.4,4,5,Low
P_content_sq,elemental_composition,0.0342944898988261,0.0342944898988261,0.0060321331950129,0.0060321331950129,1.0,0.0,0.8,0.8,88.2,5,5,Low
P_x_CuringAgent_Has_S,molecular_descriptor,0.033945711243003,0.0424321390537537,0.0220926292949351,0.0276157866186689,0.8,0.0,0.75,0.75,159.8,4,5,Low
main_morgan_r3_507,molecular_fingerprint,0.0338962774449275,0.0564937957415459,-0.0105565512156085,-0.0175942520260143,0.6,0.0,0.6666666666666666,0.3333333333333333,219.6,3,5,Low
main_morgan_r3_146,molecular_fingerprint,0.0336872727292895,0.0842181818232239,0.0110088111867382,0.0275220279668455,0.4,0.0,0.5,0.5,283.8,2,5,Low
S/P ratio,elemental_composition,0.0331715236055876,0.0414644045069845,-0.0186821257882661,-0.0233526572353326,0.8,0.0,0.75,0.25,167.6,4,5,Low
curing_morgan_r3_337,molecular_fingerprint,0.0326573355802867,0.0544288926338112,0.0093476555256326,0.0155794258760543,0.6,0.0,0.6666666666666666,0.6666666666666666,218.6,3,5,Low
curing_RingCount,molecular_descriptor,0.0316096608899706,0.0316096608899706,0.0316096608899706,0.0316096608899706,1.0,0.0,1.0,1.0,160.0,5,5,Low
Loading_total_FR_sq,formulation_loading,0.030038962192265,0.030038962192265,-0.0102695359476209,-0.0102695359476209,1.0,0.0,0.6,0.4,84.4,5,5,Low
main_morgan_r3_231,molecular_fingerprint,0.0283649042127761,0.1418245210638808,-0.0009894973043744,-0.0049474865218723,0.2,0.0,1.0,0.0,349.8,1,5,Low
Synergy_type_P-N-S,other,0.0283350474182756,0.0354188092728445,0.0205461644642294,0.0256827055802868,0.8,0.0,1.0,1.0,188.4,4,5,Low
main_Kappa2,other,0.0277992313742835,0.1389961568714177,0.0040379852764483,0.0201899263822418,0.2,0.0,1.0,1.0,350.2,1,5,Low
curing_Kappa1,molecular_descriptor,0.0273363163473679,0.0273363163473679,0.0015104929894527,0.0015104929894527,1.0,0.0,0.75,0.75,105.4,5,5,Low
main_morgan_r3_303,molecular_fingerprint,0.0267735079319962,0.0267735079319962,0.0267474144885545,0.0267474144885545,1.0,0.0,1.0,1.0,173.8,5,5,Low
main_morgan_r3_209,molecular_fingerprint,0.026152798711472,0.026152798711472,0.0033286774805197,0.0033286774805197,1.0,0.0,0.8,0.8,112.0,5,5,Low
main_morgan_r3_80,molecular_fingerprint,0.0261241616415567,0.0261241616415567,-0.0017607078317165,-0.0017607078317165,1.0,0.0,0.75,0.25,102.4,5,5,Low
main_AromaticRings,molecular_descriptor,0.0259345544958624,0.032418193119828,0.0034501312638277,0.0043126640797847,0.8,0.0,0.6666666666666666,0.6666666666666666,167.0,4,5,Low
main_AromaticHeterocycles,other,0.0254135409081958,0.0635338522704895,-0.0024409316898586,-0.0061023292246466,0.4,0.0,0.5,0.5,282.4,2,5,Low
main_morgan_r3_425,molecular_fingerprint,0.0250555316254181,0.0313194145317727,0.001138829950642,0.0014235374383025,0.8,0.0,1.0,1.0,197.6,4,5,Low
main_morgan_r3_406,molecular_fingerprint,0.0249774820761867,0.0416291367936445,0.0031695941091661,0.0052826568486102,0.6,0.0,0.6666666666666666,0.3333333333333333,236.4,3,5,Low
main_morgan_r3_363,molecular_fingerprint,0.0248001243865486,0.0310001554831857,0.0153037028724006,0.0191296285905008,0.8,0.0,0.75,0.75,158.6,4,5,Low
N_content_wt%_sq,elemental_composition,0.0246782530544118,0.0616956326360296,-0.0043103610625904,-0.0107759026564761,0.4,0.0,1.0,0.0,282.4,2,5,Low
main_morgan_r3_289,molecular_fingerprint,0.0246399781224317,0.1231998906121588,-0.0030171422710538,-0.0150857113552693,0.2,0.0,1.0,0.0,350.6,1,5,Low
main_morgan_r3_60,molecular_fingerprint,0.023191981486048,0.023191981486048,-0.0032100228782909,-0.0032100228782909,1.0,0.0,0.5,0.5,121.0,5,5,Low
main_morgan_r3_379,molecular_fingerprint,0.0226200200733211,0.1131001003666056,-0.007919853778349,-0.0395992688917451,0.2,0.0,1.0,0.0,350.8,1,5,Low
main_morgan_r3_92,molecular_fingerprint,0.0224846026622172,0.1124230133110864,-0.0224846026622172,-0.1124230133110864,0.2,0.0,1.0,0.0,351.0,1,5,Low
main_Kappa3,other,0.0221725510694048,0.1108627553470244,0.0009305073112649,0.0046525365563246,0.2,0.0,1.0,1.0,351.8,1,5,Low
main_morgan_r3_13,molecular_fingerprint,0.0220363738623758,0.0550909346559395,0.0175192290739052,0.0437980726847632,0.4,0.0,1.0,1.0,301.4,2,5,Low
main_morgan_r3_307,molecular_fingerprint,0.0219443844368549,0.0365739740614249,-0.0072712607414243,-0.0121187679023739,0.6,0.0,1.0,0.0,227.4,3,5,Low
main_morgan_r3_330,molecular_fingerprint,0.0208670220395024,0.026083777549378,-0.0037806411997578,-0.0047258014996973,0.8,0.0,0.75,0.25,159.8,4,5,Low
main_MolWt,molecular_descriptor,0.0208347119797577,0.1041735598987886,0.0003615886257504,0.0018079431287521,0.2,0.0,1.0,1.0,352.4,1,5,Low
main_morgan_r3_317,molecular_fingerprint,0.0207567056953881,0.0207567056953881,-0.0167997410790477,-0.0167997410790477,1.0,0.0,0.6666666666666666,0.3333333333333333,142.0,5,5,Low
main_morgan_r3_226,molecular_fingerprint,0.0202399903680197,0.0252999879600247,0.0197290320908478,0.0246612901135597,0.8,0.0,0.75,0.75,170.4,4,5,Low
Synergy_type_P-Si,other,0.0201724338966068,0.0252155423707585,0.0091407646918022,0.0114259558647528,0.8,0.0,0.75,0.75,183.2,4,5,Low
curing_morgan_r3_231,molecular_fingerprint,0.0192121041623392,0.0320201736038987,0.0192121041623392,0.0320201736038987,0.6,0.0,1.0,1.0,236.0,3,5,Low
P_x_curing_AromaticRings,molecular_descriptor,0.0188083867660413,0.0940419338302065,0.0040899954133977,0.0204499770669887,0.2,0.0,1.0,1.0,351.4,1,5,Low
main_morgan_r3_399,molecular_fingerprint,0.0188023498944078,0.0235029373680097,-0.0001654443987785,-0.0002068054984731,0.8,0.0,0.75,0.25,172.8,4,5,Low
Si_content wt%,elemental_composition,0.0187903623180835,0.0234879528976044,-0.0020191757862991,-0.0025239697328739,0.8,0.0,0.5,0.5,159.4,4,5,Low
main_morgan_r3_191,molecular_fingerprint,0.0187329225120257,0.0187329225120257,0.0008223019664453,0.0008223019664453,1.0,0.0,0.5,0.5,118.4,5,5,Low
main_morgan_r3_374,molecular_fingerprint,0.0183521080143686,0.0229401350179607,0.0047464732513315,0.0059330915641644,0.8,0.0,0.75,0.75,167.4,4,5,Low
main_morgan_r3_495,molecular_fingerprint,0.0181053807959553,0.0181053807959553,-0.001158538303201,-0.001158538303201,1.0,0.0,0.6666666666666666,0.6666666666666666,158.2,5,5,Low
Preparation_Method_DOPO-based (Co-curing),molecular_descriptor,0.0178589130818274,0.0297648551363791,-0.0033162342916087,-0.0055270571526812,0.6,0.0,0.6666666666666666,0.3333333333333333,219.0,3,5,Low
main_morgan_r3_305,molecular_fingerprint,0.0175720024313885,0.0292866707189809,0.0035816463744677,0.0059694106241129,0.6,0.0,0.5,0.5,246.6,3,5,Low
main_morgan_r3_328,molecular_fingerprint,0.0171443991677628,0.0857219958388143,0.0084985256186789,0.0424926280933949,0.2,0.0,1.0,1.0,351.6,1,5,Low
main_morgan_r3_227,molecular_fingerprint,0.0169922841569803,0.0169922841569803,0.0005700568991629,0.0005700568991629,1.0,0.0,0.75,0.75,134.6,5,5,Low
main_morgan_r3_243,molecular_fingerprint,0.016669797538771,0.0208372469234638,0.0008720907081453,0.0010901133851816,0.8,0.0,0.5,0.5,219.8,4,5,Low
S_loading_real,formulation_loading,0.0164277162030339,0.0821385810151696,-0.0065643816341956,-0.0328219081709782,0.2,0.0,1.0,0.0,353.4,1,5,Low
N_content_wt%_sqrt,elemental_composition,0.0163580804679389,0.0272634674465649,0.0055449959080379,0.0092416598467299,0.6,0.0,1.0,1.0,232.6,3,5,Low
S_content_wt%_sqrt,elemental_composition,0.0163514864014039,0.0204393580017548,0.004580803979891,0.0057260049748637,0.8,0.0,0.6666666666666666,0.6666666666666666,173.2,4,5,Low
main_morgan_r3_314,molecular_fingerprint,0.0157768446116016,0.0788842230580081,0.0090029706532788,0.0450148532663944,0.2,0.0,1.0,1.0,352.0,1,5,Low
P_B_loading_sum,formulation_loading,0.0157434510691641,0.0157434510691641,-8.671336107821566e-05,-8.671336107821566e-05,1.0,0.0,0.6666666666666666,0.6666666666666666,147.4,5,5,Low
main_morgan_r3_246,molecular_fingerprint,0.0152424859807015,0.0190531074758769,-0.0089775478944303,-0.0112219348680378,0.8,0.0,1.0,0.0,201.0,4,5,Low
curing_morgan_r3_477,molecular_fingerprint,0.0151715581047443,0.0189644476309304,0.0119548609478838,0.0149435761848548,0.8,0.0,0.6666666666666666,0.6666666666666666,204.6,4,5,Low
main_morgan_r3_183,molecular_fingerprint,0.0150273915455176,0.0250456525758627,0.0004041724528554,0.0006736207547591,0.6,0.0,0.5,0.5,243.4,3,5,Low
main_morgan_r3_164,molecular_fingerprint,0.0150216556670515,0.0751082783352575,0.0150216556670515,0.0751082783352575,0.2,0.0,1.0,1.0,351.6,1,5,Low
main_morgan_r3_120,molecular_fingerprint,0.0148798323075666,0.0743991615378332,-0.0148798323075666,-0.0743991615378332,0.2,0.0,1.0,0.0,351.8,1,5,Low
N/P_ratio_sq,elemental_composition,0.0148571639660106,0.0148571639660106,-0.0047074761904306,-0.0047074761904306,1.0,0.0,0.75,0.25,118.2,5,5,Low
Loading_total_FR_sqrt,formulation_loading,0.0147925294760875,0.0147925294760875,0.0018413825812253,0.0018413825812253,1.0,0.0,0.6,0.4,106.6,5,5,Low
main_morgan_r3_33,molecular_fingerprint,0.0146771419909499,0.0366928549773749,-0.0033973597702734,-0.0084933994256836,0.4,0.0,1.0,0.0,286.2,2,5,Low
main_morgan_r3_14,molecular_fingerprint,0.0145552972531446,0.0181941215664307,0.0006285660830412,0.0007857076038015,0.8,0.0,0.75,0.25,177.6,4,5,Low
main_morgan_r3_21,molecular_fingerprint,0.0136073681233953,0.0170092101542441,-0.0016445772610033,-0.0020557215762541,0.8,0.0,0.5,0.5,208.8,4,5,Low
main_morgan_r3_70,molecular_fingerprint,0.0133835808981158,0.0133835808981158,0.0022600632777903,0.0022600632777903,1.0,0.0,0.5,0.5,133.8,5,5,Low
main_morgan_r3_51,molecular_fingerprint,0.0133279238823042,0.0166599048528803,-4.4293743696201306e-05,-5.536717962025163e-05,0.8,0.0,0.6666666666666666,0.3333333333333333,208.2,4,5,Low
main_morgan_r3_423,molecular_fingerprint,0.0133094153303935,0.0166367691629919,-0.0002312970570993,-0.0002891213213741,0.8,0.0,0.6666666666666666,0.3333333333333333,195.8,4,5,Low
main_morgan_r3_341,molecular_fingerprint,0.0130712743064181,0.0653563715320908,0.0049992991547203,0.0249964957736018,0.2,0.0,1.0,1.0,352.8,1,5,Low
main_AromaticCarbocycles,other,0.0130263754549585,0.0162829693186982,-0.0010595006204743,-0.0013243757755929,0.8,0.0,1.0,0.0,185.8,4,5,Low
Synergy_type_P-N,other,0.0128603534502057,0.0643017672510285,0.0005594887186576,0.0027974435932884,0.2,0.0,1.0,1.0,352.8,1,5,Low
main_morgan_r3_432,molecular_fingerprint,0.0123160400227864,0.0123160400227864,0.0006976082867018,0.0006976082867018,1.0,0.0,0.6666666666666666,0.3333333333333333,164.6,5,5,Low
Preparation_Method_DOPO-based (reactive),curing_and_preparation,0.0122528382190597,0.0612641910952987,-0.0007934168671363,-0.0039670843356819,0.2,0.0,1.0,0.0,355.6,1,5,Low
main_morgan_r3_287,molecular_fingerprint,0.0121147658683772,0.0121147658683772,-0.0035889240307113,-0.0035889240307113,1.0,0.0,0.75,0.25,132.0,5,5,Low
P_loading_real_sqrt,formulation_loading,0.0119308246452352,0.0119308246452352,-0.0016416946231579,-0.0016416946231579,1.0,0.0,0.5,0.5,143.2,5,5,Low
Has_Si,elemental_composition,0.0116805815900509,0.0292014539751272,0.0080417069196524,0.0201042672991311,0.4,0.0,0.5,0.5,303.6,2,5,Low
main_morgan_r3_25,molecular_fingerprint,0.0108616484003486,0.0543082420017432,-0.0108616484003486,-0.0543082420017432,0.2,0.0,1.0,0.0,356.2,1,5,Low
main_morgan_r3_206,molecular_fingerprint,0.0107810534273066,0.0107810534273066,-0.0027775424862376,-0.0027775424862376,1.0,0.0,0.6666666666666666,0.6666666666666666,152.0,5,5,Low
curing_morgan_r3_336,molecular_fingerprint,0.0105079843330809,0.0175133072218015,-0.0017824440270325,-0.0029707400450543,0.6,0.0,0.5,0.5,269.0,3,5,Low
S_content wt%,elemental_composition,0.0104627174263716,0.0523135871318582,-0.0039587076499333,-0.0197935382496669,0.2,0.0,1.0,0.0,354.8,1,5,Low
main_morgan_r3_251,molecular_fingerprint,0.0101306049821694,0.0126632562277117,-0.0040863808071183,-0.0051079760088978,0.8,0.0,1.0,0.0,191.2,4,5,Low
main_morgan_r3_201,molecular_fingerprint,0.0099577052898314,0.0124471316122893,-0.0033044576351261,-0.0041305720439076,0.8,0.0,0.6666666666666666,0.3333333333333333,184.8,4,5,Low
main_morgan_r3_338,molecular_fingerprint,0.0098782914900641,0.0123478643625801,-0.0043024172152735,-0.0053780215190919,0.8,0.0,0.6666666666666666,0.3333333333333333,204.4,4,5,Low
main_morgan_r3_102,molecular_fingerprint,0.0097688017891163,0.0244220044727909,0.0017525746538325,0.0043814366345813,0.4,0.0,0.5,0.5,292.0,2,5,Low
main_morgan_r3_66,molecular_fingerprint,0.0096820261078472,0.0484101305392363,0.008406477234585,0.042032386172925,0.2,0.0,1.0,1.0,355.4,1,5,Low
P_loading_real_sq,formulation_loading,0.0094281178315566,0.0117851472894458,0.002692394507678,0.0033654931345976,0.8,0.0,0.75,0.75,176.0,4,5,Low
main_morgan_r3_322,molecular_fingerprint,0.0094277980282182,0.0117847475352728,-0.0009390518936022,-0.0011738148670028,0.8,0.0,0.6666666666666666,0.6666666666666666,198.0,4,5,Low
main_morgan_r3_168,molecular_fingerprint,0.0093054482381439,0.0093054482381439,-0.0030279892155376,-0.0030279892155376,1.0,0.0,0.75,0.25,138.4,5,5,Low
S_loading_real_sqrt,formulation_loading,0.0092612695194159,0.0231531737985399,0.0035760974206237,0.0089402435515593,0.4,0.0,0.5,0.5,297.2,2,5,Low
curing_morgan_r3_66,molecular_fingerprint,0.0089543550351841,0.0111929437939802,0.0082054481184179,0.0102568101480223,0.8,0.0,0.5,0.5,227.4,4,5,Low
curing_AliphaticRings,molecular_descriptor,0.008952612844313,0.008952612844313,0.0027944024013941,0.0027944024013941,1.0,0.0,1.0,1.0,142.8,5,5,Low
main_morgan_r3_162,molecular_fingerprint,0.0089212316624239,0.0223030791560598,0.0032435038234295,0.0081087595585739,0.4,0.0,1.0,1.0,296.8,2,5,Low
main_morgan_r3_128,molecular_fingerprint,0.00883166043438,0.0147194340573,-0.0031649045269872,-0.0052748408783121,0.6,0.0,1.0,0.0,239.8,3,5,Low
curing_morgan_r3_138,molecular_fingerprint,0.0088022531975336,0.0146704219958894,0.0021098152552213,0.0035163587587023,0.6,0.0,1.0,1.0,233.4,3,5,Low
main_morgan_r3_204,molecular_fingerprint,0.0085149173913631,0.0106436467392039,-0.0046157826413831,-0.0057697283017289,0.8,0.0,0.6666666666666666,0.3333333333333333,201.6,4,5,Low
main_morgan_r3_69,molecular_fingerprint,0.0084192263568337,0.0105240329460421,-0.0081731478726077,-0.0102164348407596,0.8,0.0,1.0,0.0,199.2,4,5,Low
main_morgan_r3_181,molecular_fingerprint,0.0083947695496436,0.0104934619370545,-0.0054173300616697,-0.0067716625770871,0.8,0.0,1.0,0.0,185.4,4,5,Low
main_Kappa1,other,0.0081356817219606,0.0406784086098034,0.0010713985142722,0.0053569925713613,0.2,0.0,1.0,1.0,358.0,1,5,Low
main_morgan_r3_18,molecular_fingerprint,0.0081212208642035,0.0081212208642035,-0.0004242806772397,-0.0004242806772397,1.0,0.0,0.6666666666666666,0.6666666666666666,153.2,5,5,Low
main_morgan_r3_79,molecular_fingerprint,0.0079125183800621,0.0131875306334368,0.0048430448479473,0.0080717414132456,0.6,0.0,0.5,0.5,247.8,3,5,Low
S/P_ratio_sq,elemental_composition,0.007793415940966,0.0097417699262075,-0.0040470512577513,-0.0050588140721892,0.8,0.0,0.6666666666666666,0.6666666666666666,211.8,4,5,Low
main_morgan_r3_290,molecular_fingerprint,0.0075909044931888,0.0075909044931888,0.0013739471354422,0.0013739471354422,1.0,0.0,0.6666666666666666,0.6666666666666666,161.6,5,5,Low
main_morgan_r3_81,molecular_fingerprint,0.0075793589708692,0.0075793589708692,0.0019785512769788,0.0019785512769788,1.0,0.0,0.6666666666666666,0.6666666666666666,144.2,5,5,Low
main_LabuteASA,other,0.0075739232971725,0.0378696164858626,0.0003757715938673,0.0018788579693365,0.2,0.0,1.0,1.0,358.6,1,5,Low
main_MolMR,other,0.0074444350738135,0.0372221753690677,-0.0012428357813542,-0.0062141789067714,0.2,0.0,1.0,0.0,358.8,1,5,Low
main_morgan_r3_167,molecular_fingerprint,0.0074214135557413,0.0185535338893532,0.0001818119328882,0.0004545298322207,0.4,0.0,1.0,1.0,295.0,2,5,Low
main_morgan_r3_308,molecular_fingerprint,0.0073541307949689,0.0091926634937111,-0.0005051305784899,-0.0006314132231124,0.8,0.0,0.6666666666666666,0.3333333333333333,204.8,4,5,Low
main_morgan_r3_20,molecular_fingerprint,0.0072923574226917,0.0072923574226917,0.0038102575915658,0.0038102575915658,1.0,0.0,0.6666666666666666,0.6666666666666666,159.6,5,5,Low
main_morgan_r3_145,molecular_fingerprint,0.0070552173623797,0.0352760868118989,-0.0025667457806757,-0.0128337289033785,0.2,0.0,1.0,0.0,359.4,1,5,Low
main_morgan_r3_1,molecular_fingerprint,0.007025142150606,0.0087814276882575,0.0003103162181424,0.000387895272678,0.8,0.0,0.6666666666666666,0.3333333333333333,195.4,4,5,Low
main_morgan_r3_186,molecular_fingerprint,0.0068396567515274,0.0113994279192123,-0.0027075994257077,-0.0045126657095129,0.6,0.0,1.0,0.0,251.2,3,5,Low
main_morgan_r3_357,molecular_fingerprint,0.006778890953162,0.0084736136914526,-0.0013925840724302,-0.0017407300905378,0.8,0.0,1.0,0.0,213.4,4,5,Low
Main_FR_fraction,formulation_loading,0.0066166848311032,0.008270856038879,-0.0003386748060346,-0.0004233435075433,0.8,0.0,0.6666666666666666,0.6666666666666666,219.4,4,5,Low
main_morgan_r3_265,molecular_fingerprint,0.0065758837878389,0.0065758837878389,-0.000274751395886,-0.000274751395886,1.0,0.0,0.5,0.5,150.2,5,5,Low
main_morgan_r3_22,molecular_fingerprint,0.0065192458668553,0.0065192458668553,-0.0002346088885129,-0.0002346088885129,1.0,0.0,0.6666666666666666,0.6666666666666666,142.4,5,5,Low
main_morgan_r3_185,molecular_fingerprint,0.0059235614805236,0.0059235614805236,-0.0018734677929012,-0.0018734677929012,1.0,0.0,0.5,0.5,161.4,5,5,Low
main_morgan_r3_27,molecular_fingerprint,0.005863301784089,0.0073291272301112,-0.0023958650819172,-0.0029948313523965,0.8,0.0,0.5,0.5,206.4,4,5,Low
main_morgan_r3_90,molecular_fingerprint,0.005755058235437,0.0143876455885927,0.0016992894329855,0.0042482235824637,0.4,0.0,1.0,1.0,295.8,2,5,Low
main_morgan_r3_139,molecular_fingerprint,0.0057258142065105,0.0071572677581382,0.0038459524373821,0.0048074405467276,0.8,0.0,0.6666666666666666,0.6666666666666666,195.4,4,5,Low
main_morgan_r3_61,molecular_fingerprint,0.0054691565603414,0.0068364457004268,0.0006306907863752,0.0007883634829691,0.8,0.0,0.5,0.5,197.0,4,5,Low
main_ExactMolWt,molecular_descriptor,0.005402847703623,0.0270142385181154,0.0004509400707554,0.0022547003537773,0.2,0.0,1.0,1.0,360.8,1,5,Low
main_morgan_r3_442,molecular_fingerprint,0.0053950339366349,0.0134875848415874,0.0001888934101335,0.0004722335253339,0.4,0.0,0.5,0.5,298.2,2,5,Low
N/P_ratio_sqrt,elemental_composition,0.0051561390807584,0.0051561390807584,-0.0013620841825454,-0.0013620841825454,1.0,0.0,1.0,0.0,157.0,5,5,Low
P_content_sqrt,elemental_composition,0.0051310681005643,0.0051310681005643,0.000537282804307,0.000537282804307,1.0,0.0,0.6666666666666666,0.6666666666666666,158.2,5,5,Low
main_morgan_r3_400,molecular_fingerprint,0.0051194407481493,0.0255972037407466,0.0035971677805193,0.0179858389025967,0.2,0.0,1.0,1.0,358.4,1,5,Low
main_morgan_r3_286,molecular_fingerprint,0.0051032086208137,0.0063790107760171,-0.0020306081955247,-0.0025382602444059,0.8,0.0,1.0,0.0,207.0,4,5,Low
main_morgan_r3_409,molecular_fingerprint,0.0050814053560779,0.0063517566950974,-0.002127724129879,-0.0026596551623488,0.8,0.0,0.5,0.5,200.8,4,5,Low
main_morgan_r3_118,molecular_fingerprint,0.0050543380919154,0.0126358452297885,0.0009536516923992,0.002384129230998,0.4,0.0,1.0,1.0,308.8,2,5,Low
main_morgan_r3_390,molecular_fingerprint,0.0048789156249291,0.0048789156249291,0.0010306487124148,0.0010306487124148,1.0,0.0,0.6666666666666666,0.6666666666666666,175.6,5,5,Low
main_morgan_r3_375,molecular_fingerprint,0.0046263467204278,0.0115658668010696,-0.0003207708372609,-0.0008019270931523,0.4,0.0,1.0,0.0,300.8,2,5,Low
main_morgan_r3_393,molecular_fingerprint,0.0043976521380439,0.0073294202300732,-0.0002659244217405,-0.0004432073695675,0.6,0.0,0.5,0.5,263.6,3,5,Low
main_morgan_r3_242,molecular_fingerprint,0.0043552274103793,0.0217761370518969,-0.0004898089836868,-0.0024490449184344,0.2,0.0,1.0,0.0,359.4,1,5,Low
main_morgan_r3_94,molecular_fingerprint,0.0042694682852102,0.0042694682852102,0.00217717080288,0.00217717080288,1.0,0.0,0.5,0.5,149.2,5,5,Low
main_morgan_r3_300,molecular_fingerprint,0.0041945689647217,0.0052432112059021,-0.0005597465959619,-0.0006996832449523,0.8,0.0,0.5,0.5,219.6,4,5,Low
main_morgan_r3_488,molecular_fingerprint,0.0041415472060993,0.0041415472060993,-0.0008213856840437,-0.0008213856840437,1.0,0.0,1.0,0.0,183.0,5,5,Low
main_morgan_r3_449,molecular_fingerprint,0.0040836934246019,0.0068061557076698,-0.0038159772403089,-0.0063599620671816,0.6,0.0,0.5,0.5,270.2,3,5,Low
main_morgan_r3_421,molecular_fingerprint,0.0040821837337549,0.0204109186687748,-0.002811007525927,-0.0140550376296353,0.2,0.0,1.0,0.0,363.4,1,5,Low
main_morgan_r3_371,molecular_fingerprint,0.0040718665156983,0.0050898331446229,-0.0012170655869046,-0.0015213319836308,0.8,0.0,0.6666666666666666,0.6666666666666666,213.8,4,5,Low
Si_loading_real,formulation_loading,0.0040702379493218,0.0050877974366523,-0.0006464233299597,-0.0008080291624497,0.8,0.0,0.5,0.5,196.0,4,5,Low
main_morgan_r3_117,molecular_fingerprint,0.0040672916753931,0.0050841145942413,0.0009731583851195,0.0012164479813994,0.8,0.0,0.75,0.75,190.8,4,5,Low
main_morgan_r3_460,molecular_fingerprint,0.0040287326791079,0.0050359158488848,-0.0027730498691267,-0.0034663123364084,0.8,0.0,1.0,0.0,235.6,4,5,Low
main_morgan_r3_268,molecular_fingerprint,0.003929808594502,0.0049122607431275,0.0018305397357153,0.0022881746696441,0.8,0.0,1.0,1.0,238.0,4,5,Low
main_morgan_r3_266,molecular_fingerprint,0.0039090836352018,0.0039090836352018,-0.0012504726181305,-0.0012504726181305,1.0,0.0,1.0,0.0,164.2,5,5,Low
main_morgan_r3_0,molecular_fingerprint,0.0037683543745892,0.0047104429682366,0.0008370017994069,0.0010462522492586,0.8,0.0,0.6666666666666666,0.3333333333333333,209.8,4,5,Low
main_morgan_r3_174,molecular_fingerprint,0.0037352924989019,0.0037352924989019,0.0015152579966967,0.0015152579966967,1.0,0.0,0.6,0.6,157.2,5,5,Low
main_morgan_r3_176,molecular_fingerprint,0.0037241852088934,0.0093104630222337,0.0011407010323471,0.0028517525808678,0.4,0.0,1.0,1.0,300.6,2,5,Low
main_morgan_r3_30,molecular_fingerprint,0.0036601491162415,0.0061002485270692,-0.0003835008363411,-0.0006391680605686,0.6,0.0,1.0,0.0,260.6,3,5,Low
main_morgan_r3_4,molecular_fingerprint,0.0035945702008213,0.0035945702008213,0.0034345773289463,0.0034345773289463,1.0,0.0,1.0,1.0,179.4,5,5,Low
main_morgan_r3_496,molecular_fingerprint,0.0035599266835402,0.0088998167088505,-0.0012256497249645,-0.0030641243124113,0.4,0.0,1.0,0.0,326.8,2,5,Low
main_morgan_r3_292,molecular_fingerprint,0.0035168208545073,0.0175841042725369,-0.0021210933018268,-0.0106054665091344,0.2,0.0,1.0,0.0,360.4,1,5,Low
main_morgan_r3_132,molecular_fingerprint,0.0034534841834877,0.0172674209174389,-0.0034534841834877,-0.0172674209174389,0.2,0.0,1.0,0.0,360.4,1,5,Low
main_morgan_r3_433,molecular_fingerprint,0.0031493610013276,0.0157468050066381,0.0015228257735984,0.0076141288679921,0.2,0.0,1.0,1.0,360.8,1,5,Low
main_morgan_r3_428,molecular_fingerprint,0.0031224549429284,0.0052040915715473,0.0002138132098027,0.0003563553496712,0.6,0.0,1.0,1.0,266.0,3,5,Low
main_morgan_r3_441,molecular_fingerprint,0.0030897931992593,0.0154489659962968,0.0012427080346064,0.0062135401730322,0.2,0.0,1.0,1.0,359.8,1,5,Low
curing_morgan_r3_214,molecular_fingerprint,0.0030710635207295,0.0030710635207295,-0.0008870185378063,-0.0008870185378063,1.0,0.0,1.0,0.0,190.0,5,5,Low
main_morgan_r3_473,molecular_fingerprint,0.0030547727295289,0.0050912878825481,0.0012668489864547,0.0021114149774246,0.6,0.0,0.6666666666666666,0.6666666666666666,256.8,3,5,Low
main_morgan_r3_163,molecular_fingerprint,0.0030024386608112,0.0150121933040564,0.0008879286531818,0.004439643265909,0.2,0.0,1.0,1.0,365.0,1,5,Low
main_morgan_r3_365,molecular_fingerprint,0.002958987345186,0.00493164557531,-0.0017941500181418,-0.0029902500302364,0.6,0.0,1.0,0.0,278.2,3,5,Low
CuringAgent_Has_P,molecular_descriptor,0.0029412533867138,0.0036765667333923,-0.0029412533867138,-0.0036765667333923,0.8,0.0,1.0,0.0,233.4,4,5,Low
curing_morgan_r3_147,molecular_fingerprint,0.0029292574453521,0.0036615718066901,-0.0025726375358946,-0.0032157969198683,0.8,0.0,1.0,0.0,217.8,4,5,Low
main_morgan_r3_502,molecular_fingerprint,0.002905194816076,0.0072629870401902,0.0015235229279432,0.003808807319858,0.4,0.0,1.0,1.0,302.4,2,5,Low
main_morgan_r3_493,molecular_fingerprint,0.0029018432972672,0.0029018432972672,-0.0019895824171943,-0.0019895824171943,1.0,0.0,1.0,0.0,186.8,5,5,Low
main_morgan_r3_244,molecular_fingerprint,0.0028692080554319,0.0047820134257199,0.0021093862711201,0.0035156437852003,0.6,0.0,1.0,1.0,284.2,3,5,Low
main_morgan_r3_293,molecular_fingerprint,0.0026739694095018,0.004456615682503,-0.0016391672566662,-0.002731945427777,0.6,0.0,0.5,0.5,268.8,3,5,Low
main_morgan_r3_385,molecular_fingerprint,0.0026626024548006,0.0026626024548006,-0.0002376100117781,-0.0002376100117781,1.0,0.0,0.6666666666666666,0.3333333333333333,191.2,5,5,Low
Synergy_type_P-only,other,0.0025498819194962,0.0031873523993703,-0.0004029488346552,-0.000503686043319,0.8,0.0,0.5,0.5,205.0,4,5,Low
main_morgan_r3_203,molecular_fingerprint,0.002501894782957,0.0031273684786962,-0.0007148449859814,-0.0008935562324768,0.8,0.0,1.0,0.0,215.8,4,5,Low
main_morgan_r3_434,molecular_fingerprint,0.0024743874654695,0.0123719373273477,-0.0018898601608061,-0.0094493008040309,0.2,0.0,1.0,0.0,366.8,1,5,Low
main_morgan_r3_32,molecular_fingerprint,0.0023766327666342,0.0029707909582928,0.0011069941468519,0.0013837426835649,0.8,0.0,0.5,0.5,203.2,4,5,Low
Si_loading_real_sqrt,formulation_loading,0.0021857799266726,0.0027322249083408,0.0005702647346678,0.0007128309183348,0.8,0.0,1.0,1.0,227.2,4,5,Low
main_morgan_r3_344,molecular_fingerprint,0.0021757570610066,0.0027196963262583,-0.001770246334458,-0.0022128079180725,0.8,0.0,1.0,0.0,240.8,4,5,Low
main_morgan_r3_130,molecular_fingerprint,0.0021224503955519,0.0026530629944399,0.000634006940695,0.0007925086758688,0.8,0.0,0.6666666666666666,0.3333333333333333,213.6,4,5,Low
main_HeavyAtomCount,other,0.002042737796056,0.0102136889802804,0.0004805750472483,0.0024028752362418,0.2,0.0,1.0,1.0,367.6,1,5,Low
main_morgan_r3_329,molecular_fingerprint,0.0020255591559624,0.0050638978899062,-0.0010446857206191,-0.0026117143015478,0.4,0.0,1.0,0.0,323.0,2,5,Low
main_morgan_r3_387,molecular_fingerprint,0.0019812564266224,0.0033020940443707,0.0014719422596196,0.002453237099366,0.6,0.0,1.0,1.0,285.2,3,5,Low
Si/P_ratio_sqrt,elemental_composition,0.0019376107701089,0.0048440269252724,-0.0006070439911704,-0.001517609977926,0.4,0.0,1.0,0.0,319.4,2,5,Low
main_morgan_r3_140,molecular_fingerprint,0.0018445478664254,0.009222739332127,-2.659063542658396e-05,-0.0001329531771329,0.2,0.0,1.0,0.0,368.8,1,5,Low
main_morgan_r3_59,molecular_fingerprint,0.0018213055786456,0.0022766319733071,-0.0017671507407924,-0.0022089384259905,0.8,0.0,0.5,0.5,220.6,4,5,Low
main_morgan_r3_261,molecular_fingerprint,0.0016731220654393,0.0020914025817991,-0.0009166386020068,-0.0011457982525085,0.8,0.0,0.6666666666666666,0.3333333333333333,238.0,4,5,Low
main_morgan_r3_479,molecular_fingerprint,0.0016344190105554,0.002724031684259,-0.0016344190105554,-0.002724031684259,0.6,0.0,1.0,0.0,296.8,3,5,Low
main_morgan_r3_319,molecular_fingerprint,0.0016131605846447,0.0080658029232236,-0.0010569661667201,-0.0052848308336009,0.2,0.0,1.0,0.0,367.8,1,5,Low
Si/P ratio,elemental_composition,0.0016054244443442,0.0080271222217211,-0.0007856551120208,-0.0039282755601043,0.2,0.0,1.0,0.0,368.0,1,5,Low
main_morgan_r3_492,molecular_fingerprint,0.0015978881562591,0.0015978881562591,1.1849032995761047e-05,1.1849032995761047e-05,1.0,0.0,0.6666666666666666,0.3333333333333333,198.8,5,5,Low
main_morgan_r3_2,molecular_fingerprint,0.001595965467796,0.00797982733898,-0.0003312948210767,-0.0016564741053837,0.2,0.0,1.0,0.0,369.8,1,5,Low
main_NumValenceElectrons,other,0.0015037345133993,0.0075186725669967,2.425381133582925e-05,0.0001212690566791,0.2,0.0,1.0,1.0,370.4,1,5,Low
main_morgan_r3_41,molecular_fingerprint,0.0014489978506812,0.0014489978506812,-0.0006721524364704,-0.0006721524364704,1.0,0.0,0.6666666666666666,0.3333333333333333,174.2,5,5,Low
main_morgan_r3_147,molecular_fingerprint,0.0014024597805131,0.0017530747256414,-0.0003333588322555,-0.0004166985403194,0.8,0.0,1.0,0.0,215.8,4,5,Low
Si_content_wt%_sqrt,elemental_composition,0.0013830614427403,0.0017288268034253,0.000432852180867,0.0005410652260838,0.8,0.0,1.0,1.0,224.2,4,5,Low
main_morgan_r3_43,molecular_fingerprint,0.0013659215688498,0.002276535948083,-0.0012600243525165,-0.0021000405875276,0.6,0.0,0.5,0.5,268.0,3,5,Low
main_morgan_r3_248,molecular_fingerprint,0.0013190148445061,0.0065950742225309,-0.0007897179504313,-0.0039485897521565,0.2,0.0,1.0,0.0,368.6,1,5,Low
main_morgan_r3_236,molecular_fingerprint,0.0012950468028968,0.0016188085036211,-0.0004824767486403,-0.0006030959358004,0.8,0.0,0.6666666666666666,0.3333333333333333,231.4,4,5,Low
main_morgan_r3_177,molecular_fingerprint,0.0012688320895863,0.0063441604479319,-0.0009269881211221,-0.0046349406056106,0.2,0.0,1.0,0.0,365.6,1,5,Low
Si_content_wt%_sq,elemental_composition,0.0012624838792264,0.001578104849033,0.0006594762519288,0.000824345314911,0.8,0.0,1.0,1.0,217.8,4,5,Low
main_morgan_r3_197,molecular_fingerprint,0.0012440336185951,0.0015550420232439,-0.0004013073659885,-0.0005016342074857,0.8,0.0,0.5,0.5,246.4,4,5,Low
main_morgan_r3_366,molecular_fingerprint,0.001221181300681,0.0061059065034054,2.926063757816649e-05,0.0001463031878908,0.2,0.0,1.0,1.0,368.8,1,5,Low
main_morgan_r3_476,molecular_fingerprint,0.0011107558352976,0.001851259725496,0.0001301482805973,0.0002169138009956,0.6,0.0,1.0,1.0,293.0,3,5,Low
main_morgan_r3_211,molecular_fingerprint,0.0010090815312405,0.0050454076562029,0.0010090815312405,0.0050454076562029,0.2,0.0,1.0,1.0,372.6,1,5,Low
curing_SaturatedRings,molecular_descriptor,0.0009939109578521,0.0009939109578521,-6.145080679130769e-05,-6.145080679130769e-05,1.0,0.0,1.0,0.0,181.0,5,5,Low
main_morgan_r3_259,molecular_fingerprint,0.000991167745277,0.004955838726385,-0.0002206207239327,-0.0011031036196638,0.2,0.0,1.0,0.0,369.6,1,5,Low
main_morgan_r3_335,molecular_fingerprint,0.0009023489240143,0.0045117446200715,-0.0002789078470733,-0.0013945392353667,0.2,0.0,1.0,0.0,367.2,1,5,Low
main_morgan_r3_89,molecular_fingerprint,0.0008934747897416,0.0044673739487081,-0.0002376782177447,-0.0011883910887236,0.2,0.0,1.0,0.0,374.0,1,5,Low
Has_P,elemental_composition,0.0008039625794281,0.0008039625794281,0.000182449867328,0.000182449867328,1.0,0.0,1.0,1.0,181.4,5,5,Low
main_morgan_r3_151,molecular_fingerprint,0.000772054648182,0.0009650683102275,-0.0007701539998287,-0.0009626924997859,0.8,0.0,0.5,0.5,231.0,4,5,Low
main_morgan_r3_205,molecular_fingerprint,0.0007645427209877,0.0019113568024692,-1.5398795509503947e-05,-3.849698877375987e-05,0.4,0.0,0.5,0.5,317.8,2,5,Low
P_Si_loading_product,formulation_loading,0.0007589240450631,0.0009486550563289,0.0001477674319283,0.0001847092899104,0.8,0.0,1.0,1.0,263.2,4,5,Low
main_morgan_r3_238,molecular_fingerprint,0.0007189741880477,0.0011982903134129,-0.0006977433695509,-0.0011629056159182,0.6,0.0,0.6666666666666666,0.6666666666666666,291.2,3,5,Low
Synergy_type_P-N-B,other,0.0007086991344889,0.0008858739181111,0.0007086991344889,0.0008858739181111,0.8,0.0,1.0,1.0,246.0,4,5,Low
main_morgan_r3_29,molecular_fingerprint,0.0007016492285162,0.0008770615356452,0.0002533405649743,0.0003166757062178,0.8,0.0,1.0,1.0,225.4,4,5,Low
main_morgan_r3_189,molecular_fingerprint,0.0006778165732889,0.0011296942888149,0.0006553649575346,0.0010922749292243,0.6,0.0,0.6666666666666666,0.6666666666666666,285.0,3,5,Low
main_morgan_r3_474,molecular_fingerprint,0.0006432297942702,0.0008040372428378,0.0006432297942702,0.0008040372428378,0.8,0.0,1.0,1.0,257.6,4,5,Low
main_morgan_r3_15,molecular_fingerprint,0.0006410973737473,0.0006410973737473,0.0005182969085225,0.0005182969085225,1.0,0.0,1.0,1.0,184.4,5,5,Low
main_morgan_r3_84,molecular_fingerprint,0.0006125320163641,0.0007656650204552,-0.0005795956447427,-0.0007244945559284,0.8,0.0,0.6666666666666666,0.3333333333333333,230.4,4,5,Low
main_morgan_r3_24,molecular_fingerprint,0.0005966409449638,0.0014916023624095,-0.0004468977899394,-0.0011172444748485,0.4,0.0,0.5,0.5,332.0,2,5,Low
main_morgan_r3_361,molecular_fingerprint,0.0005903122610484,0.0005903122610484,0.0002379589016881,0.0002379589016881,1.0,0.0,1.0,1.0,208.0,5,5,Low
main_morgan_r3_448,molecular_fingerprint,0.0005283461529934,0.0006604326912417,0.0003513834054961,0.0004392292568701,0.8,0.0,0.5,0.5,261.6,4,5,Low
Synergy_type_P-N-C,other,0.0005253468879705,0.0026267344398527,-0.0004667303756189,-0.0023336518780949,0.2,0.0,1.0,0.0,368.0,1,5,Low
main_morgan_r3_125,molecular_fingerprint,0.0005197071441345,0.0012992678603364,0.0005197071441345,0.0012992678603364,0.4,0.0,1.0,1.0,330.8,2,5,Low
main_morgan_r3_26,molecular_fingerprint,0.0005154777504449,0.0006443471880562,0.0005030439582909,0.0006288049478637,0.8,0.0,0.5,0.5,239.4,4,5,Low
main_morgan_r3_315,molecular_fingerprint,0.0005052638706466,0.0012631596766166,-0.000126114324244,-0.00031528581061,0.4,0.0,1.0,0.0,332.6,2,5,Low
main_morgan_r3_452,molecular_fingerprint,0.0004972200606846,0.0006215250758557,0.0004941308581166,0.0006176635726458,0.8,0.0,1.0,1.0,260.8,4,5,Low
main_morgan_r3_50,molecular_fingerprint,0.0004290811160441,0.0005363513950551,-8.884892526462127e-05,-0.0001110611565807,0.8,0.0,1.0,0.0,239.2,4,5,Low
main_morgan_r3_196,molecular_fingerprint,0.000418033531011,0.0005225419137638,9.378994121518056e-05,0.0001172374265189,0.8,0.0,1.0,1.0,256.0,4,5,Low
main_morgan_r3_456,molecular_fingerprint,0.0004097181763596,0.0004097181763596,-0.0002785431988099,-0.0002785431988099,1.0,0.0,0.5,0.5,222.4,5,5,Low
main_morgan_r3_82,molecular_fingerprint,0.0003761898445793,0.0006269830742988,-9.023944890402554e-06,-1.5039908150670924e-05,0.6,0.0,0.5,0.5,282.6,3,5,Low
main_morgan_r3_101,molecular_fingerprint,0.0003510395591319,0.0004387994489149,-0.0003510395591319,-0.0004387994489149,0.8,0.0,1.0,0.0,220.2,4,5,Low
main_morgan_r3_306,molecular_fingerprint,0.0003430450283404,0.0017152251417024,0.0003430450283404,0.0017152251417024,0.2,0.0,1.0,1.0,369.4,1,5,Low
curing_morgan_r3_28,molecular_fingerprint,0.0003350036137357,0.0004187545171697,0.0003350036137357,0.0004187545171697,0.8,0.0,1.0,1.0,249.8,4,5,Low
main_morgan_r3_381,molecular_fingerprint,0.0003337111964593,0.0004171389955741,0.0002806201276727,0.0003507751595909,0.8,0.0,1.0,1.0,265.6,4,5,Low
main_morgan_r3_10,molecular_fingerprint,0.0003322854948734,0.0004153568685918,-4.714062215363589e-06,-5.892577769204486e-06,0.8,0.0,0.5,0.5,238.0,4,5,Low
S/P_ratio_sqrt,elemental_composition,0.0003277596546772,0.0004096995683465,-5.53500616677209e-05,-6.918757708465113e-05,0.8,0.0,1.0,0.0,236.2,4,5,Low
Has_N,elemental_composition,0.0003173025747549,0.0005288376245916,-2.4840970829784504e-06,-4.140161804964084e-06,0.6,0.0,1.0,0.0,284.8,3,5,Low
main_morgan_r3_333,molecular_fingerprint,0.0003152185322509,0.0015760926612549,9.994733913077244e-05,0.0004997366956538,0.2,0.0,1.0,1.0,369.6,1,5,Low
main_morgan_r3_34,molecular_fingerprint,0.0003032864637897,0.0003791080797371,-3.0935523884922844e-05,-3.866940485615355e-05,0.8,0.0,0.6666666666666666,0.6666666666666666,238.4,4,5,Low
main_morgan_r3_413,molecular_fingerprint,0.0002818569137404,0.0014092845687021,0.0001007808193702,0.0005039040968511,0.2,0.0,1.0,1.0,380.2,1,5,Low
main_morgan_r3_257,molecular_fingerprint,0.0002487453778998,0.0003109317223748,-0.000145669825582,-0.0001820872819775,0.8,0.0,1.0,0.0,257.8,4,5,Low
main_morgan_r3_367,molecular_fingerprint,0.0001734495332711,0.0002890825554519,1.936373686772572e-05,3.227289477954287e-05,0.6,0.0,1.0,1.0,303.6,3,5,Low
main_morgan_r3_152,molecular_fingerprint,0.0001615199785942,0.0001615199785942,-7.680863068068262e-05,-7.680863068068262e-05,1.0,0.0,0.5,0.5,195.2,5,5,Low
main_morgan_r3_192,molecular_fingerprint,0.0001539598743138,0.000256599790523,-3.3062766737270223e-06,-5.51046112287837e-06,0.6,0.0,0.5,0.5,303.4,3,5,Low
main_morgan_r3_398,molecular_fingerprint,0.0001465500033076,0.0003663750082692,8.387133940252374e-05,0.0002096783485063,0.4,0.0,1.0,1.0,341.2,2,5,Low
main_morgan_r3_418,molecular_fingerprint,0.0001428858120235,0.0002381430200393,0.000124176994311,0.000206961657185,0.6,0.0,1.0,1.0,302.6,3,5,Low
main_morgan_r3_420,molecular_fingerprint,0.0001255480714952,0.0006277403574764,-0.0001074217900771,-0.0005371089503858,0.2,0.0,1.0,0.0,380.0,1,5,Low
main_morgan_r3_221,molecular_fingerprint,0.0001197258288178,0.0005986291440893,0.0001197258288178,0.0005986291440893,0.2,0.0,1.0,1.0,383.0,1,5,Low
main_morgan_r3_370,molecular_fingerprint,0.0001126908779972,0.0001878181299953,0.0001126908779972,0.0001878181299953,0.6,0.0,1.0,1.0,299.4,3,5,Low
main_morgan_r3_190,molecular_fingerprint,0.0001094831771872,0.0001824719619787,-0.0001094831771872,-0.0001824719619787,0.6,0.0,1.0,0.0,303.6,3,5,Low
main_morgan_r3_301,molecular_fingerprint,0.0001044475609367,0.0001305594511709,9.961745439580187e-05,0.0001245218179947,0.8,0.0,1.0,1.0,264.4,4,5,Low
main_morgan_r3_277,molecular_fingerprint,9.726564094631204e-05,0.0001215820511828,-8.744359842536071e-05,-0.0001093044980317,0.8,0.0,1.0,0.0,254.0,4,5,Low
Has_S,elemental_composition,9.455544768004786e-05,0.0001181943096,-6.576309782556359e-06,-8.22038722819545e-06,0.8,0.0,1.0,0.0,238.4,4,5,Low
main_morgan_r3_111,molecular_fingerprint,8.828698277163008e-05,8.828698277163008e-05,-8.033945120836575e-05,-8.033945120836575e-05,1.0,0.0,1.0,0.0,185.2,5,5,Low
main_morgan_r3_304,molecular_fingerprint,8.553062255183853e-05,0.0004276531127591,-5.378729974230133e-05,-0.0002689364987115,0.2,0.0,1.0,0.0,372.0,1,5,Low
main_morgan_r3_31,molecular_fingerprint,8.27179541595763e-05,0.0001033974426994,7.141407032031568e-05,8.92675879003946e-05,0.8,0.0,1.0,1.0,242.0,4,5,Low
main_morgan_r3_340,molecular_fingerprint,8.079914839213918e-05,0.0002019978709803,6.266383365383025e-05,0.0001566595841345,0.4,0.0,0.5,0.5,346.0,2,5,Low
main_morgan_r3_463,molecular_fingerprint,7.95885654580262e-05,9.948570682253274e-05,-4.998040575258158e-05,-6.247550719072697e-05,0.8,0.0,0.5,0.5,271.8,4,5,Low
main_morgan_r3_453,molecular_fingerprint,7.867376806421411e-05,0.000393368840321,4.8387543160330375e-05,0.0002419377158016,0.2,0.0,1.0,1.0,386.2,1,5,Low
main_morgan_r3_480,molecular_fingerprint,7.364243393143019e-05,9.205304241428772e-05,-5.176674960939971e-05,-6.470843701174964e-05,0.8,0.0,1.0,0.0,275.2,4,5,Low
main_morgan_r3_250,molecular_fingerprint,7.126659938755134e-05,0.0001781664984688,-7.126659938755134e-05,-0.0001781664984688,0.4,0.0,1.0,0.0,340.0,2,5,Low
main_morgan_r3_103,molecular_fingerprint,5.589918468656298e-05,0.0001397479617164,4.673874351256352e-05,0.0001168468587814,0.4,0.0,1.0,1.0,332.0,2,5,Low
main_morgan_r3_58,molecular_fingerprint,5.255986998478573e-05,6.569983748098217e-05,5.255986998478573e-05,6.569983748098217e-05,0.8,0.0,1.0,1.0,246.4,4,5,Low
main_morgan_r3_318,molecular_fingerprint,5.039846625058326e-05,6.299808281322908e-05,2.4822090739487783e-05,3.102761342435973e-05,0.8,0.0,0.5,0.5,261.8,4,5,Low
main_morgan_r3_481,molecular_fingerprint,4.6230942838721805e-05,0.0002311547141936,4.6230942838721805e-05,0.0002311547141936,0.2,0.0,1.0,1.0,370.6,1,5,Low
main_morgan_r3_430,molecular_fingerprint,4.051206481677515e-05,6.752010802795859e-05,-3.987955439973761e-05,-6.646592399956268e-05,0.6,0.0,1.0,0.0,312.2,3,5,Low
main_morgan_r3_173,molecular_fingerprint,3.155028209504155e-05,3.943785261880193e-05,-3.155028209504155e-05,-3.943785261880193e-05,0.8,0.0,1.0,0.0,265.8,4,5,Low
main_morgan_r3_124,molecular_fingerprint,2.0918547064798923e-05,2.6148183830998656e-05,-1.6592633899697977e-06,-2.074079237462247e-06,0.8,0.0,0.5,0.5,240.8,4,5,Low
main_morgan_r3_271,molecular_fingerprint,1.918396032932732e-05,9.591980164663658e-05,-3.403392068489836e-06,-1.701696034244918e-05,0.2,0.0,1.0,0.0,389.4,1,5,Low
main_morgan_r3_405,molecular_fingerprint,1.3561540697183872e-05,2.260256782863979e-05,-1.3561540697183872e-05,-2.260256782863979e-05,0.6,0.0,1.0,0.0,309.4,3,5,Low
main_morgan_r3_336,molecular_fingerprint,1.3467422755504096e-05,6.733711377752048e-05,-1.3467422755504096e-05,-6.733711377752048e-05,0.2,0.0,1.0,0.0,385.8,1,5,Low
main_morgan_r3_180,molecular_fingerprint,7.85287702456117e-06,3.926438512280585e-05,7.648671339093537e-06,3.824335669546769e-05,0.2,0.0,1.0,1.0,386.6,1,5,Low
main_morgan_r3_213,molecular_fingerprint,6.453293780968698e-06,3.226646890484349e-05,-6.453293780968698e-06,-3.226646890484349e-05,0.2,0.0,1.0,0.0,390.2,1,5,Low
main_morgan_r3_36,molecular_fingerprint,4.585543992342771e-06,5.731929990428464e-06,4.585543992342771e-06,5.731929990428464e-06,0.8,0.0,1.0,1.0,255.2,4,5,Low
main_morgan_r3_75,molecular_fingerprint,4.506471911790195e-06,2.2532359558950973e-05,4.506471911790195e-06,2.2532359558950973e-05,0.2,0.0,1.0,1.0,390.6,1,5,Low
main_morgan_r3_161,molecular_fingerprint,3.924604643274237e-06,6.541007738790394e-06,3.924604643274237e-06,6.541007738790394e-06,0.6,0.0,1.0,1.0,278.2,3,5,Low
main_morgan_r3_229,molecular_fingerprint,3.7743271225028567e-06,1.8871635612514284e-05,3.7743271225028567e-06,1.8871635612514284e-05,0.2,0.0,1.0,1.0,391.2,1,5,Low
main_morgan_r3_384,molecular_fingerprint,3.542630726264583e-06,1.7713153631322915e-05,-3.542630726264583e-06,-1.7713153631322915e-05,0.2,0.0,1.0,0.0,387.4,1,5,Low
main_morgan_r3_500,molecular_fingerprint,3.055610866458331e-06,7.639027166145827e-06,-3.014457722504936e-06,-7.53614430626234e-06,0.4,0.0,1.0,0.0,357.0,2,5,Low
main_morgan_r3_74,molecular_fingerprint,2.424022031913477e-06,1.2120110159567384e-05,2.424022031913477e-06,1.2120110159567384e-05,0.2,0.0,1.0,1.0,392.0,1,5,Low
main_morgan_r3_44,molecular_fingerprint,1.1462411946720546e-06,1.4328014933400684e-06,-1.1462411946720546e-06,-1.4328014933400684e-06,0.8,0.0,1.0,0.0,251.4,4,5,Low
main_morgan_r3_198,molecular_fingerprint,6.305958937715602e-07,6.305958937715602e-07,-6.305958937715602e-07,-6.305958937715602e-07,1.0,0.0,1.0,0.0,228.0,5,5,Low
main_morgan_r3_16,molecular_fingerprint,4.112072357976879e-07,2.056036178988439e-06,2.622639898348738e-07,1.3113199491743688e-06,0.2,0.0,1.0,1.0,388.0,1,5,Low
main_morgan_r3_106,molecular_fingerprint,3.0229304468742125e-07,7.557326117185531e-07,-3.0229304468742125e-07,-7.557326117185531e-07,0.4,0.0,1.0,0.0,335.2,2,5,Low
main_morgan_r3_54,molecular_fingerprint,2.601427129573292e-07,4.335711882622153e-07,2.601427129573292e-07,4.335711882622153e-07,0.6,0.0,1.0,1.0,290.0,3,5,Low
main_morgan_r3_98,molecular_fingerprint,1.389624861379465e-07,1.737031076724331e-07,-1.389624861379465e-07,-1.737031076724331e-07,0.8,0.0,1.0,0.0,229.8,4,5,Low
main_morgan_r3_126,molecular_fingerprint,0.0,0.0,0.0,0.0,0.6,0.0,,,263.8,3,5,Low
main_morgan_r3_324,molecular_fingerprint,0.0,0.0,0.0,0.0,0.2,0.0,,,386.0,1,5,Low
main_morgan_r3_288,molecular_fingerprint,0.0,0.0,0.0,0.0,0.2,0.0,,,379.6,1,5,Low
main_morgan_r3_281,molecular_fingerprint,0.0,0.0,0.0,0.0,0.2,0.0,,,382.2,1,5,Low
main_morgan_r3_28,molecular_fingerprint,0.0,0.0,0.0,0.0,0.2,0.0,,,375.0,1,5,Low
main_morgan_r3_241,molecular_fingerprint,0.0,0.0,0.0,0.0,0.2,0.0,,,389.0,1,5,Low
main_morgan_r3_23,molecular_fingerprint,0.0,0.0,0.0,0.0,0.2,0.0,,,371.8,1,5,Low
main_morgan_r3_216,molecular_fingerprint,0.0,0.0,0.0,0.0,0.2,0.0,,,388.0,1,5,Low
main_morgan_r3_193,molecular_fingerprint,0.0,0.0,0.0,0.0,0.2,0.0,,,381.4,1,5,Low
main_morgan_r3_19,molecular_fingerprint,0.0,0.0,0.0,0.0,0.2,0.0,,,383.8,1,5,Low
main_morgan_r3_179,molecular_fingerprint,0.0,0.0,0.0,0.0,0.2,0.0,,,370.8,1,5,Low
main_morgan_r3_178,molecular_fingerprint,0.0,0.0,0.0,0.0,0.2,0.0,,,389.4,1,5,Low
main_morgan_r3_12,molecular_fingerprint,0.0,0.0,0.0,0.0,0.2,0.0,,,382.0,1,5,Low
main_morgan_r3_116,molecular_fingerprint,0.0,0.0,0.0,0.0,0.2,0.0,,,372.4,1,5,Low
main_morgan_r3_100,molecular_fingerprint,0.0,0.0,0.0,0.0,0.2,0.0,,,373.2,1,5,Low
main_NumAmideBonds,other,0.0,0.0,0.0,0.0,0.2,0.0,,,385.0,1,5,Low
main_morgan_r3_351,molecular_fingerprint,0.0,0.0,0.0,0.0,0.2,0.0,,,384.2,1,5,Low
co_LabuteASA,other,0.0,0.0,0.0,0.0,0.4,0.0,,,357.2,2,5,Low
Co_FR_fraction,formulation_loading,0.0,0.0,0.0,0.0,0.4,0.0,,,363.4,2,5,Low
main_morgan_r3_464,molecular_fingerprint,0.0,0.0,0.0,0.0,0.6,0.0,,,316.6,3,5,Low
main_morgan_r3_42,molecular_fingerprint,0.0,0.0,0.0,0.0,0.6,0.0,,,294.0,3,5,Low
Co_FR_present,other,0.0,0.0,0.0,0.0,0.4,0.0,,,339.6,2,5,Low
main_morgan_r3_358,molecular_fingerprint,0.0,0.0,0.0,0.0,0.6,0.0,,,323.6,3,5,Low
co_HeavyAtomCount,other,0.0,0.0,0.0,0.0,0.4,0.0,,,359.2,2,5,Low
co_Kappa3,other,0.0,0.0,0.0,0.0,0.4,0.0,,,361.4,2,5,Low
co_Kappa2,other,0.0,0.0,0.0,0.0,0.4,0.0,,,361.8,2,5,Low
co_Kappa1,other,0.0,0.0,0.0,0.0,0.4,0.0,,,362.2,2,5,Low
co_ExactMolWt,molecular_descriptor,0.0,0.0,0.0,0.0,0.4,0.0,,,356.0,2,5,Low
co_HBA,other,0.0,0.0,0.0,0.0,0.4,0.0,,,359.8,2,5,Low
main_morgan_r3_412,molecular_fingerprint,0.0,0.0,0.0,0.0,0.6,0.0,,,323.6,3,5,Low
co_BertzCT,other,0.0,0.0,0.0,0.0,0.4,0.0,,,362.2,2,5,Low
P_x_CuringAgent_Has_P,molecular_descriptor,0.0,0.0,0.0,0.0,0.8,0.0,,,276.2,4,5,Low
main_morgan_r3_485,molecular_fingerprint,0.0,0.0,0.0,0.0,0.4,0.0,,,357.0,2,5,Low
main_morgan_r3_285,molecular_fingerprint,0.0,0.0,0.0,0.0,0.4,0.0,,,344.4,2,5,Low
main_morgan_r3_137,molecular_fingerprint,0.0,0.0,0.0,0.0,0.4,0.0,,,317.2,2,5,Low
main_morgan_r3_494,molecular_fingerprint,0.0,0.0,0.0,0.0,0.4,0.0,,,356.8,2,5,Low
co_TPSA,molecular_descriptor,0.0,0.0,0.0,0.0,0.4,0.0,,,355.2,2,5,Low
co_BalabanJ,other,0.0,0.0,0.0,0.0,0.6,0.0,,,329.8,3,5,Low
co_NumHeteroAtoms,molecular_descriptor,0.0,0.0,0.0,0.0,0.6,0.0,,,330.2,3,5,Low
co_MolMR,other,0.0,0.0,0.0,0.0,0.4,0.0,,,355.6,2,5,Low
co_MolWt,molecular_descriptor,0.0,0.0,0.0,0.0,0.4,0.0,,,356.8,2,5,Low
co_NumValenceElectrons,other,0.0,0.0,0.0,0.0,0.4,0.0,,,360.6,2,5,Low
co_RingCount,molecular_descriptor,0.0,0.0,0.0,0.0,0.4,0.0,,,359.0,2,5,Low
co_RotBonds,other,0.0,0.0,0.0,0.0,0.4,0.0,,,359.4,2,5,Low
main_co_similarity_sq,other,0.0,0.0,0.0,0.0,0.4,0.0,,,350.0,2,5,Low
main_co_similarity,other,0.0,0.0,0.0,0.0,0.4,0.0,,,350.0,2,5,Low
co_LogP,molecular_descriptor,0.0,0.0,0.0,0.0,0.4,0.0,,,358.0,2,5,Low
main_morgan_r3_40,molecular_fingerprint,0.0,0.0,0.0,0.0,1.0,0.0,,,210.0,5,5,Low
main_morgan_r3_165,molecular_fingerprint,0.0,0.0,0.0,0.0,0.8,0.0,,,254.0,4,5,Low
main_morgan_r3_166,molecular_fingerprint,0.0,0.0,0.0,0.0,0.8,0.0,,,254.4,4,5,Low
main_morgan_r3_210,molecular_fingerprint,0.0,0.0,0.0,0.0,0.8,0.0,,,266.8,4,5,Low
curing_morgan_r3_100,molecular_fingerprint,0.0,0.0,0.0,0.0,0.8,0.0,,,300.2,4,5,Low
Si_loading_real_sq,formulation_loading,0.0,0.0,0.0,0.0,0.2,0.0,,,394.2,1,5,Low
main_morgan_r3_419,molecular_fingerprint,0.0,0.0,0.0,0.0,0.2,0.0,,,392.0,1,5,Low
main_morgan_r3_426,molecular_fingerprint,0.0,0.0,0.0,0.0,0.2,0.0,,,388.2,1,5,Low
main_morgan_r3_438,molecular_fingerprint,0.0,0.0,0.0,0.0,0.2,0.0,,,391.0,1,5,Low
main_morgan_r3_469,molecular_fingerprint,0.0,0.0,0.0,0.0,0.2,0.0,,,390.0,1,5,Low
main_morgan_r3_48,molecular_fingerprint,0.0,0.0,0.0,0.0,0.2,0.0,,,375.2,1,5,Low
main_morgan_r3_486,molecular_fingerprint,0.0,0.0,0.0,0.0,0.2,0.0,,,390.0,1,5,Low
main_morgan_r3_56,molecular_fingerprint,0.0,0.0,0.0,0.0,0.2,0.0,,,376.0,1,5,Low
main_morgan_r3_63,molecular_fingerprint,0.0,0.0,0.0,0.0,0.2,0.0,,,376.4,1,5,Low
main_morgan_r3_83,molecular_fingerprint,0.0,0.0,0.0,0.0,0.2,0.0,,,374.0,1,5,Low
main_morgan_r3_88,molecular_fingerprint,0.0,0.0,0.0,0.0,0.2,0.0,,,373.4,1,5,Low
