feature,feature_group,mean_abs_shap_all_folds,mean_abs_shap_when_selected,mean_signed_shap_all_folds,mean_signed_shap_when_selected,selected_feature_frequency,top20_frequency,direction_consistency,positive_direction_fraction_when_selected,mean_rank_all_folds,folds_present,n_shap_folds
P_x_curing_LogP,molecular_descriptor,0.31523469852177144,0.31523469852177144,-0.04773232657319382,-0.04773232657319382,1.0,1.0,0.8,0.2,5.8,5,5
P_content_x_EP_matrix_LOI,formulation_interaction,0.2861531584257665,0.2861531584257665,-0.022756564765792388,-0.022756564765792388,1.0,1.0,0.6,0.4,6.0,5,5
P_x_curing_HBD,molecular_descriptor,0.2628805720287825,0.2628805720287825,-0.03374181913117721,-0.03374181913117721,1.0,1.0,0.8,0.2,7.2,5,5
EP_matrix_LOI,ep_baseline,0.19396172048607707,0.19396172048607707,-0.005576599758999679,-0.005576599758999679,1.0,1.0,0.6,0.6,8.6,5,5
Cure_Temp_Max,curing_and_preparation,0.17164159332368484,0.17164159332368484,-0.06771335885852722,-0.06771335885852722,1.0,1.0,0.6,0.4,10.4,5,5
P_x_curing_RotBonds,molecular_descriptor,0.86480993735327,0.86480993735327,-0.12669982393378634,-0.12669982393378634,1.0,0.8,0.8,0.2,5.0,5,5
P_loading_x_Synergy,formulation_loading,0.20760321656772335,0.20760321656772335,-0.02388746881305016,-0.02388746881305016,1.0,0.8,0.8,0.2,10.6,5,5
main_TPSA,molecular_descriptor,0.19930068520106564,0.19930068520106564,0.01651917191153545,0.01651917191153545,1.0,0.8,0.8,0.8,12.2,5,5
P_Si_loading_ratio,formulation_loading,0.19545069494355294,0.19545069494355294,-0.014163473314844622,-0.014163473314844622,1.0,0.8,0.8,0.2,16.2,5,5
EP_matrix_LOI_sq,ep_baseline,0.15601587475068313,0.15601587475068313,-0.013576699512836696,-0.013576699512836696,1.0,0.8,0.6,0.6,11.8,5,5
EP_matrix_LOI_sqrt,ep_baseline,0.13559376017191402,0.13559376017191402,-0.014859882446577915,-0.014859882446577915,1.0,0.8,0.6,0.6,16.6,5,5
Synergy_x_EP_matrix_LOI,formulation_interaction,0.24745396583440188,0.30931745729300236,0.10268607583542377,0.12835759479427972,0.8,0.8,0.75,0.75,62.4,4,5
Loading_x_Synergy,formulation_loading,0.1038087014929366,0.1038087014929366,-0.0033394772937368118,-0.0033394772937368118,1.0,0.6,0.8,0.2,20.6,5,5
P_N_loading_product,formulation_loading,0.0988733386555902,0.0988733386555902,0.00197428994290774,0.00197428994290774,1.0,0.6,0.6,0.4,33.6,5,5
main_morgan_r2_75,molecular_fingerprint,0.08324447341411698,0.08324447341411698,-0.004964454958585693,-0.004964454958585693,1.0,0.6,0.6,0.6,36.6,5,5
N_content_wt%_sq,elemental_composition,0.07196181007206223,0.07196181007206223,-0.010108828010524377,-0.010108828010524377,1.0,0.6,0.8,0.2,38.2,5,5
P_x_curing_AromaticRings,molecular_descriptor,0.1052602066732737,0.1052602066732737,-0.019825491493563652,-0.019825491493563652,1.0,0.4,0.6,0.4,28.8,5,5
N_loading_real_sqrt,formulation_loading,0.09423131176894696,0.09423131176894696,-0.003608935231323341,-0.003608935231323341,1.0,0.4,0.6,0.4,19.8,5,5
Preparation_Method_DOPO-based (Additive + Secondary Crosslinking),curing_and_preparation,0.07946739270265515,0.07946739270265515,-0.017399733904787152,-0.017399733904787152,1.0,0.4,0.8,0.2,21.8,5,5
main_morgan_r2_31,molecular_fingerprint,0.07801509182701408,0.07801509182701408,0.0057951089420896365,0.0057951089420896365,1.0,0.4,0.5,0.5,55.2,5,5
N_loading_real,formulation_loading,0.06845755389678268,0.06845755389678268,-0.010405739262116498,-0.010405739262116498,1.0,0.4,0.6,0.4,30.6,5,5
P_N_loading_sum,formulation_loading,0.0679186490781086,0.0679186490781086,-0.019332709294558773,-0.019332709294558773,1.0,0.4,1.0,0.0,31.0,5,5
N_content wt%,elemental_composition,0.06040389173690861,0.06040389173690861,-0.009583840927756401,-0.009583840927756401,1.0,0.4,0.8,0.2,32.2,5,5
P_x_CuringAgent_Has_N,molecular_descriptor,0.032522693789142264,0.032522693789142264,-0.0018777187775831441,-0.0018777187775831441,1.0,0.4,0.5,0.5,57.8,5,5
main_LogP,molecular_descriptor,0.055089201408137944,0.055089201408137944,-0.0076248887970752355,-0.0076248887970752355,1.0,0.2,0.6,0.6,45.0,5,5
curing_HBA,molecular_descriptor,0.054157846561395065,0.054157846561395065,0.006729867596015756,0.006729867596015756,1.0,0.2,0.8,0.8,32.0,5,5
Main_FR_fraction,formulation_loading,0.05263592280934739,0.05263592280934739,-0.004157518991328152,-0.004157518991328152,1.0,0.2,0.5,0.5,125.8,5,5
main_RingCount,molecular_descriptor,0.050483653542971144,0.050483653542971144,-0.0032420904080045373,-0.0032420904080045373,1.0,0.2,0.6,0.4,46.6,5,5
P_S_loading_ratio,formulation_loading,0.05009081467576558,0.05009081467576558,-0.009633510278466208,-0.009633510278466208,1.0,0.2,0.8,0.2,33.0,5,5
Loading_x_EP_matrix_LOI,formulation_interaction,0.049486238021179144,0.049486238021179144,-0.007889270940457837,-0.007889270940457837,1.0,0.2,0.6,0.4,34.2,5,5
N_content_wt%_sqrt,elemental_composition,0.04793035482757738,0.04793035482757738,-0.0020319027069994923,-0.0020319027069994923,1.0,0.2,0.6,0.4,43.8,5,5
P_S_loading_sum,formulation_loading,0.04722905458980906,0.04722905458980906,-0.011172030455694825,-0.011172030455694825,1.0,0.2,0.8,0.2,55.4,5,5
Preparation_Method_DOPO-based (reactive),curing_and_preparation,0.04121055381631546,0.04121055381631546,0.0034777965386775236,0.0034777965386775236,1.0,0.2,0.8,0.8,38.0,5,5
curing_LogP,molecular_descriptor,0.03794033512465929,0.03794033512465929,0.0002937648775662879,0.0002937648775662879,1.0,0.2,0.6,0.6,44.4,5,5
Synergy_flag(single=0&synergy=1),other,0.033386116727437576,0.033386116727437576,-0.005079133250773424,-0.005079133250773424,1.0,0.2,0.6666666666666666,0.3333333333333333,64.4,5,5
main_HBD,other,0.03306129699469741,0.03306129699469741,-0.0005315362823366043,-0.0005315362823366043,1.0,0.2,0.6,0.4,43.2,5,5
main_morgan_r2_40,molecular_fingerprint,0.032765991461412805,0.032765991461412805,0.014846470917550699,0.014846470917550699,1.0,0.2,1.0,1.0,88.8,5,5
main_morgan_r2_52,molecular_fingerprint,0.03173942397027304,0.03173942397027304,0.0038002047972400892,0.0038002047972400892,1.0,0.2,0.75,0.75,63.0,5,5
main_AromaticRings,molecular_descriptor,0.024204651482154914,0.024204651482154914,-0.0029649391502673383,-0.0029649391502673383,1.0,0.2,0.6,0.6,53.4,5,5
curing_morgan_r2_10,molecular_fingerprint,0.023259814819147503,0.023259814819147503,0.005645197101062017,0.005645197101062017,1.0,0.2,0.6666666666666666,0.6666666666666666,146.0,5,5
P_content_sqrt,elemental_composition,0.017882518412910886,0.017882518412910886,-0.006232664419595883,-0.006232664419595883,1.0,0.2,0.5,0.5,102.4,5,5
Main_FR_present,other,0.4098310400328547,0.5122888000410684,-0.04251644583024876,-0.05314555728781095,0.8,0.2,0.5,0.5,180.2,4,5
LOI_Thickness_mm,test_condition,0.0329293896577734,0.054882316096289,-0.005453624843953726,-0.009089374739922877,0.6,0.2,0.6666666666666666,0.3333333333333333,134.6,3,5
main_morgan_r2_11,molecular_fingerprint,0.04016411794116592,0.04016411794116592,0.004258505243221166,0.004258505243221166,1.0,0.0,0.6,0.6,42.0,5,5
P_x_curing_TPSA,molecular_descriptor,0.03634826513684086,0.03634826513684086,-0.010414060404569535,-0.010414060404569535,1.0,0.0,1.0,0.0,39.4,5,5
N_loading_real_sq,formulation_loading,0.03619926142964514,0.03619926142964514,0.004885583319190584,0.004885583319190584,1.0,0.0,0.5,0.5,74.8,5,5
main_HBA,other,0.03365974708473836,0.03365974708473836,0.01653881176806314,0.01653881176806314,1.0,0.0,0.8,0.8,40.4,5,5
main_morgan_r2_110,molecular_fingerprint,0.03248545890303521,0.03248545890303521,0.00463607111633327,0.00463607111633327,1.0,0.0,0.75,0.75,74.8,5,5
Preparation_Method_DOPO-based (Co-curing),molecular_descriptor,0.031141734432818934,0.031141734432818934,-0.00019587967357542185,-0.00019587967357542185,1.0,0.0,0.5,0.5,77.2,5,5
P_Si_loading_sum,formulation_loading,0.027740434127846946,0.027740434127846946,-0.0013595076388976397,-0.0013595076388976397,1.0,0.0,0.6,0.4,46.0,5,5
main_FractionCSP3,molecular_descriptor,0.024993241840266644,0.024993241840266644,0.0022820632482128123,0.0022820632482128123,1.0,0.0,0.8,0.8,51.4,5,5
main_MolWt,molecular_descriptor,0.023876517159817135,0.023876517159817135,-0.0006498531304940114,-0.0006498531304940114,1.0,0.0,0.6,0.6,56.0,5,5
P_x_curing_MolWt,molecular_descriptor,0.023868169463305937,0.023868169463305937,-0.006833803721188923,-0.006833803721188923,1.0,0.0,0.8,0.2,54.0,5,5
N/P_ratio_sq,elemental_composition,0.020381515499725007,0.020381515499725007,0.0006557365568208174,0.0006557365568208174,1.0,0.0,0.6,0.6,81.0,5,5
P_content_log,elemental_composition,0.019985104171556613,0.019985104171556613,-0.006274105579791427,-0.006274105579791427,1.0,0.0,0.6,0.4,61.6,5,5
P_B_loading_ratio,formulation_loading,0.019657328122944462,0.019657328122944462,-0.005885735155319795,-0.005885735155319795,1.0,0.0,0.6,0.4,76.4,5,5
P_x_curing_HBA,molecular_descriptor,0.019103644891713387,0.019103644891713387,-0.007102699213373555,-0.007102699213373555,1.0,0.0,0.8,0.2,56.0,5,5
N/P ratio,elemental_composition,0.01882163296617386,0.01882163296617386,-0.002128179898703908,-0.002128179898703908,1.0,0.0,0.6,0.4,64.0,5,5
main_morgan_r2_126,molecular_fingerprint,0.017893108620650213,0.017893108620650213,-0.00510009610168463,-0.00510009610168463,1.0,0.0,0.6,0.6,81.2,5,5
P_x_curing_HeavyAtomCount,molecular_descriptor,0.017769645197560812,0.017769645197560812,-0.005972708145436257,-0.005972708145436257,1.0,0.0,1.0,0.0,84.4,5,5
main_morgan_r2_33,molecular_fingerprint,0.01715993518316058,0.01715993518316058,-0.0020780122537713457,-0.0020780122537713457,1.0,0.0,0.75,0.25,72.6,5,5
curing_TPSA,molecular_descriptor,0.016380612097433977,0.016380612097433977,0.0051651244412505865,0.0051651244412505865,1.0,0.0,0.6,0.4,55.2,5,5
main_morgan_r2_94,molecular_fingerprint,0.016373105290316853,0.016373105290316853,0.003960744392783093,0.003960744392783093,1.0,0.0,0.6666666666666666,0.6666666666666666,124.8,5,5
main_HeavyAtomCount,other,0.016018517111161198,0.016018517111161198,-0.0015598908854396747,-0.0015598908854396747,1.0,0.0,0.6,0.4,66.8,5,5
main_morgan_r2_78,molecular_fingerprint,0.01541121007426122,0.01541121007426122,-0.0044437593876524946,-0.0044437593876524946,1.0,0.0,0.6,0.4,65.4,5,5
main_morgan_r2_0,molecular_fingerprint,0.014666630309137499,0.014666630309137499,-0.0013143893040654887,-0.0013143893040654887,1.0,0.0,1.0,0.0,101.0,5,5
P_x_curing_RingCount,molecular_descriptor,0.01399217910727868,0.01399217910727868,-0.002768025087204604,-0.002768025087204604,1.0,0.0,0.5,0.5,80.0,5,5
P_content wt%,elemental_composition,0.013289748947341699,0.013289748947341699,-0.003965286606962883,-0.003965286606962883,1.0,0.0,0.6666666666666666,0.3333333333333333,134.8,5,5
main_morgan_r2_5,molecular_fingerprint,0.013106188332548271,0.013106188332548271,-0.0014758607571234155,-0.0014758607571234155,1.0,0.0,1.0,0.0,102.2,5,5
main_morgan_r2_23,molecular_fingerprint,0.012123519748508805,0.012123519748508805,0.003405670133395966,0.003405670133395966,1.0,0.0,0.75,0.75,102.4,5,5
main_morgan_r2_90,molecular_fingerprint,0.011822430261289322,0.011822430261289322,0.0003289111153356703,0.0003289111153356703,1.0,0.0,0.75,0.75,88.6,5,5
main_morgan_r2_36,molecular_fingerprint,0.011607968316737513,0.011607968316737513,-0.00031450443707891094,-0.00031450443707891094,1.0,0.0,0.5,0.5,125.6,5,5
Loading_total_FR wt%,formulation_loading,0.01148853515734332,0.01148853515734332,-0.0032182689229748665,-0.0032182689229748665,1.0,0.0,0.75,0.25,77.6,5,5
main_morgan_r2_105,molecular_fingerprint,0.011475730767119755,0.011475730767119755,0.00324737669113458,0.00324737669113458,1.0,0.0,1.0,1.0,147.0,5,5
main_RotBonds,other,0.011304019172641904,0.011304019172641904,-0.0015089026914084755,-0.0015089026914084755,1.0,0.0,0.5,0.5,81.4,5,5
main_morgan_r2_115,molecular_fingerprint,0.011081965339319308,0.011081965339319308,0.003917311579283707,0.003917311579283707,1.0,0.0,0.5,0.5,154.4,5,5
N/P_ratio_sqrt,elemental_composition,0.01096522379891833,0.01096522379891833,-0.00099438796465952,-0.00099438796465952,1.0,0.0,0.8,0.2,79.2,5,5
main_morgan_r2_58,molecular_fingerprint,0.010739766881835191,0.010739766881835191,0.002530367357039385,0.002530367357039385,1.0,0.0,1.0,1.0,104.2,5,5
curing_morgan_r2_49,molecular_fingerprint,0.009619399512951161,0.009619399512951161,-0.002436177317361096,-0.002436177317361096,1.0,0.0,0.6,0.4,73.6,5,5
Loading_total_FR_sqrt,formulation_loading,0.009614212018058768,0.009614212018058768,-0.0026950319469683315,-0.0026950319469683315,1.0,0.0,0.75,0.25,98.2,5,5
main_morgan_r2_37,molecular_fingerprint,0.009547711093464684,0.009547711093464684,0.0007191272737123164,0.0007191272737123164,1.0,0.0,0.5,0.5,95.4,5,5
main_morgan_r2_107,molecular_fingerprint,0.008541605039656756,0.008541605039656756,-0.0015574599795949557,-0.0015574599795949557,1.0,0.0,1.0,0.0,157.2,5,5
curing_MolWt,molecular_descriptor,0.008524811272783869,0.008524811272783869,0.0021629412065564575,0.0021629412065564575,1.0,0.0,1.0,1.0,120.2,5,5
main_morgan_r2_77,molecular_fingerprint,0.008351234582034269,0.008351234582034269,-0.0016455063018373684,-0.0016455063018373684,1.0,0.0,0.6666666666666666,0.6666666666666666,121.6,5,5
main_morgan_r2_102,molecular_fingerprint,0.008271098902016492,0.008271098902016492,0.00035920753195882644,0.00035920753195882644,1.0,0.0,0.75,0.25,111.2,5,5
P_loading_real_sqrt,formulation_loading,0.007692485135639594,0.007692485135639594,-0.002804915202558964,-0.002804915202558964,1.0,0.0,1.0,0.0,130.0,5,5
Si_loading_real_sqrt,formulation_loading,0.007482645837454194,0.007482645837454194,-0.002923898392824334,-0.002923898392824334,1.0,0.0,0.8,0.8,93.6,5,5
P_B_loading_sum,formulation_loading,0.007428443582842464,0.007428443582842464,0.0003752739518477369,0.0003752739518477369,1.0,0.0,0.75,0.75,94.8,5,5
main_morgan_r2_82,molecular_fingerprint,0.007190242549322312,0.007190242549322312,-0.0022300881417415654,-0.0022300881417415654,1.0,0.0,0.75,0.25,99.8,5,5
main_morgan_r2_74,molecular_fingerprint,0.006553268827748103,0.006553268827748103,0.001931087373656872,0.001931087373656872,1.0,0.0,1.0,1.0,124.2,5,5
Synergy_type_P-N,other,0.006152440205836602,0.006152440205836602,-0.0015803640570923867,-0.0015803640570923867,1.0,0.0,0.8,0.2,93.2,5,5
main_morgan_r2_66,molecular_fingerprint,0.006142980451377939,0.006142980451377939,0.0014609822812703052,0.0014609822812703052,1.0,0.0,1.0,1.0,124.4,5,5
main_morgan_r2_39,molecular_fingerprint,0.006068255511225276,0.006068255511225276,0.0007539841632949568,0.0007539841632949568,1.0,0.0,1.0,1.0,118.2,5,5
main_morgan_r2_45,molecular_fingerprint,0.0058513173149808105,0.0058513173149808105,0.0014680597613010086,0.0014680597613010086,1.0,0.0,0.75,0.75,102.2,5,5
P_content_sq,elemental_composition,0.005727461048902341,0.005727461048902341,-0.001510317329924259,-0.001510317329924259,1.0,0.0,0.6666666666666666,0.3333333333333333,110.4,5,5
main_morgan_r2_99,molecular_fingerprint,0.005610244804903022,0.005610244804903022,-0.0008442694709743101,-0.0008442694709743101,1.0,0.0,0.6666666666666666,0.3333333333333333,132.2,5,5
main_morgan_r2_18,molecular_fingerprint,0.005429908200990133,0.005429908200990133,0.0018377377454086609,0.0018377377454086609,1.0,0.0,1.0,1.0,100.8,5,5
curing_morgan_r2_12,molecular_fingerprint,0.0054213306908895914,0.0054213306908895914,-0.002927939307451634,-0.002927939307451634,1.0,0.0,0.5,0.5,109.4,5,5
main_morgan_r2_27,molecular_fingerprint,0.005314741950752858,0.005314741950752858,0.0015199229643495613,0.0015199229643495613,1.0,0.0,0.75,0.25,115.2,5,5
main_morgan_r2_119,molecular_fingerprint,0.005118495077875372,0.005118495077875372,0.0009639364677191474,0.0009639364677191474,1.0,0.0,0.6666666666666666,0.3333333333333333,140.0,5,5
main_morgan_r2_3,molecular_fingerprint,0.0051100148980113965,0.0051100148980113965,-0.00036122499267620436,-0.00036122499267620436,1.0,0.0,0.6666666666666666,0.3333333333333333,111.4,5,5
main_morgan_r2_61,molecular_fingerprint,0.005100590269473413,0.005100590269473413,-0.0005429834832777608,-0.0005429834832777608,1.0,0.0,0.75,0.25,108.8,5,5
main_morgan_r2_127,molecular_fingerprint,0.004992818688267249,0.004992818688267249,-0.0015392479663657913,-0.0015392479663657913,1.0,0.0,0.5,0.5,135.8,5,5
main_morgan_r2_98,molecular_fingerprint,0.004878633621484427,0.004878633621484427,0.0003470824743941212,0.0003470824743941212,1.0,0.0,1.0,1.0,135.6,5,5
Preparation_Method_DOPO-based (additive),curing_and_preparation,0.004771683445572902,0.004771683445572902,0.0007541213604636856,0.0007541213604636856,1.0,0.0,0.6666666666666666,0.6666666666666666,151.4,5,5
main_morgan_r2_122,molecular_fingerprint,0.004691066097341887,0.004691066097341887,0.0003178490289619727,0.0003178490289619727,1.0,0.0,0.5,0.5,161.4,5,5
P_x_CuringAgent_Has_S,molecular_descriptor,0.004664469157565893,0.004664469157565893,-0.001904054958637128,-0.001904054958637128,1.0,0.0,0.8,0.2,95.0,5,5
main_morgan_r2_63,molecular_fingerprint,0.004476174055235581,0.004476174055235581,0.00039697872362155876,0.00039697872362155876,1.0,0.0,0.6666666666666666,0.3333333333333333,127.8,5,5
main_morgan_r2_21,molecular_fingerprint,0.00439798742316833,0.00439798742316833,-0.0010072595571714873,-0.0010072595571714873,1.0,0.0,0.6666666666666666,0.3333333333333333,168.0,5,5
main_morgan_r2_89,molecular_fingerprint,0.004277857927386414,0.004277857927386414,-0.0004673858518056526,-0.0004673858518056526,1.0,0.0,1.0,0.0,164.6,5,5
Co_FR_fraction,formulation_loading,0.004244817199368201,0.004244817199368201,0.004202248914521384,0.004202248914521384,1.0,0.0,0.75,0.75,145.8,5,5
P_loading_real,formulation_loading,0.004106364490792358,0.004106364490792358,-0.0012141909452983994,-0.0012141909452983994,1.0,0.0,0.6666666666666666,0.6666666666666666,117.0,5,5
curing_RotBonds,molecular_descriptor,0.004076424437145895,0.004076424437145895,-0.0004926951070189768,-0.0004926951070189768,1.0,0.0,0.75,0.75,133.8,5,5
main_morgan_r2_67,molecular_fingerprint,0.004057249253977694,0.004057249253977694,0.00016072859017849907,0.00016072859017849907,1.0,0.0,0.5,0.5,114.2,5,5
main_morgan_r2_111,molecular_fingerprint,0.003934900993423483,0.003934900993423483,0.0010631282758583392,0.0010631282758583392,1.0,0.0,1.0,1.0,131.6,5,5
main_morgan_r2_69,molecular_fingerprint,0.0039033248903171313,0.0039033248903171313,0.000708573863669682,0.000708573863669682,1.0,0.0,0.6666666666666666,0.6666666666666666,135.2,5,5
Loading_total_FR_sq,formulation_loading,0.0038368514661629946,0.0038368514661629946,-0.0010298978638317658,-0.0010298978638317658,1.0,0.0,0.6666666666666666,0.3333333333333333,109.6,5,5
main_morgan_r2_34,molecular_fingerprint,0.0037417682532095353,0.0037417682532095353,0.0003248349295213007,0.0003248349295213007,1.0,0.0,0.5,0.5,147.0,5,5
main_morgan_r2_15,molecular_fingerprint,0.0037002507106522176,0.0037002507106522176,-0.0014925167140537028,-0.0014925167140537028,1.0,0.0,0.75,0.25,115.4,5,5
curing_HBD,molecular_descriptor,0.003683463731841012,0.003683463731841012,0.0010667208209008635,0.0010667208209008635,1.0,0.0,0.6666666666666666,0.6666666666666666,172.2,5,5
main_morgan_r2_60,molecular_fingerprint,0.0035841644895666562,0.0035841644895666562,0.001946766794329017,0.001946766794329017,1.0,0.0,0.5,0.5,140.0,5,5
main_morgan_r2_76,molecular_fingerprint,0.003485961491643133,0.003485961491643133,0.001315640221510501,0.001315640221510501,1.0,0.0,1.0,1.0,151.6,5,5
main_morgan_r2_84,molecular_fingerprint,0.003410046324818959,0.003410046324818959,-0.0007740592109256693,-0.0007740592109256693,1.0,0.0,1.0,0.0,165.4,5,5
main_morgan_r2_55,molecular_fingerprint,0.0033176449072697886,0.0033176449072697886,-0.0002928330711321937,-0.0002928330711321937,1.0,0.0,0.5,0.5,149.6,5,5
main_morgan_r2_120,molecular_fingerprint,0.0033097577975758708,0.0033097577975758708,-0.0018950147883755384,-0.0018950147883755384,1.0,0.0,0.6666666666666666,0.6666666666666666,164.4,5,5
S_content_wt%_sqrt,elemental_composition,0.0033024883137335328,0.0033024883137335328,-0.0007720446090065208,-0.0007720446090065208,1.0,0.0,0.6666666666666666,0.6666666666666666,146.4,5,5
main_morgan_r2_71,molecular_fingerprint,0.0032258815138010736,0.0032258815138010736,-0.00017053666597069043,-0.00017053666597069043,1.0,0.0,0.6666666666666666,0.6666666666666666,140.4,5,5
main_morgan_r2_114,molecular_fingerprint,0.00307294769190929,0.00307294769190929,-0.0006328577097028254,-0.0006328577097028254,1.0,0.0,0.5,0.5,177.0,5,5
main_morgan_r2_25,molecular_fingerprint,0.0030609556301658567,0.0030609556301658567,-0.0014306122273616635,-0.0014306122273616635,1.0,0.0,0.5,0.5,167.2,5,5
main_morgan_r2_125,molecular_fingerprint,0.0030352858868998196,0.0030352858868998196,0.0015568510593746865,0.0015568510593746865,1.0,0.0,0.6666666666666666,0.3333333333333333,152.8,5,5
curing_HeavyAtomCount,molecular_descriptor,0.002952084399883191,0.002952084399883191,6.98654635437008e-05,6.98654635437008e-05,1.0,0.0,0.6666666666666666,0.6666666666666666,167.0,5,5
main_morgan_r2_19,molecular_fingerprint,0.002904319237466149,0.002904319237466149,-0.00012981610646258763,-0.00012981610646258763,1.0,0.0,0.6666666666666666,0.6666666666666666,128.8,5,5
main_morgan_r2_85,molecular_fingerprint,0.0028568905212883007,0.0028568905212883007,0.00019019976572554837,0.00019019976572554837,1.0,0.0,0.5,0.5,162.8,5,5
P_loading_real_sq,formulation_loading,0.0026961581667814725,0.0026961581667814725,-0.0007985513435842977,-0.0007985513435842977,1.0,0.0,0.5,0.5,118.2,5,5
main_morgan_r2_80,molecular_fingerprint,0.0026256950862437903,0.0026256950862437903,0.0005655232671476878,0.0005655232671476878,1.0,0.0,0.6666666666666666,0.6666666666666666,147.4,5,5
main_morgan_r2_65,molecular_fingerprint,0.0025894499731713818,0.0025894499731713818,0.0006299598370840075,0.0006299598370840075,1.0,0.0,0.5,0.5,135.6,5,5
main_morgan_r2_95,molecular_fingerprint,0.0025689651831288657,0.0025689651831288657,-0.0013499300975696586,-0.0013499300975696586,1.0,0.0,0.75,0.25,136.8,5,5
main_morgan_r2_108,molecular_fingerprint,0.0025625730050935973,0.0025625730050935973,0.0005511685599785774,0.0005511685599785774,1.0,0.0,0.6666666666666666,0.6666666666666666,159.4,5,5
main_morgan_r2_2,molecular_fingerprint,0.0025250826613151664,0.0025250826613151664,-6.775905464009052e-05,-6.775905464009052e-05,1.0,0.0,0.5,0.5,135.6,5,5
main_morgan_r2_14,molecular_fingerprint,0.0025224018763855627,0.0025224018763855627,-0.0007975091295328541,-0.0007975091295328541,1.0,0.0,0.75,0.25,119.0,5,5
main_morgan_r2_38,molecular_fingerprint,0.002513148083060489,0.002513148083060489,-0.0003226889081025562,-0.0003226889081025562,1.0,0.0,0.6666666666666666,0.3333333333333333,136.4,5,5
curing_FractionCSP3,molecular_descriptor,0.00238196651012979,0.00238196651012979,5.187834297283988e-05,5.187834297283988e-05,1.0,0.0,0.75,0.75,143.8,5,5
main_morgan_r2_17,molecular_fingerprint,0.0023812720111354335,0.0023812720111354335,0.0010606601979175432,0.0010606601979175432,1.0,0.0,0.5,0.5,143.6,5,5
main_morgan_r2_116,molecular_fingerprint,0.0023311882636419257,0.0023311882636419257,0.0005094868133587624,0.0005094868133587624,1.0,0.0,0.75,0.75,133.6,5,5
main_morgan_r2_49,molecular_fingerprint,0.0022937471330367063,0.0022937471330367063,-0.0003594841815329851,-0.0003594841815329851,1.0,0.0,0.6666666666666666,0.3333333333333333,147.0,5,5
main_morgan_r2_50,molecular_fingerprint,0.0022929970665674843,0.0022929970665674843,9.090620155880654e-05,9.090620155880654e-05,1.0,0.0,0.6666666666666666,0.6666666666666666,131.8,5,5
CuringAgent_Has_S,molecular_descriptor,0.002274482864047327,0.002274482864047327,0.0003169506056173878,0.0003169506056173878,1.0,0.0,1.0,1.0,145.0,5,5
main_morgan_r2_46,molecular_fingerprint,0.0022075191852533654,0.0022075191852533654,-0.000516845599476988,-0.000516845599476988,1.0,0.0,1.0,0.0,132.6,5,5
main_morgan_r2_35,molecular_fingerprint,0.0021760790814667388,0.0021760790814667388,-3.565997469321589e-05,-3.565997469321589e-05,1.0,0.0,0.5,0.5,153.6,5,5
main_morgan_r2_104,molecular_fingerprint,0.002091217091545833,0.002091217091545833,0.000520780976166394,0.000520780976166394,1.0,0.0,1.0,1.0,180.4,5,5
main_morgan_r2_24,molecular_fingerprint,0.0018192543739573251,0.0018192543739573251,-0.00040459732504682987,-0.00040459732504682987,1.0,0.0,0.5,0.5,167.4,5,5
main_morgan_r2_1,molecular_fingerprint,0.001800762529542731,0.001800762529542731,-9.276795012724676e-05,-9.276795012724676e-05,1.0,0.0,0.5,0.5,145.6,5,5
main_morgan_r2_22,molecular_fingerprint,0.0017174259933655574,0.0017174259933655574,0.0011572799911557022,0.0011572799911557022,1.0,0.0,1.0,1.0,161.0,5,5
main_morgan_r2_121,molecular_fingerprint,0.0016899488562412191,0.0016899488562412191,-9.794745046175466e-05,-9.794745046175466e-05,1.0,0.0,1.0,0.0,183.0,5,5
main_morgan_r2_44,molecular_fingerprint,0.001583930802337759,0.001583930802337759,-0.0005074277041591592,-0.0005074277041591592,1.0,0.0,1.0,0.0,155.2,5,5
main_morgan_r2_117,molecular_fingerprint,0.0015608450497321621,0.0015608450497321621,-0.0002658939095733785,-0.0002658939095733785,1.0,0.0,1.0,0.0,185.0,5,5
main_morgan_r2_48,molecular_fingerprint,0.0014684950903114842,0.0014684950903114842,-0.00017213370371470127,-0.00017213370371470127,1.0,0.0,1.0,0.0,166.0,5,5
main_morgan_r2_30,molecular_fingerprint,0.0014304011445084668,0.0014304011445084668,0.0002036996103552913,0.0002036996103552913,1.0,0.0,1.0,1.0,156.8,5,5
main_morgan_r2_123,molecular_fingerprint,0.0013460023940671008,0.0013460023940671008,0.000622778326061187,0.000622778326061187,1.0,0.0,1.0,1.0,193.8,5,5
main_morgan_r2_9,molecular_fingerprint,0.001187754467296802,0.001187754467296802,0.000466762257391043,0.000466762257391043,1.0,0.0,0.5,0.5,141.0,5,5
main_morgan_r2_118,molecular_fingerprint,0.0009697383430062071,0.0009697383430062071,0.0001246999910358513,0.0001246999910358513,1.0,0.0,1.0,1.0,192.2,5,5
main_morgan_r2_43,molecular_fingerprint,0.000941440451358299,0.000941440451358299,-0.00029842919212840803,-0.00029842919212840803,1.0,0.0,0.5,0.5,163.2,5,5
curing_AromaticRings,molecular_descriptor,0.000843683656713067,0.000843683656713067,-0.00034695045953278054,-0.00034695045953278054,1.0,0.0,0.6666666666666666,0.3333333333333333,194.4,5,5
curing_morgan_r2_4,molecular_fingerprint,0.0008344021566515071,0.0008344021566515071,0.0006424043230109855,0.0006424043230109855,1.0,0.0,1.0,1.0,169.4,5,5
co_LogP,molecular_descriptor,0.0008313985400414416,0.0008313985400414416,6.967126912544078e-05,6.967126912544078e-05,1.0,0.0,1.0,1.0,205.2,5,5
S_content wt%,elemental_composition,0.0006805520112482689,0.0006805520112482689,0.00024442999856098504,0.00024442999856098504,1.0,0.0,0.5,0.5,188.6,5,5
main_morgan_r2_109,molecular_fingerprint,0.0006592342643752831,0.0006592342643752831,0.0002721844500241349,0.0002721844500241349,1.0,0.0,0.5,0.5,191.4,5,5
main_morgan_r2_54,molecular_fingerprint,0.0006498379859385161,0.0006498379859385161,-3.26133054699296e-05,-3.26133054699296e-05,1.0,0.0,0.5,0.5,170.6,5,5
main_morgan_r2_79,molecular_fingerprint,0.0006264589056541698,0.0006264589056541698,-0.00034181737472436076,-0.00034181737472436076,1.0,0.0,1.0,0.0,181.6,5,5
main_morgan_r2_92,molecular_fingerprint,0.0005966258374493784,0.0005966258374493784,0.0002775332560950456,0.0002775332560950456,1.0,0.0,1.0,1.0,201.2,5,5
Has_N,elemental_composition,0.000555463847363744,0.000555463847363744,1.011868155809579e-05,1.011868155809579e-05,1.0,0.0,0.5,0.5,144.0,5,5
main_morgan_r2_26,molecular_fingerprint,0.0005544579976209812,0.0005544579976209812,0.0003153823056823562,0.0003153823056823562,1.0,0.0,1.0,1.0,178.4,5,5
main_morgan_r2_7,molecular_fingerprint,0.0005523764658723092,0.0005523764658723092,0.00023712715915731104,0.00023712715915731104,1.0,0.0,0.5,0.5,153.2,5,5
main_morgan_r2_6,molecular_fingerprint,0.0005421911432114802,0.0005421911432114802,0.00019364007320557533,0.00019364007320557533,1.0,0.0,1.0,1.0,150.6,5,5
main_morgan_r2_103,molecular_fingerprint,0.0004327878628922312,0.0004327878628922312,-5.72192962691353e-05,-5.72192962691353e-05,1.0,0.0,1.0,0.0,197.4,5,5
main_morgan_r2_57,molecular_fingerprint,0.0004323440177849314,0.0004323440177849314,-0.00025940095289748836,-0.00025940095289748836,1.0,0.0,0.5,0.5,179.4,5,5
main_morgan_r2_91,molecular_fingerprint,0.0004065628446455943,0.0004065628446455943,0.00010303055810567861,0.00010303055810567861,1.0,0.0,0.5,0.5,194.8,5,5
main_morgan_r2_4,molecular_fingerprint,0.00039364382738717207,0.00039364382738717207,-5.958672564863972e-05,-5.958672564863972e-05,1.0,0.0,0.5,0.5,155.6,5,5
S_loading_real,formulation_loading,0.00035799007607794535,0.00035799007607794535,1.4185174808218389e-05,1.4185174808218389e-05,1.0,0.0,0.5,0.5,173.4,5,5
main_morgan_r2_59,molecular_fingerprint,0.00034995168311044195,0.00034995168311044195,-4.598579103199654e-05,-4.598579103199654e-05,1.0,0.0,0.5,0.5,177.2,5,5
P_S_loading_product,formulation_loading,0.00033394840364976355,0.00033394840364976355,4.3919604659633985e-05,4.3919604659633985e-05,1.0,0.0,0.5,0.5,151.4,5,5
Synergy_type_P-Si,other,0.0003018328257846101,0.0003018328257846101,8.501383823211128e-05,8.501383823211128e-05,1.0,0.0,0.5,0.5,218.8,5,5
S/P_ratio_sqrt,elemental_composition,0.00020006661366440954,0.00020006661366440954,-1.3302392334826096e-05,-1.3302392334826096e-05,1.0,0.0,1.0,0.0,164.6,5,5
S/P_ratio_sq,elemental_composition,0.0001932105639221609,0.0001932105639221609,2.0948403478508215e-06,2.0948403478508215e-06,1.0,0.0,0.5,0.5,162.0,5,5
S/P ratio,elemental_composition,0.00017429266940020065,0.00017429266940020065,3.73418192436003e-06,3.73418192436003e-06,1.0,0.0,0.5,0.5,148.8,5,5
co_AromaticRings,molecular_descriptor,0.00017051154892871843,0.00017051154892871843,-0.00015558680441457308,-0.00015558680441457308,1.0,0.0,0.5,0.5,218.2,5,5
main_morgan_r2_28,molecular_fingerprint,0.0001653825585284789,0.0001653825585284789,-4.5765898437080246e-05,-4.5765898437080246e-05,1.0,0.0,0.5,0.5,179.2,5,5
S_loading_real_sqrt,formulation_loading,0.00015769230270104716,0.00015769230270104716,-1.5383221466587807e-05,-1.5383221466587807e-05,1.0,0.0,1.0,0.0,170.2,5,5
main_morgan_r2_32,molecular_fingerprint,0.00015313447632095433,0.00015313447632095433,1.5911990781693976e-05,1.5911990781693976e-05,1.0,0.0,0.5,0.5,177.8,5,5
main_morgan_r2_97,molecular_fingerprint,0.0001431299936626871,0.0001431299936626871,-6.15392664835612e-05,-6.15392664835612e-05,1.0,0.0,0.5,0.5,201.6,5,5
Has_S,elemental_composition,0.00012378252418579063,0.00012378252418579063,-2.593592662361955e-05,-2.593592662361955e-05,1.0,0.0,0.5,0.5,157.2,5,5
S_content_wt%_sq,elemental_composition,9.69377961698683e-05,9.69377961698683e-05,4.7474422388901355e-05,4.7474422388901355e-05,1.0,0.0,1.0,1.0,169.4,5,5
S_loading_real_sq,formulation_loading,7.017062386300191e-05,7.017062386300191e-05,2.9262182813066882e-05,2.9262182813066882e-05,1.0,0.0,1.0,1.0,185.2,5,5
co_MolWt,molecular_descriptor,4.214891646659925e-05,4.214891646659925e-05,-1.67187530446595e-05,-1.67187530446595e-05,1.0,0.0,0.5,0.5,224.6,5,5
co_TPSA,molecular_descriptor,3.651808510090228e-05,3.651808510090228e-05,-2.9297384355534942e-05,-2.9297384355534942e-05,1.0,0.0,1.0,0.0,230.2,5,5
Has_P,elemental_composition,1.1956968603448738e-05,1.1956968603448738e-05,-3.7233898398914817e-06,-3.7233898398914817e-06,1.0,0.0,1.0,0.0,166.4,5,5
main_morgan_r2_56,molecular_fingerprint,1.0980785172756034e-05,1.0980785172756034e-05,-1.0980785172756034e-05,-1.0980785172756034e-05,1.0,0.0,1.0,0.0,199.6,5,5
co_morgan_r2_51,molecular_fingerprint,6.364734521614285e-06,6.364734521614285e-06,-6.183615916395663e-06,-6.183615916395663e-06,1.0,0.0,1.0,0.0,221.2,5,5
co_HeavyAtomCount,other,4.911278730610826e-06,4.911278730610826e-06,-2.5886663454204816e-06,-2.5886663454204816e-06,1.0,0.0,1.0,0.0,235.4,5,5
Co_FR_present,other,2.5010807229490545e-06,2.5010807229490545e-06,1.189172867776102e-06,1.189172867776102e-06,1.0,0.0,1.0,1.0,196.2,5,5
co_RingCount,molecular_descriptor,2.443324970280864e-06,2.443324970280864e-06,1.6139392487443895e-06,1.6139392487443895e-06,1.0,0.0,0.5,0.5,234.2,5,5
co_HBA,other,2.3778852536014276e-06,2.3778852536014276e-06,-8.676266070661193e-07,-8.676266070661193e-07,1.0,0.0,0.5,0.5,238.6,5,5
P_x_curing_FractionCSP3,molecular_descriptor,0.02085346295490906,0.026066828693636326,-0.0029958696684852823,-0.003744837085606603,0.8,0.0,0.5,0.5,98.8,4,5
P_N_loading_ratio,formulation_loading,0.01172637225474704,0.0146579653184338,-0.0009431518017473994,-0.0011789397521842493,0.8,0.0,0.75,0.25,117.4,4,5
curing_morgan_r2_78,molecular_fingerprint,0.010733169635594838,0.013416462044493548,0.00021669103182399407,0.0002708637897799926,0.8,0.0,0.6666666666666666,0.6666666666666666,114.2,4,5
main_morgan_r2_12,molecular_fingerprint,0.00676901141927595,0.008461264274094937,0.0032992515628830384,0.004124064453603798,0.8,0.0,0.5,0.5,145.2,4,5
curing_morgan_r2_33,molecular_fingerprint,0.005822187221216692,0.007277734026520865,0.0015260458084263107,0.0019075572605328883,0.8,0.0,0.6666666666666666,0.6666666666666666,132.0,4,5
main_morgan_r2_68,molecular_fingerprint,0.004034273665603266,0.005042842082004082,0.0004768552888578965,0.0005960691110723707,0.8,0.0,0.6666666666666666,0.6666666666666666,160.4,4,5
Synergy_type_P-N-Si-Ti,other,0.003804585700544218,0.004755732125680273,-0.003804585700544218,-0.004755732125680273,0.8,0.0,1.0,0.0,216.2,4,5
main_morgan_r2_101,molecular_fingerprint,0.003168872421565537,0.003961090526956921,-0.00014482844559158078,-0.00018103555698947596,0.8,0.0,0.6666666666666666,0.3333333333333333,165.2,4,5
Si/P_ratio_sq,elemental_composition,0.002972211334989744,0.0037152641687371803,0.001303448077097326,0.0016293100963716573,0.8,0.0,0.75,0.75,160.2,4,5
Has_Si,elemental_composition,0.002646787342096542,0.0033084841776206773,-0.0014892611430345655,-0.0018615764287932069,0.8,0.0,1.0,0.0,166.8,4,5
main_morgan_r2_41,molecular_fingerprint,0.0024173364657026465,0.003021670582128308,0.0005771598586554523,0.0007214498233193155,0.8,0.0,1.0,1.0,173.0,4,5
curing_morgan_r2_123,molecular_fingerprint,0.002125903427004772,0.002657379283755965,-0.0005978939674947728,-0.000747367459368466,0.8,0.0,0.6666666666666666,0.3333333333333333,151.2,4,5
CuringAgent_Has_N,molecular_descriptor,0.0012638050217714468,0.0015797562772143087,0.0009414047800585613,0.0011767559750732017,0.8,0.0,1.0,1.0,165.6,4,5
Synergy_type_P-P,other,0.001180273706085548,0.0014753421326069351,0.0002827840578969093,0.0003534800723711366,0.8,0.0,0.75,0.25,172.4,4,5
Si/P ratio,elemental_composition,0.0011275148963674699,0.0014093936204593374,0.00010959362759915708,0.00013699203449894635,0.8,0.0,0.5,0.5,160.8,4,5
curing_morgan_r2_86,molecular_fingerprint,0.0010911504482382615,0.001363938060297827,-0.0008564126479635618,-0.0010705158099544522,0.8,0.0,0.6666666666666666,0.3333333333333333,166.8,4,5
main_morgan_r2_62,molecular_fingerprint,0.0010848323992567774,0.0013560404990709718,5.1912785034531576e-05,6.489098129316447e-05,0.8,0.0,0.5,0.5,183.2,4,5
main_morgan_r2_51,molecular_fingerprint,0.0010134947733754667,0.0012668684667193335,0.00044805005253963125,0.0005600625656745391,0.8,0.0,1.0,1.0,189.8,4,5
curing_morgan_r2_18,molecular_fingerprint,0.0007841995789009766,0.0009802494736262208,0.0004263801191635947,0.0005329751489544934,0.8,0.0,1.0,1.0,156.0,4,5
main_morgan_r2_93,molecular_fingerprint,0.0004635513024086658,0.0005794391280108322,3.3072985119630426e-05,4.134123139953803e-05,0.8,0.0,0.5,0.5,196.6,4,5
curing_morgan_r2_68,molecular_fingerprint,0.0003147574904963525,0.0003934468631204406,4.431557079644536e-05,5.53944634955567e-05,0.8,0.0,1.0,1.0,171.8,4,5
B_loading_real_sqrt,formulation_loading,0.00020445899061909316,0.00025557373827386645,1.550165251467627e-05,1.9377065643345337e-05,0.8,0.0,0.5,0.5,193.4,4,5
main_co_similarity,other,0.00015257152061086445,0.00019071440076358056,-8.08411637509481e-05,-0.00010105145468868512,0.8,0.0,0.5,0.5,194.6,4,5
main_co_similarity_sq,other,0.00015099094429647434,0.0001887386803705929,-7.899884384820594e-05,-9.874855481025743e-05,0.8,0.0,0.5,0.5,194.6,4,5
B_content_wt%_sqrt,elemental_composition,0.00012497283046697567,0.0001562160380837196,1.0687091051227916e-05,1.3358863814034896e-05,0.8,0.0,1.0,1.0,187.0,4,5
main_morgan_r2_13,molecular_fingerprint,0.00012064666607858711,0.0001508083325982339,-8.578997276732413e-05,-0.00010723746595915516,0.8,0.0,1.0,0.0,203.4,4,5
B_content wt%,elemental_composition,0.00011319751128596382,0.00014149688910745478,-4.6013618401452206e-05,-5.7517023001815254e-05,0.8,0.0,0.5,0.5,212.4,4,5
curing_morgan_r2_19,molecular_fingerprint,8.113950508454256e-05,0.00010142438135567821,7.01673029620401e-05,8.770912870255013e-05,0.8,0.0,1.0,1.0,168.6,4,5
Synergy_type_P-N-S,other,6.46773361905717e-05,8.084667023821462e-05,2.9341227167875594e-05,3.667653395984449e-05,0.8,0.0,1.0,1.0,212.4,4,5
curing_morgan_r2_81,molecular_fingerprint,5.1443682448330535e-05,6.430460306041317e-05,3.499768940350299e-05,4.374711175437874e-05,0.8,0.0,1.0,1.0,192.8,4,5
B_loading_real,formulation_loading,4.051208082172605e-05,5.064010102715756e-05,-1.5988173868714107e-05,-1.9985217335892636e-05,0.8,0.0,1.0,0.0,198.4,4,5
curing_morgan_r2_8,molecular_fingerprint,3.9468679965163286e-05,4.9335849956454104e-05,3.939037478563412e-05,4.923796848204265e-05,0.8,0.0,1.0,1.0,227.4,4,5
B_loading_real_sq,formulation_loading,3.5619411235933916e-05,4.4524264044917396e-05,7.587518387784542e-07,9.484397984730677e-07,0.8,0.0,0.5,0.5,198.4,4,5
B_content_wt%_sq,elemental_composition,3.434280412437619e-05,4.2928505155470235e-05,6.834057343507149e-06,8.542571679383937e-06,0.8,0.0,1.0,1.0,196.8,4,5
co_morgan_r2_100,molecular_fingerprint,2.48697541478409e-05,3.108719268480113e-05,-5.973995214272118e-06,-7.467494017840148e-06,0.8,0.0,0.5,0.5,221.4,4,5
curing_RingCount,molecular_descriptor,1.747312055064227e-05,2.184140068830284e-05,1.4263900826874845e-05,1.7829876033593555e-05,0.8,0.0,1.0,1.0,228.8,4,5
co_RotBonds,other,1.539599747118498e-05,1.9244996838981223e-05,-3.375645774516062e-06,-4.219557218145078e-06,0.8,0.0,1.0,0.0,246.2,4,5
P_B_loading_product,formulation_loading,1.1539536822561381e-05,1.4424421028201726e-05,-4.426155145564634e-06,-5.5326939319557925e-06,0.8,0.0,1.0,0.0,211.0,4,5
co_morgan_r2_9,molecular_fingerprint,4.528031839678684e-06,5.660039799598355e-06,4.528031839678684e-06,5.660039799598355e-06,0.8,0.0,1.0,1.0,252.6,4,5
co_morgan_r2_113,molecular_fingerprint,2.821303532174272e-06,3.52662941521784e-06,2.6186179731869043e-06,3.2732724664836303e-06,0.8,0.0,1.0,1.0,231.0,4,5
co_morgan_r2_3,molecular_fingerprint,2.0859050047066463e-06,2.6073812558833077e-06,2.0859050047066463e-06,2.6073812558833077e-06,0.8,0.0,1.0,1.0,252.2,4,5
Synergy_type_P-N-Si-Zr,other,1.5409167907718156e-06,1.9261459884647695e-06,1.5409167907718156e-06,1.9261459884647695e-06,0.8,0.0,1.0,1.0,249.0,4,5
main_morgan_r2_53,molecular_fingerprint,1.5276417705333895e-06,1.909552213166737e-06,-1.086077963312467e-06,-1.3575974541405838e-06,0.8,0.0,1.0,0.0,213.2,4,5
curing_morgan_r2_66,molecular_fingerprint,5.397102968008428e-07,6.746378710010535e-07,5.397102968008428e-07,6.746378710010535e-07,0.8,0.0,1.0,1.0,202.8,4,5
co_FractionCSP3,molecular_descriptor,3.30905792199903e-07,4.1363224024987875e-07,-3.2267528068688173e-07,-4.0334410085860215e-07,0.8,0.0,1.0,0.0,252.4,4,5
co_HBD,other,3.2091407855558723e-07,4.0114259819448406e-07,3.2091407855558723e-07,4.0114259819448406e-07,0.8,0.0,1.0,1.0,254.0,4,5
CuringAgent_Has_B,molecular_descriptor,0.0,0.0,0.0,0.0,0.8,0.0,,,203.2,4,5
CuringAgent_Has_P,molecular_descriptor,0.0,0.0,0.0,0.0,0.8,0.0,,,205.0,4,5
P_x_CuringAgent_Has_B,molecular_descriptor,0.0,0.0,0.0,0.0,0.8,0.0,,,194.6,4,5
P_x_CuringAgent_Has_P,molecular_descriptor,0.0,0.0,0.0,0.0,0.8,0.0,,,196.4,4,5
Synergy_type_P-N-B,other,0.0,0.0,0.0,0.0,0.8,0.0,,,234.2,4,5
Synergy_type_P-Si-B,other,0.0,0.0,0.0,0.0,0.8,0.0,,,253.8,4,5
co_morgan_r2_102,molecular_fingerprint,0.0,0.0,0.0,0.0,0.8,0.0,,,232.8,4,5
co_morgan_r2_7,molecular_fingerprint,0.0,0.0,0.0,0.0,0.8,0.0,,,236.6,4,5
curing_morgan_r2_1,molecular_fingerprint,0.0,0.0,0.0,0.0,0.8,0.0,,,234.6,4,5
Synergy_type_P-N-Si,other,0.003221053068492405,0.005368421780820675,-0.00110515282154854,-0.0018419213692475666,0.6,0.0,1.0,0.0,219.2,3,5
main_morgan_r2_83,molecular_fingerprint,0.001187044196964929,0.0019784069949415482,0.0011188283038401877,0.0018647138397336462,0.6,0.0,0.5,0.5,223.6,3,5
main_morgan_r2_72,molecular_fingerprint,0.0009741902489191417,0.001623650414865236,0.00031693795728225053,0.0005282299288037509,0.6,0.0,1.0,1.0,213.6,3,5
main_morgan_r2_20,molecular_fingerprint,0.0007291287579506993,0.0012152145965844989,0.0005131835950117723,0.0008553059916862872,0.6,0.0,1.0,1.0,213.8,3,5
main_morgan_r2_29,molecular_fingerprint,0.0006716089081833666,0.001119348180305611,0.00022230337851599164,0.0003705056308599861,0.6,0.0,0.5,0.5,214.4,3,5
Has_B,elemental_composition,2.1117019877743184e-05,3.519503312957197e-05,-1.7925083071329734e-05,-2.9875138452216225e-05,0.6,0.0,1.0,0.0,211.2,3,5
co_morgan_r2_45,molecular_fingerprint,1.060789047429959e-05,1.7679817457165985e-05,-1.060789047429959e-05,-1.7679817457165985e-05,0.6,0.0,1.0,0.0,264.8,3,5
co_morgan_r2_10,molecular_fingerprint,9.387755956224822e-06,1.564625992704137e-05,5.691958915256826e-06,9.48659819209471e-06,0.6,0.0,1.0,1.0,258.6,3,5
co_morgan_r2_80,molecular_fingerprint,8.252310320838462e-06,1.3753850534730768e-05,4.775039780522801e-06,7.958399634204668e-06,0.6,0.0,1.0,1.0,259.2,3,5
co_morgan_r2_123,molecular_fingerprint,1.606989561373161e-06,2.678315935621935e-06,1.606989561373161e-06,2.678315935621935e-06,0.6,0.0,1.0,1.0,237.8,3,5
curing_morgan_r2_73,molecular_fingerprint,4.90295183327463e-07,8.171586388791051e-07,-3.756765724608192e-07,-6.26127620768032e-07,0.6,0.0,1.0,0.0,239.0,3,5
co_morgan_r2_0,molecular_fingerprint,0.0,0.0,0.0,0.0,0.6,0.0,,,258.6,3,5
co_morgan_r2_1,molecular_fingerprint,0.0,0.0,0.0,0.0,0.6,0.0,,,255.0,3,5
co_morgan_r2_13,molecular_fingerprint,0.0,0.0,0.0,0.0,0.6,0.0,,,244.4,3,5
co_morgan_r2_5,molecular_fingerprint,0.0,0.0,0.0,0.0,0.6,0.0,,,258.2,3,5
curing_morgan_r2_80,molecular_fingerprint,0.014575756989134886,0.036439392472837215,0.0024494528335570883,0.00612363208389272,0.4,0.0,1.0,1.0,188.6,2,5
Si_content_wt%_sqrt,elemental_composition,0.003168109992426456,0.00792027498106614,0.0012350428394005985,0.003087607098501496,0.4,0.0,1.0,1.0,210.4,2,5
main_morgan_r2_106,molecular_fingerprint,0.002245350853137601,0.005613377132844002,0.0007048568211193925,0.0017621420527984813,0.4,0.0,1.0,1.0,214.6,2,5
B/P_ratio_sqrt,elemental_composition,5.7651408844523985e-05,0.00014412852211130996,-5.7651408844523985e-05,-0.00014412852211130996,0.4,0.0,1.0,0.0,229.0,2,5
Si/P_ratio_sqrt,elemental_composition,3.0086590897621204e-05,7.521647724405301e-05,-2.16334309704204e-05,-5.4083577426051e-05,0.4,0.0,1.0,0.0,248.6,2,5
Synergy_type_P-N-Si-B,other,0.0,0.0,0.0,0.0,0.4,0.0,,,275.6,2,5
Synergy_type_P-N-Si-S,other,0.0,0.0,0.0,0.0,0.4,0.0,,,261.6,2,5
co_morgan_r2_16,molecular_fingerprint,0.0,0.0,0.0,0.0,0.4,0.0,,,276.0,2,5
co_morgan_r2_39,molecular_fingerprint,0.0,0.0,0.0,0.0,0.4,0.0,,,276.0,2,5
curing_morgan_r2_114,molecular_fingerprint,0.0,0.0,0.0,0.0,0.4,0.0,,,252.4,2,5
Si_content wt%,elemental_composition,0.001807482420599677,0.009037412102998386,0.0004881913905419925,0.0024409569527099623,0.2,0.0,1.0,1.0,254.0,1,5
Synergy_type_P-only,other,1.7644506406483102e-05,8.82225320324155e-05,1.126147729411497e-05,5.630738647057485e-05,0.2,0.0,1.0,1.0,277.8,1,5
B/P ratio,elemental_composition,0.0,0.0,0.0,0.0,0.2,0.0,,,256.4,1,5
B/P_ratio_sq,elemental_composition,0.0,0.0,0.0,0.0,0.2,0.0,,,264.6,1,5
Synergy_type_P-N-Al,other,0.0,0.0,0.0,0.0,0.2,0.0,,,262.0,1,5
co_morgan_r2_38,molecular_fingerprint,0.0,0.0,0.0,0.0,0.2,0.0,,,259.8,1,5
co_morgan_r2_55,molecular_fingerprint,0.0,0.0,0.0,0.0,0.2,0.0,,,284.8,1,5
co_morgan_r2_81,molecular_fingerprint,0.0,0.0,0.0,0.0,0.2,0.0,,,278.2,1,5
curing_morgan_r2_5,molecular_fingerprint,0.0,0.0,0.0,0.0,0.2,0.0,,,285.6,1,5
