task,parent_rank_conservative,parent_variable,parent_variable_cn,parent_feature_group,parent_stability_level,average_output_direction_cn,performance_direction_cn,physical_meaning_cn,mechanism_interpretation_cn,writing_caution_cn,literature_support_needed_cn,child_features
TS_MPa,1,EP matrix TS,未改性EP的TS基线,ep_baseline,High,不同外层折或子特征的平均SHAP方向不完全一致,不能判断有利/不利；必须结合样本级SHAP依赖图,表征未改性环氧基体在相同指标上的初始水平与跨文献基体差异。,基线性能可决定阻燃改性后的绝对性能起点，因此模型可能首先利用基体初始差异，再学习阻燃剂带来的增量。该变量不是阻燃剂分子本身的机理证据。,应避免将其解释为DOPO结构效应；建议同时报告Delta任务或进行基线控制分析。,补充环氧基体组成、固化体系和初始燃烧性能对改性结果影响的文献。,EP_matrix_TS; EP_matrix_TS_sq; EP_matrix_TS_sqrt
TS_MPa,2,Synergy × EP matrix TS,协同状态×未改性EP的TS,formulation_interaction,High,降低TS预测值,总体方向与目标优化方向相反,表征是否存在协同组分、协同类型及其与剂量或基体的交互。,协同体系可能通过多相阻燃路径、成炭增强、自由基抑制或屏蔽效应获得高于单一组分的性能，但也可能出现拮抗。,模型中的协同标记是配方类别信息，不能单独证明协同高于线性叠加。,补充协同定义、线性期望比较以及P–N/P–Si/P–B体系文献。,Synergy_x_EP_matrix_TS
TS_MPa,3,Main FR RotBonds,主阻燃剂可旋转键数,molecular_descriptor,Medium,不同外层折或子特征的平均SHAP方向不完全一致,不能判断有利/不利；必须结合样本级SHAP依赖图,表征分子柔性、构象自由度和脂肪化程度。,柔性影响分散、网络运动和裂纹耗能；过高柔性可能降低刚性、Tg或芳香成炭倾向。,其作用可能在阻燃性能与力学/热性能之间存在权衡。,补充刚柔协同、链段运动和芳香成炭相关文献。,main_RotBonds
TS_MPa,4,Main FR HBD,主阻燃剂氢键供体数,molecular_descriptor,Medium,不同外层折或子特征的平均SHAP方向不完全一致,不能判断有利/不利；必须结合样本级SHAP依赖图,表征分子极性、氢键作用和潜在反应/相互作用位点。,极性与氢键位点可影响环氧/固化剂相容性、固化反应和凝聚相网络结构。,描述符贡献不等于特定官能团已经发生反应，需结合结构和固化化学确认。,补充极性官能团、氢键及反应型DOPO固化行为文献。,main_HBD
TS_MPa,5,Main FR MORGAN_R2 bit 27,主阻燃剂MORGAN_R2指纹位27,molecular_fingerprint,Medium,不同外层折或子特征的平均SHAP方向不完全一致,不能判断有利/不利；必须结合样本级SHAP依赖图,表征分子中的局部原子环境或子结构片段。,稳定指纹位说明特定局部结构对模型预测有重复贡献，但只有映射回具体子结构后才能讨论DOPO核心、P–N/P–Si连接、芳香片段或反应性官能团。,未完成RDKit位映射前，不得把指纹编号直接写成化学机理。,先完成指纹位—子结构映射，再检索对应结构单元的阻燃或固化机理文献。,main_morgan_r2_27
TS_MPa,6,Curing agent MORGAN_R2 bit 22,固化剂MORGAN_R2指纹位22,molecular_fingerprint,Medium,不同外层折或子特征的平均SHAP方向不完全一致,不能判断有利/不利；必须结合样本级SHAP依赖图,表征分子中的局部原子环境或子结构片段。,稳定指纹位说明特定局部结构对模型预测有重复贡献，但只有映射回具体子结构后才能讨论DOPO核心、P–N/P–Si连接、芳香片段或反应性官能团。,未完成RDKit位映射前，不得把指纹编号直接写成化学机理。,先完成指纹位—子结构映射，再检索对应结构单元的阻燃或固化机理文献。,curing_morgan_r2_22
TS_MPa,7,P–N loading–composition interaction,P–N添加量–组成交互,formulation_interaction,Medium,降低TS预测值,总体方向与目标优化方向相反,表征磷与氮有效负载的组合关系。,该组合可反映P–N协同潜力，包括气相稀释/自由基抑制与凝聚相膨胀成炭的共同作用。,工程化和/比值特征只表示统计交互，不证明分子内P–N协同。,补充P–N协同阻燃及不同P/N比例的文献。,P_N_loading_ratio
TS_MPa,8,P content × curing-agent FractionCSP3,磷含量×固化剂sp3碳比例,molecular_interaction,Medium,不同外层折或子特征的平均SHAP方向不完全一致,不能判断有利/不利；必须结合样本级SHAP依赖图,表征磷组成/负载与固化剂分子结构或元素特征的耦合。,固化剂的极性、反应位点、刚性和柔性会改变环氧网络结构，使相同磷负载在不同固化体系中表现出不同的燃烧与热性能。,这是统计交互项，不能直接等同于P与固化剂发生特定化学键合。,补充含磷阻燃剂—固化剂协同、交联密度和网络结构相关文献。,P_x_curing_FractionCSP3
Tg,1,EP matrix Tg,未改性EP的Tg基线,ep_baseline,High,不同外层折或子特征的平均SHAP方向不完全一致,不能判断有利/不利；必须结合样本级SHAP依赖图,表征未改性环氧基体在相同指标上的初始水平与跨文献基体差异。,基线性能可决定阻燃改性后的绝对性能起点，因此模型可能首先利用基体初始差异，再学习阻燃剂带来的增量。该变量不是阻燃剂分子本身的机理证据。,应避免将其解释为DOPO结构效应；建议同时报告Delta任务或进行基线控制分析。,补充环氧基体组成、固化体系和初始燃烧性能对改性结果影响的文献。,EP_matrix_Tg; EP_matrix_Tg_sq; EP_matrix_Tg_sqrt
Tg,2,Maximum cure temperature,最高固化温度,curing_and_preparation,Medium,不同外层折或子特征的平均SHAP方向不完全一致,不能判断有利/不利；必须结合样本级SHAP依赖图,表征体系采用的最高固化温度。,固化温度影响反应完成度、交联密度、相分离和网络缺陷，从而间接改变热分解、燃烧和力学行为。,最高温度不能完整代表升温程序、保温时间和后固化过程。,补充固化制度对环氧交联网络、Tg和阻燃性能影响的文献。,Cure_Temp_Max
Tg,3,CuringAgent_Has_S,CuringAgent_Has_S,molecular_descriptor,Medium,不同外层折或子特征的平均SHAP方向不完全一致,不能判断有利/不利；必须结合样本级SHAP依赖图,表征父变量“CuringAgent_Has_S”对应的配方、结构或测试信息。,该变量在多折模型中具有稳定贡献，说明模型重复利用了该信息；具体材料机理需结合原始结构、依赖图和文献验证。,SHAP仅反映模型依赖关系，不证明因果或单调关系。,根据该变量对应的化学结构或实验条件补充直接文献证据。,CuringAgent_Has_S
Tg,4,Curing agent MolMR,固化剂MolMR,molecular_descriptor,Medium,不同外层折或子特征的平均SHAP方向不完全一致,不能判断有利/不利；必须结合样本级SHAP依赖图,表征父变量“固化剂MolMR”对应的配方、结构或测试信息。,该变量在多折模型中具有稳定贡献，说明模型重复利用了该信息；具体材料机理需结合原始结构、依赖图和文献验证。,SHAP仅反映模型依赖关系，不证明因果或单调关系。,根据该变量对应的化学结构或实验条件补充直接文献证据。,curing_MolMR
Tg,5,Main FR BalabanJ,主阻燃剂Balaban拓扑指数,molecular_descriptor,Medium,不同外层折或子特征的平均SHAP方向不完全一致,不能判断有利/不利；必须结合样本级SHAP依赖图,表征分子拓扑连接复杂度。,拓扑复杂度可间接反映支化、环化和连接方式，这些因素可能影响分散、成炭和网络构筑。,拓扑指数缺乏直接机理含义，应与具体分子结构共同解释。,补充支化/超支化DOPO结构与成炭、相容性和力学行为文献。,main_BalabanJ
Tg,6,P content × curing-agent LogP,磷含量×固化剂脂水分配/疏水性,molecular_interaction,Medium,不同外层折或子特征的平均SHAP方向不完全一致,不能判断有利/不利；必须结合样本级SHAP依赖图,表征磷组成/负载与固化剂分子结构或元素特征的耦合。,固化剂的极性、反应位点、刚性和柔性会改变环氧网络结构，使相同磷负载在不同固化体系中表现出不同的燃烧与热性能。,这是统计交互项，不能直接等同于P与固化剂发生特定化学键合。,补充含磷阻燃剂—固化剂协同、交联密度和网络结构相关文献。,P_x_curing_LogP
Tg,7,Main FR FractionCSP3,主阻燃剂sp3碳比例,molecular_descriptor,Medium,不同外层折或子特征的平均SHAP方向不完全一致,不能判断有利/不利；必须结合样本级SHAP依赖图,表征分子柔性、构象自由度和脂肪化程度。,柔性影响分散、网络运动和裂纹耗能；过高柔性可能降低刚性、Tg或芳香成炭倾向。,其作用可能在阻燃性能与力学/热性能之间存在权衡。,补充刚柔协同、链段运动和芳香成炭相关文献。,main_FractionCSP3
Tg,8,(FR loading × P content) × synergy,（阻燃剂添加量×磷含量）×协同状态,formulation_interaction,Medium,不同外层折或子特征的平均SHAP方向不完全一致,不能判断有利/不利；必须结合样本级SHAP依赖图,表征是否存在协同组分、协同类型及其与剂量或基体的交互。,协同体系可能通过多相阻燃路径、成炭增强、自由基抑制或屏蔽效应获得高于单一组分的性能，但也可能出现拮抗。,模型中的协同标记是配方类别信息，不能单独证明协同高于线性叠加。,补充协同定义、线性期望比较以及P–N/P–Si/P–B体系文献。,P_loading_x_Synergy
Tg,9,P–S loading–composition interaction,P–S添加量–组成交互,formulation_interaction,Medium,不同外层折或子特征的平均SHAP方向不完全一致,不能判断有利/不利；必须结合样本级SHAP依赖图,表征父变量“P–S添加量–组成交互”对应的配方、结构或测试信息。,该变量在多折模型中具有稳定贡献，说明模型重复利用了该信息；具体材料机理需结合原始结构、依赖图和文献验证。,SHAP仅反映模型依赖关系，不证明因果或单调关系。,根据该变量对应的化学结构或实验条件补充直接文献证据。,P_S_loading_sum; P_S_loading_ratio
Tg,10,Synergy × EP matrix Tg,协同状态×未改性EP的Tg,formulation_interaction,Medium,不同外层折或子特征的平均SHAP方向不完全一致,不能判断有利/不利；必须结合样本级SHAP依赖图,表征是否存在协同组分、协同类型及其与剂量或基体的交互。,协同体系可能通过多相阻燃路径、成炭增强、自由基抑制或屏蔽效应获得高于单一组分的性能，但也可能出现拮抗。,模型中的协同标记是配方类别信息，不能单独证明协同高于线性叠加。,补充协同定义、线性期望比较以及P–N/P–Si/P–B体系文献。,Synergy_x_EP_matrix_Tg
Tg,11,P–N loading–composition interaction,P–N添加量–组成交互,formulation_interaction,Medium,不同外层折或子特征的平均SHAP方向不完全一致,不能判断有利/不利；必须结合样本级SHAP依赖图,表征磷与氮有效负载的组合关系。,该组合可反映P–N协同潜力，包括气相稀释/自由基抑制与凝聚相膨胀成炭的共同作用。,工程化和/比值特征只表示统计交互，不证明分子内P–N协同。,补充P–N协同阻燃及不同P/N比例的文献。,P_N_loading_ratio
Tg,12,P content × curing-agent FractionCSP3,磷含量×固化剂sp3碳比例,molecular_interaction,Medium,不同外层折或子特征的平均SHAP方向不完全一致,不能判断有利/不利；必须结合样本级SHAP依赖图,表征磷组成/负载与固化剂分子结构或元素特征的耦合。,固化剂的极性、反应位点、刚性和柔性会改变环氧网络结构，使相同磷负载在不同固化体系中表现出不同的燃烧与热性能。,这是统计交互项，不能直接等同于P与固化剂发生特定化学键合。,补充含磷阻燃剂—固化剂协同、交联密度和网络结构相关文献。,P_x_curing_FractionCSP3
Tg,13,Main FR BertzCT,主阻燃剂BertzCT,molecular_descriptor,Medium,不同外层折或子特征的平均SHAP方向不完全一致,不能判断有利/不利；必须结合样本级SHAP依赖图,表征父变量“主阻燃剂BertzCT”对应的配方、结构或测试信息。,该变量在多折模型中具有稳定贡献，说明模型重复利用了该信息；具体材料机理需结合原始结构、依赖图和文献验证。,SHAP仅反映模型依赖关系，不证明因果或单调关系。,根据该变量对应的化学结构或实验条件补充直接文献证据。,main_BertzCT
