task,split,outer_fold,score,source
LOI,molecule,1,0.6744742949853715,C:\Users\26981\OneDrive\Desktop\课题1\python_work\ML_DOPO_Project\results\scientific_validation\FINAL_grouping_sensitivity_5x5\LOI\molecule\formulation\without_BDE\LOI_outer_fold_metrics.csv
LOI,molecule,2,0.716373502930443,C:\Users\26981\OneDrive\Desktop\课题1\python_work\ML_DOPO_Project\results\scientific_validation\FINAL_grouping_sensitivity_5x5\LOI\molecule\formulation\without_BDE\LOI_outer_fold_metrics.csv
LOI,molecule,3,0.7239671185198906,C:\Users\26981\OneDrive\Desktop\课题1\python_work\ML_DOPO_Project\results\scientific_validation\FINAL_grouping_sensitivity_5x5\LOI\molecule\formulation\without_BDE\LOI_outer_fold_metrics.csv
LOI,molecule,4,0.7706237383570309,C:\Users\26981\OneDrive\Desktop\课题1\python_work\ML_DOPO_Project\results\scientific_validation\FINAL_grouping_sensitivity_5x5\LOI\molecule\formulation\without_BDE\LOI_outer_fold_metrics.csv
LOI,molecule,5,0.6970358798658709,C:\Users\26981\OneDrive\Desktop\课题1\python_work\ML_DOPO_Project\results\scientific_validation\FINAL_grouping_sensitivity_5x5\LOI\molecule\formulation\without_BDE\LOI_outer_fold_metrics.csv
LOI,reference,1,0.7112108022761632,C:\Users\26981\OneDrive\Desktop\课题1\python_work\ML_DOPO_Project\results\scientific_validation\FINAL_grouping_sensitivity_5x5\LOI\reference\formulation\without_BDE\LOI_outer_fold_metrics.csv
LOI,reference,2,0.8437599282394271,C:\Users\26981\OneDrive\Desktop\课题1\python_work\ML_DOPO_Project\results\scientific_validation\FINAL_grouping_sensitivity_5x5\LOI\reference\formulation\without_BDE\LOI_outer_fold_metrics.csv
LOI,reference,3,0.7042649603065825,C:\Users\26981\OneDrive\Desktop\课题1\python_work\ML_DOPO_Project\results\scientific_validation\FINAL_grouping_sensitivity_5x5\LOI\reference\formulation\without_BDE\LOI_outer_fold_metrics.csv
LOI,reference,4,0.6723306474634974,C:\Users\26981\OneDrive\Desktop\课题1\python_work\ML_DOPO_Project\results\scientific_validation\FINAL_grouping_sensitivity_5x5\LOI\reference\formulation\without_BDE\LOI_outer_fold_metrics.csv
LOI,reference,5,0.6149175755026516,C:\Users\26981\OneDrive\Desktop\课题1\python_work\ML_DOPO_Project\results\scientific_validation\FINAL_grouping_sensitivity_5x5\LOI\reference\formulation\without_BDE\LOI_outer_fold_metrics.csv
LOI,scaffold,1,0.6868349838859172,C:\Users\26981\OneDrive\Desktop\课题1\python_work\ML_DOPO_Project\results\scientific_validation\FINAL_grouping_sensitivity_5x5\LOI\scaffold\formulation\without_BDE\LOI_outer_fold_metrics.csv
LOI,scaffold,2,0.6565873787903627,C:\Users\26981\OneDrive\Desktop\课题1\python_work\ML_DOPO_Project\results\scientific_validation\FINAL_grouping_sensitivity_5x5\LOI\scaffold\formulation\without_BDE\LOI_outer_fold_metrics.csv
LOI,scaffold,3,0.7244878014762307,C:\Users\26981\OneDrive\Desktop\课题1\python_work\ML_DOPO_Project\results\scientific_validation\FINAL_grouping_sensitivity_5x5\LOI\scaffold\formulation\without_BDE\LOI_outer_fold_metrics.csv
LOI,scaffold,4,0.7646618600740436,C:\Users\26981\OneDrive\Desktop\课题1\python_work\ML_DOPO_Project\results\scientific_validation\FINAL_grouping_sensitivity_5x5\LOI\scaffold\formulation\without_BDE\LOI_outer_fold_metrics.csv
LOI,scaffold,5,0.7060246938399819,C:\Users\26981\OneDrive\Desktop\课题1\python_work\ML_DOPO_Project\results\scientific_validation\FINAL_grouping_sensitivity_5x5\LOI\scaffold\formulation\without_BDE\LOI_outer_fold_metrics.csv
PHRR,molecule,1,0.6430469331952922,C:\Users\26981\OneDrive\Desktop\课题1\python_work\ML_DOPO_Project\results\scientific_validation\FINAL_grouping_sensitivity_5x5\PHRR\molecule\formulation\without_BDE\PHRR_outer_fold_metrics.csv
PHRR,molecule,2,0.6235968101164486,C:\Users\26981\OneDrive\Desktop\课题1\python_work\ML_DOPO_Project\results\scientific_validation\FINAL_grouping_sensitivity_5x5\PHRR\molecule\formulation\without_BDE\PHRR_outer_fold_metrics.csv
PHRR,molecule,3,0.5352254971909841,C:\Users\26981\OneDrive\Desktop\课题1\python_work\ML_DOPO_Project\results\scientific_validation\FINAL_grouping_sensitivity_5x5\PHRR\molecule\formulation\without_BDE\PHRR_outer_fold_metrics.csv
PHRR,molecule,4,0.6195957869303628,C:\Users\26981\OneDrive\Desktop\课题1\python_work\ML_DOPO_Project\results\scientific_validation\FINAL_grouping_sensitivity_5x5\PHRR\molecule\formulation\without_BDE\PHRR_outer_fold_metrics.csv
PHRR,molecule,5,0.5964415003305019,C:\Users\26981\OneDrive\Desktop\课题1\python_work\ML_DOPO_Project\results\scientific_validation\FINAL_grouping_sensitivity_5x5\PHRR\molecule\formulation\without_BDE\PHRR_outer_fold_metrics.csv
PHRR,reference,1,0.4939312510717862,C:\Users\26981\OneDrive\Desktop\课题1\python_work\ML_DOPO_Project\results\scientific_validation\FINAL_grouping_sensitivity_5x5\PHRR\reference\formulation\without_BDE\PHRR_outer_fold_metrics.csv
PHRR,reference,2,0.5742232766835982,C:\Users\26981\OneDrive\Desktop\课题1\python_work\ML_DOPO_Project\results\scientific_validation\FINAL_grouping_sensitivity_5x5\PHRR\reference\formulation\without_BDE\PHRR_outer_fold_metrics.csv
PHRR,reference,3,0.635956376948372,C:\Users\26981\OneDrive\Desktop\课题1\python_work\ML_DOPO_Project\results\scientific_validation\FINAL_grouping_sensitivity_5x5\PHRR\reference\formulation\without_BDE\PHRR_outer_fold_metrics.csv
PHRR,reference,4,0.5795265164480712,C:\Users\26981\OneDrive\Desktop\课题1\python_work\ML_DOPO_Project\results\scientific_validation\FINAL_grouping_sensitivity_5x5\PHRR\reference\formulation\without_BDE\PHRR_outer_fold_metrics.csv
PHRR,reference,5,0.5985810906919149,C:\Users\26981\OneDrive\Desktop\课题1\python_work\ML_DOPO_Project\results\scientific_validation\FINAL_grouping_sensitivity_5x5\PHRR\reference\formulation\without_BDE\PHRR_outer_fold_metrics.csv
PHRR,scaffold,1,0.5657604966534358,C:\Users\26981\OneDrive\Desktop\课题1\python_work\ML_DOPO_Project\results\scientific_validation\FINAL_grouping_sensitivity_5x5\PHRR\scaffold\formulation\without_BDE\PHRR_outer_fold_metrics.csv
PHRR,scaffold,2,0.4950193567099078,C:\Users\26981\OneDrive\Desktop\课题1\python_work\ML_DOPO_Project\results\scientific_validation\FINAL_grouping_sensitivity_5x5\PHRR\scaffold\formulation\without_BDE\PHRR_outer_fold_metrics.csv
PHRR,scaffold,3,0.6577424171921559,C:\Users\26981\OneDrive\Desktop\课题1\python_work\ML_DOPO_Project\results\scientific_validation\FINAL_grouping_sensitivity_5x5\PHRR\scaffold\formulation\without_BDE\PHRR_outer_fold_metrics.csv
PHRR,scaffold,4,0.7917676255739583,C:\Users\26981\OneDrive\Desktop\课题1\python_work\ML_DOPO_Project\results\scientific_validation\FINAL_grouping_sensitivity_5x5\PHRR\scaffold\formulation\without_BDE\PHRR_outer_fold_metrics.csv
PHRR,scaffold,5,0.6049156982302504,C:\Users\26981\OneDrive\Desktop\课题1\python_work\ML_DOPO_Project\results\scientific_validation\FINAL_grouping_sensitivity_5x5\PHRR\scaffold\formulation\without_BDE\PHRR_outer_fold_metrics.csv
THR,molecule,1,0.5823455926661751,C:\Users\26981\OneDrive\Desktop\课题1\python_work\ML_DOPO_Project\results\scientific_validation\FINAL_grouping_sensitivity_5x5\THR\molecule\formulation\without_BDE\THR_outer_fold_metrics.csv
THR,molecule,2,0.5263592453596957,C:\Users\26981\OneDrive\Desktop\课题1\python_work\ML_DOPO_Project\results\scientific_validation\FINAL_grouping_sensitivity_5x5\THR\molecule\formulation\without_BDE\THR_outer_fold_metrics.csv
THR,molecule,3,0.4226313786943589,C:\Users\26981\OneDrive\Desktop\课题1\python_work\ML_DOPO_Project\results\scientific_validation\FINAL_grouping_sensitivity_5x5\THR\molecule\formulation\without_BDE\THR_outer_fold_metrics.csv
THR,molecule,4,0.6036418168502191,C:\Users\26981\OneDrive\Desktop\课题1\python_work\ML_DOPO_Project\results\scientific_validation\FINAL_grouping_sensitivity_5x5\THR\molecule\formulation\without_BDE\THR_outer_fold_metrics.csv
THR,molecule,5,0.2813793348706696,C:\Users\26981\OneDrive\Desktop\课题1\python_work\ML_DOPO_Project\results\scientific_validation\FINAL_grouping_sensitivity_5x5\THR\molecule\formulation\without_BDE\THR_outer_fold_metrics.csv
THR,reference,1,0.0066866565710627,C:\Users\26981\OneDrive\Desktop\课题1\python_work\ML_DOPO_Project\results\scientific_validation\FINAL_grouping_sensitivity_5x5\THR\reference\formulation\without_BDE\THR_outer_fold_metrics.csv
THR,reference,2,0.5379050404143537,C:\Users\26981\OneDrive\Desktop\课题1\python_work\ML_DOPO_Project\results\scientific_validation\FINAL_grouping_sensitivity_5x5\THR\reference\formulation\without_BDE\THR_outer_fold_metrics.csv
THR,reference,3,0.1972671802948786,C:\Users\26981\OneDrive\Desktop\课题1\python_work\ML_DOPO_Project\results\scientific_validation\FINAL_grouping_sensitivity_5x5\THR\reference\formulation\without_BDE\THR_outer_fold_metrics.csv
THR,reference,4,0.4959869430436154,C:\Users\26981\OneDrive\Desktop\课题1\python_work\ML_DOPO_Project\results\scientific_validation\FINAL_grouping_sensitivity_5x5\THR\reference\formulation\without_BDE\THR_outer_fold_metrics.csv
THR,reference,5,0.5724922198333873,C:\Users\26981\OneDrive\Desktop\课题1\python_work\ML_DOPO_Project\results\scientific_validation\FINAL_grouping_sensitivity_5x5\THR\reference\formulation\without_BDE\THR_outer_fold_metrics.csv
THR,scaffold,1,0.1066935041424158,C:\Users\26981\OneDrive\Desktop\课题1\python_work\ML_DOPO_Project\results\scientific_validation\FINAL_grouping_sensitivity_5x5\THR\scaffold\formulation\without_BDE\THR_outer_fold_metrics.csv
THR,scaffold,2,0.5383540910452397,C:\Users\26981\OneDrive\Desktop\课题1\python_work\ML_DOPO_Project\results\scientific_validation\FINAL_grouping_sensitivity_5x5\THR\scaffold\formulation\without_BDE\THR_outer_fold_metrics.csv
THR,scaffold,3,0.4369390990828449,C:\Users\26981\OneDrive\Desktop\课题1\python_work\ML_DOPO_Project\results\scientific_validation\FINAL_grouping_sensitivity_5x5\THR\scaffold\formulation\without_BDE\THR_outer_fold_metrics.csv
THR,scaffold,4,0.4290561327980868,C:\Users\26981\OneDrive\Desktop\课题1\python_work\ML_DOPO_Project\results\scientific_validation\FINAL_grouping_sensitivity_5x5\THR\scaffold\formulation\without_BDE\THR_outer_fold_metrics.csv
THR,scaffold,5,0.2378149648869948,C:\Users\26981\OneDrive\Desktop\课题1\python_work\ML_DOPO_Project\results\scientific_validation\FINAL_grouping_sensitivity_5x5\THR\scaffold\formulation\without_BDE\THR_outer_fold_metrics.csv
UL94_V0,molecule,1,0.8156618156618156,C:\Users\26981\OneDrive\Desktop\课题1\python_work\ML_DOPO_Project\results\scientific_validation\FINAL_grouping_sensitivity_5x5\UL94_V0\molecule\formulation\without_BDE\UL94_V0_outer_fold_metrics.csv
UL94_V0,molecule,2,0.7367521367521368,C:\Users\26981\OneDrive\Desktop\课题1\python_work\ML_DOPO_Project\results\scientific_validation\FINAL_grouping_sensitivity_5x5\UL94_V0\molecule\formulation\without_BDE\UL94_V0_outer_fold_metrics.csv
UL94_V0,molecule,3,0.796875,C:\Users\26981\OneDrive\Desktop\课题1\python_work\ML_DOPO_Project\results\scientific_validation\FINAL_grouping_sensitivity_5x5\UL94_V0\molecule\formulation\without_BDE\UL94_V0_outer_fold_metrics.csv
UL94_V0,molecule,4,0.7579731743666169,C:\Users\26981\OneDrive\Desktop\课题1\python_work\ML_DOPO_Project\results\scientific_validation\FINAL_grouping_sensitivity_5x5\UL94_V0\molecule\formulation\without_BDE\UL94_V0_outer_fold_metrics.csv
UL94_V0,molecule,5,0.7856474988312295,C:\Users\26981\OneDrive\Desktop\课题1\python_work\ML_DOPO_Project\results\scientific_validation\FINAL_grouping_sensitivity_5x5\UL94_V0\molecule\formulation\without_BDE\UL94_V0_outer_fold_metrics.csv
UL94_V0,reference,1,0.8748016831068497,C:\Users\26981\OneDrive\Desktop\课题1\python_work\ML_DOPO_Project\results\scientific_validation\FINAL_grouping_sensitivity_5x5\UL94_V0\reference\formulation\without_BDE\UL94_V0_outer_fold_metrics.csv
UL94_V0,reference,2,0.8467532467532467,C:\Users\26981\OneDrive\Desktop\课题1\python_work\ML_DOPO_Project\results\scientific_validation\FINAL_grouping_sensitivity_5x5\UL94_V0\reference\formulation\without_BDE\UL94_V0_outer_fold_metrics.csv
UL94_V0,reference,3,0.8295427717006374,C:\Users\26981\OneDrive\Desktop\课题1\python_work\ML_DOPO_Project\results\scientific_validation\FINAL_grouping_sensitivity_5x5\UL94_V0\reference\formulation\without_BDE\UL94_V0_outer_fold_metrics.csv
UL94_V0,reference,4,0.7902680197762164,C:\Users\26981\OneDrive\Desktop\课题1\python_work\ML_DOPO_Project\results\scientific_validation\FINAL_grouping_sensitivity_5x5\UL94_V0\reference\formulation\without_BDE\UL94_V0_outer_fold_metrics.csv
UL94_V0,reference,5,0.7429833503227998,C:\Users\26981\OneDrive\Desktop\课题1\python_work\ML_DOPO_Project\results\scientific_validation\FINAL_grouping_sensitivity_5x5\UL94_V0\reference\formulation\without_BDE\UL94_V0_outer_fold_metrics.csv
UL94_V0,scaffold,1,0.8888888888888888,C:\Users\26981\OneDrive\Desktop\课题1\python_work\ML_DOPO_Project\results\scientific_validation\FINAL_grouping_sensitivity_5x5\UL94_V0\scaffold\formulation\without_BDE\UL94_V0_outer_fold_metrics.csv
UL94_V0,scaffold,2,0.769792813532179,C:\Users\26981\OneDrive\Desktop\课题1\python_work\ML_DOPO_Project\results\scientific_validation\FINAL_grouping_sensitivity_5x5\UL94_V0\scaffold\formulation\without_BDE\UL94_V0_outer_fold_metrics.csv
UL94_V0,scaffold,3,0.8104438289535905,C:\Users\26981\OneDrive\Desktop\课题1\python_work\ML_DOPO_Project\results\scientific_validation\FINAL_grouping_sensitivity_5x5\UL94_V0\scaffold\formulation\without_BDE\UL94_V0_outer_fold_metrics.csv
UL94_V0,scaffold,4,0.7566069428891378,C:\Users\26981\OneDrive\Desktop\课题1\python_work\ML_DOPO_Project\results\scientific_validation\FINAL_grouping_sensitivity_5x5\UL94_V0\scaffold\formulation\without_BDE\UL94_V0_outer_fold_metrics.csv
UL94_V0,scaffold,5,0.8275349390425215,C:\Users\26981\OneDrive\Desktop\课题1\python_work\ML_DOPO_Project\results\scientific_validation\FINAL_grouping_sensitivity_5x5\UL94_V0\scaffold\formulation\without_BDE\UL94_V0_outer_fold_metrics.csv
