Candidate_ID,Candidate_Name,SMILES_raw,Canonical_SMILES,Synergy_type,Preparation_Method,Reference_ID,Source_Type,Design_Family,DOPO_Count,Linker_Type,Reactive_Group,Preparation_Type,Synthesis_Level,Molecular_Weight,Murcko_Scaffold,P_molecular_wt_pct,N_molecular_wt_pct,S_molecular_wt_pct,B_molecular_wt_pct,Si_molecular_wt_pct,Training_Duplicate,Screening_Eligible,Notes
TRAIN_001,TEBA,CC(C1=CC=C(OCC2CO2)C=C1)(C3=CC=C(OCC4CO4)C=C3)CCC(OCCN(CP5(C6=C(C7=C(O5)C=CC=C7)C=CC=C6)=O)CCOC(CCC(C8=CC=C(OCC9CO9)C=C8)(C%10=CC=C(OCC%11CO%11)C=C%10)C)=O)=O,CC(CCC(=O)OCCN(CCOC(=O)CCC(C)(c1ccc(OCC2CO2)cc1)c1ccc(OCC2CO2)cc1)CP1(=O)Oc2ccccc2-c2ccccc21)(c1ccc(OCC2CO2)cc1)c1ccc(OCC2CO2)cc1,P-N,DOPO-based (reactive),https://doi.org/10.1016/j.polymdegradstab.2020.109151,training_seed,P-N,1,review_manually,epoxy,DOPO-based (reactive),A,1094.2040000000002,O=C(CCC(c1ccc(OCC2CO2)cc1)c1ccc(OCC2CO2)cc1)OCCN(CCOC(=O)CCC(c1ccc(OCC2CO2)cc1)c1ccc(OCC2CO2)cc1)CP1(=O)Oc2ccccc2-c2ccccc21,2.830733574360905,1.2801086451886483,0.0,0.0,0.0,True,False,"Existing training molecule; use as design reference, not as a new discovery."
TRAIN_002,DGEBDB,COC1=CC(C(P2(C3=C(C4=C(O2)C=CC=C4)C=CC=C3)=O)C5=CC=C(OCC6CO6)C(OC)=C5)=CC=C1OCC7CO7,COc1cc(C(c2ccc(OCC3CO3)c(OC)c2)P2(=O)Oc3ccccc3-c3ccccc32)ccc1OCC1CO1,P-only,DOPO-based (reactive),https://doi.org/10.1016/j.compositesb.2020.107926,training_seed,P-only,1,review_manually,epoxy,DOPO-based (reactive),A,586.577,O=P1(C(c2ccc(OCC3CO3)cc2)c2ccc(OCC3CO3)cc2)Oc2ccccc2-c2ccccc21,5.280466162157739,0.0,0.0,0.0,0.0,True,False,"Existing training molecule; use as design reference, not as a new discovery."
TRAIN_003,PFA,CC1CC2C(C(OC2=O)=O)C(P3(C4=C(C5=C(O3)C=CC=C5)C=CC=C4)=O)C1,CC1CC2C(=O)OC(=O)C2C(P2(=O)Oc3ccccc3-c3ccccc32)C1,P-only,DOPO-based (Co-curing),https://doi.org/10.3390/ma14092205,training_seed,P-only,1,review_manually,none,DOPO-based (Co-curing),A,382.35200000000015,O=C1OC(=O)C2C1CCCC2P1(=O)Oc2ccccc2-c2ccccc21,8.100912248399379,0.0,0.0,0.0,0.0,True,False,"Existing training molecule; use as design reference, not as a new discovery."
TRAIN_004,DDP,O=P(CC(C(O)=O)CC(O)=O)(C1=C2C=CC=C1)OC3=C2C=CC=C3,O=C(O)CC(CP1(=O)Oc2ccccc2-c2ccccc21)C(=O)O,P-only,DOPO-based (Co-curing),https://doi.org/10.1016/j.chemosphere.2022.133778,training_seed,P-only,1,review_manually,OH;carboxyl,DOPO-based (Co-curing),A,346.2750000000001,O=[PH]1Oc2ccccc2-c2ccccc21,8.944913724640818,0.0,0.0,0.0,0.0,True,False,"Existing training molecule; use as design reference, not as a new discovery."
TRAIN_005,DOPO-HPM,O=C(CC(P1(C2=C(C3=C(O1)C=CC=C3)C=CC=C2)=O)C4=O)N4C(C=C5)=CC=C5OCC(CN6C(N(C(N(C6=O)CC7CO7)=O)CC8CO8)=O)O,O=C1CC(P2(=O)Oc3ccccc3-c3ccccc32)C(=O)N1c1ccc(OCC(O)Cn2c(=O)n(CC3CO3)c(=O)n(CC3CO3)c2=O)cc1,P-N,DOPO-based (Co-curing),https://doi.org/10.1016/j.polymdegradstab.2015.05.019,training_seed,P-N,1,review_manually,OH;epoxy,DOPO-based (Co-curing),A,702.6130000000002,O=C1CC(P2(=O)Oc3ccccc3-c3ccccc32)C(=O)N1c1ccc(OCCCn2c(=O)n(CC3CO3)c(=O)n(CC3CO3)c2=O)cc1,4.408401210908423,7.974233326169597,0.0,0.0,0.0,True,False,"Existing training molecule; use as design reference, not as a new discovery."
TRAIN_006,DOPO-GE,C=CCC1=CC=C(OCC(O)CP2(C3=C(C4=C(O2)C=CC=C4)C=CC=C3)=O)C(OC)=C1,C=CCc1ccc(OCC(O)CP2(=O)Oc3ccccc3-c3ccccc32)c(OC)c1,P-only,DOPO-based (additive),https://doi.org/10.32604/jrm.2022.018754,training_seed,P-only,1,review_manually,OH;allyl/vinyl,DOPO-based (additive),A,436.44400000000013,O=P1(CCCOc2ccccc2)Oc2ccccc2-c2ccccc21,7.096901320673441,0.0,0.0,0.0,0.0,True,False,"Existing training molecule; use as design reference, not as a new discovery."
TRAIN_007,TMD,O=P(C(C(O)=O)CC(OCCN1C(N(C(N(C1=O)CCOC(CC(P2(C3=C(C4=C(O2)C=CC=C4)C=CC=C3)=O)C(O)=O)=O)=O)CCOC(CC(P5(C6=C(C7=C(O5)C=CC=C7)C=CC=C6)=O)C(O)=O)=O)=O)=O)(C8=C9C=CC=C8)OC%10=C9C=CC=C%10,O=C(CC(C(=O)O)P1(=O)Oc2ccccc2-c2ccccc21)OCCn1c(=O)n(CCOC(=O)CC(C(=O)O)P2(=O)Oc3ccccc3-c3ccccc32)c(=O)n(CCOC(=O)CC(C(=O)O)P2(=O)Oc3ccccc3-c3ccccc32)c1=O,P-N,DOPO-based (reactive),https://doi.org/10.1016/j.cej.2019.121916,training_seed,P-N,3,review_manually,OH;carboxyl,DOPO-based (reactive),A,1203.9330000000004,O=C(CCP1(=O)Oc2ccccc2-c2ccccc21)OCCn1c(=O)n(CCOC(=O)CCP2(=O)Oc3ccccc3-c3ccccc32)c(=O)n(CCOC(=O)CCP2(=O)Oc3ccccc3-c3ccccc32)c1=O,7.718203587741175,3.490310507312283,0.0,0.0,0.0,True,False,"Existing training molecule; use as design reference, not as a new discovery."
TRAIN_008,TDA,CCO[Si](OCC)(OCC)CCCNCC(O)CN1C(N(C(N(C1=O)CC(CP2(C3=C(C4=C(O2)C=CC=C4)C=CC=C3)=O)O)=O)CC(O)CNCCC[Si](OCC)(OCC)OCC)=O,CCO[Si](CCCNCC(O)Cn1c(=O)n(CC(O)CNCCC[Si](OCC)(OCC)OCC)c(=O)n(CC(O)CP2(=O)Oc3ccccc3-c3ccccc32)c1=O)(OCC)OCC,P-N-Si,DOPO-based (reactive),https://doi.org/10.1021/acsomega.1c00076,training_seed,P-N-Si,1,review_manually,NH2/NH;OH,DOPO-based (reactive),A,956.1890000000002,O=c1[nH]c(=O)n(CCCP2(=O)Oc3ccccc3-c3ccccc32)c(=O)[nH]1,3.239317749942741,7.324388797612186,0.0,0.0,5.874570822295591,True,False,"Existing training molecule; use as design reference, not as a new discovery."
TRAIN_009,POG-DOPO,O=P(CC(O)COP(OCC1CO1)(OCC2CO2)=O)(C3=C4C=CC=C3)OC5=C4C=CC=C5,O=P(OCC(O)CP1(=O)Oc2ccccc2-c2ccccc21)(OCC1CO1)OCC1CO1,P-P,DOPO-based (reactive),https://doi.org/10.1016/j.polymdegradstab.2024.111016,training_seed,P-only,1,review_manually,OH;epoxy,DOPO-based (reactive),A,482.36200000000036,O=P(OCCCP1(=O)Oc2ccccc2-c2ccccc21)(OCC1CO1)OCC1CO1,12.842636857795588,0.0,0.0,0.0,0.0,True,False,"Existing training molecule; use as design reference, not as a new discovery."
TRAIN_010,DOPO-BD,CC(NNC(C1=CC=CC=C1)=O)(P2(C3=C(C4=C(O2)C=CC=C4)C=CC=C3)=O)C5=CC=C(O)C=C5,CC(NNC(=O)c1ccccc1)(c1ccc(O)cc1)P1(=O)Oc2ccccc2-c2ccccc21,P-N,DOPO-based (reactive),https://doi.org/10.1002/fam.3200,training_seed,P-N,1,review_manually,NH2/NH;OH,DOPO-based (reactive),A,470.4650000000002,O=C(NNC(c1ccccc1)P1(=O)Oc2ccccc2-c2ccccc21)c1ccccc1,6.583699106203435,5.9545343436812495,0.0,0.0,0.0,True,False,"Existing training molecule; use as design reference, not as a new discovery."
TRAIN_011,DOPOBH,OC(C=C1)=CC=C1N(C2P3(C4=C(C5=C(O3)C=CC=C5)C=CC=C4)=O)COC6=C2C=CC=C6,O=P1(C2c3ccccc3OCN2c2ccc(O)cc2)Oc2ccccc2-c2ccccc21,P-N,DOPO-based (additive),https://doi.org/10.1016/j.polymer.2024.127173,training_seed,P-N,1,review_manually,OH,DOPO-based (additive),A,441.4230000000001,O=P1(C2c3ccccc3OCN2c2ccccc2)Oc2ccccc2-c2ccccc21,7.016852316259006,3.17314684554271,0.0,0.0,0.0,True,False,"Existing training molecule; use as design reference, not as a new discovery."
TRAIN_012,KHDOPO,O=P1(CC(COCCC[Si](OC)(OC)OC)O)C2=CC=CC=C2C3=C(O1)C=CC=C3,CO[Si](CCCOCC(O)CP1(=O)Oc2ccccc2-c2ccccc21)(OC)OC,P-Si,DOPO-based (reactive),https://doi.org/10.1016/j.polymdegradstab.2019.109055,training_seed,P-Si,1,review_manually,OH,DOPO-based (reactive),A,452.5160000000002,O=[PH]1Oc2ccccc2-c2ccccc21,6.844840845406568,0.0,0.0,0.0,6.206631367730641,True,False,"Existing training molecule; use as design reference, not as a new discovery."
TRAIN_013,DOPO-TMT,O=P(C1CC(N(C1=O)C2=CC=C(OC3=NC(OC4=CC=C(N5C(CC(P6(C7=C(C8=C(O6)C=CC=C8)C=CC=C7)=O)C5=O)=O)C=C4)=NC(OC9=CC=C(N%10C(CC(P%11(C%12=C(C%13=C(O%11)C=CC=C%13)C=CC=C%12)=O)C%10=O)=O)C=C9)=N3)C=C2)=O)(C%14=C%15C=CC=C%14)OC%16=C%15C=CC=C%16,O=C1CC(P2(=O)Oc3ccccc3-c3ccccc32)C(=O)N1c1ccc(Oc2nc(Oc3ccc(N4C(=O)CC(P5(=O)Oc6ccccc6-c6ccccc65)C4=O)cc3)nc(Oc3ccc(N4C(=O)CC(P5(=O)Oc6ccccc6-c6ccccc65)C4=O)cc3)n2)cc1,P-N,DOPO-based (additive),https://doi.org/10.1021/acs.iecr.5b02026,training_seed,P-N,3,review_manually,none,DOPO-based (additive),A,1291.068,O=C1CC(P2(=O)Oc3ccccc3-c3ccccc32)C(=O)N1c1ccc(Oc2nc(Oc3ccc(N4C(=O)CC(P5(=O)Oc6ccccc6-c6ccccc65)C4=O)cc3)nc(Oc3ccc(N4C(=O)CC(P5(=O)Oc6ccccc6-c6ccccc65)C4=O)cc3)n2)cc1,7.1972971214529355,6.509494465047543,0.0,0.0,0.0,True,False,"Existing training molecule; use as design reference, not as a new discovery."
TRAIN_014,SFD-BOZ,O=P(C1=C2C=CC=C1)(C3C4=C(OCN3CC5=CC=CO5)C=CC=C4)OC6=C2C=CC=C6,O=P1(C2c3ccccc3OCN2Cc2ccco2)Oc2ccccc2-c2ccccc21,P-N-C,DOPO-based (Co-curing),https://doi.org/10.1016/j.polymdegradstab.2022.109878,training_seed,P-N,1,review_manually,none,DOPO-based (Co-curing),A,429.41200000000015,O=P1(C2c3ccccc3OCN2Cc2ccco2)Oc2ccccc2-c2ccccc21,7.213119335277074,3.261902322245302,0.0,0.0,0.0,True,False,"Existing training molecule; use as design reference, not as a new discovery."
TRAIN_015,DOPO-HQ-AE,O=C(OC1=C(P2(C3=CC=CC=C3C4=CC=CC=C4O2)=O)C=C(OC(C5=CC=CC=C5)=O)C=C1)C6=CC=CC=C6,O=C(Oc1ccc(OC(=O)c2ccccc2)c(P2(=O)Oc3ccccc3-c3ccccc32)c1)c1ccccc1,P-only,DOPO-based (reactive),https://doi.org/10.1016/j.cej.2024.148998,training_seed,P-only,1,review_manually,none,DOPO-based (reactive),A,532.4880000000003,O=C(Oc1ccc(OC(=O)c2ccccc2)c(P2(=O)Oc3ccccc3-c3ccccc32)c1)c1ccccc1,5.816844698847671,0.0,0.0,0.0,0.0,True,False,"Existing training molecule; use as design reference, not as a new discovery."
TRAIN_016,DOPOMAH,O=P(C1=C2C=CC=C1)(C3CC(OC3=O)=O)OC4=C2C=CC=C4,O=C1CC(P2(=O)Oc3ccccc3-c3ccccc32)C(=O)O1,P-only,DOPO-based (Co-curing),https://doi.org/10.1002/app.51688,training_seed,P-only,1,review_manually,none,DOPO-based (Co-curing),A,314.2330000000001,O=C1CC(P2(=O)Oc3ccccc3-c3ccccc32)C(=O)O1,9.857016926930013,0.0,0.0,0.0,0.0,True,False,"Existing training molecule; use as design reference, not as a new discovery."
TRAIN_017,APN-DOPO,O=P(C1=C2C=CC=C1)(C([H])(NC3=CC=CC(OC4=CC=C(C(C#N)=C4)C#N)=C3)[H])OC5=C2C=CC=C5,N#Cc1ccc(Oc2cccc(NCP3(=O)Oc4ccccc4-c4ccccc43)c2)cc1C#N,P-N,DOPO-based (additive+ Secondary Crosslinking),https://doi.org/10.1016/j.cej.2021.130404,training_seed,P-N,1,review_manually,NH2/NH,DOPO-based (additive+ Secondary Crosslinking),A,463.43300000000016,O=P1(CNc2cccc(Oc3ccccc3)c2)Oc2ccccc2-c2ccccc21,6.683598276341994,9.067330121074672,0.0,0.0,0.0,True,False,"Existing training molecule; use as design reference, not as a new discovery."
TRAIN_018,DSOC,CCC1(C(P2(C3=C(C4=C(O2)C=CC=C4)C=CC=C3)=O)O)COC5(OCC(CO5)(C(P6(C7=C(C8=C(O6)C=CC=C8)C=CC=C7)=O)O)CC)OC1,CCC1(C(O)P2(=O)Oc3ccccc3-c3ccccc32)COC2(OC1)OCC(CC)(C(O)P1(=O)Oc3ccccc3-c3ccccc31)CO2,P-only,DOPO-based (reactive),https://doi.org/10.1080/15685551.2015.1070501,training_seed,P-only,2,review_manually,OH,DOPO-based (reactive),A,704.6490000000002,O=P1(CC2COC3(OC2)OCC(CP2(=O)Oc4ccccc4-c4ccccc42)CO3)Oc2ccccc2-c2ccccc21,8.791327313314854,0.0,0.0,0.0,0.0,True,False,"Existing training molecule; use as design reference, not as a new discovery."
TRAIN_019,DiDOPO,O=P1(C2=C(C3=C(O1)C=CC=C3)C=CC=C2)CC(P4(C5=CC=CC=C5C6=C(O4)C=CC=C6)=O)C7=CC=CC=C7,O=P1(CC(c2ccccc2)P2(=O)Oc3ccccc3-c3ccccc32)Oc2ccccc2-c2ccccc21,P-Si,DOPO-based (additive),https://doi.org/10.1021/acsomega.0c05208,training_seed,P-only,2,review_manually,none,DOPO-based (additive),A,534.4880000000002,O=P1(CC(c2ccccc2)P2(=O)Oc3ccccc3-c3ccccc32)Oc2ccccc2-c2ccccc21,11.590157309425091,0.0,0.0,0.0,0.0,True,False,"Existing training molecule; use as design reference, not as a new discovery."
TRAIN_020,PBD,O=P(C1=C2C=CC=C1)(C(C3=CC=C(C(P4(C5=C(C6=C(O4)C=CC=C6)C=CC=C5)=O)NC7=CC=CC(OC8=CC=C(C(C#N)=C8)C#N)=C7)C=C3)NC9=CC=CC(OC%10=CC=C(C(C#N)=C%10)C#N)=C9)OC%11=C2C=CC=C%11,N#Cc1ccc(Oc2cccc(NC(c3ccc(C(Nc4cccc(Oc5ccc(C#N)c(C#N)c5)c4)P4(=O)Oc5ccccc5-c5ccccc54)cc3)P3(=O)Oc4ccccc4-c4ccccc43)c2)cc1C#N,P-N,DOPO-based (additive+ Secondary Crosslinking),https://doi.org/10.1016/j.compositesb.2021.109162,training_seed,P-N,2,review_manually,NH2/NH,DOPO-based (additive+ Secondary Crosslinking),A,1000.9480000000001,O=P1(C(Nc2cccc(Oc3ccccc3)c2)c2ccc(C(Nc3cccc(Oc4ccccc4)c3)P3(=O)Oc4ccccc4-c4ccccc43)cc2)Oc2ccccc2-c2ccccc21,6.188932891618745,8.3962403641348,0.0,0.0,0.0,True,False,"Existing training molecule; use as design reference, not as a new discovery."
TRAIN_021,DTB,CCC(O)CN1C(N(C(N(C1=O)CC(O)CP2(C3=C(C4=C(O2)C=CC=C4)C=CC=C3)=O)=O)CC(O)COB(OC)O)=O,CCC(O)Cn1c(=O)n(CC(O)COB(O)OC)c(=O)n(CC(O)CP2(=O)Oc3ccccc3-c3ccccc32)c1=O,P-N-B,DOPO-based (additive),https://doi.org/10.1016/j.polymdegradstab.2016.09.023,training_seed,P-N-B,1,review_manually,OH,DOPO-based (additive),A,605.3460000000002,O=c1[nH]c(=O)n(CCCP2(=O)Oc3ccccc3-c3ccccc32)c(=O)[nH]1,5.116743151850345,6.941649899396376,0.0,1.7860859739719097,0.0,True,False,"Existing training molecule; use as design reference, not as a new discovery."
TRAIN_022,DOPO-DDM,O=P(C1=C2C=CC=C1)(C(NC3=CC=C(CC4=CC=C(NC(P5(C6=C(C7=C(O5)C=CC=C7)C=CC=C6)=O)C8=CC=C(O)C=C8)C=C4)C=C3)C9=CC=C(O)C=C9)OC%10=C2C=CC=C%10,O=P1(C(Nc2ccc(Cc3ccc(NC(c4ccc(O)cc4)P4(=O)Oc5ccccc5-c5ccccc54)cc3)cc2)c2ccc(O)cc2)Oc2ccccc2-c2ccccc21,P-N,DOPO-based (Co-curing),https://doi.org/10.1016/j.polymdegradstab.2015.10.012,training_seed,P-N,2,review_manually,NH2/NH;OH,DOPO-based (Co-curing),A,838.8370000000001,O=P1(C(Nc2ccc(Cc3ccc(NC(c4ccccc4)P4(=O)Oc5ccccc5-c5ccccc54)cc3)cc2)c2ccccc2)Oc2ccccc2-c2ccccc21,7.384986594535052,3.339623788650238,0.0,0.0,0.0,True,False,"Existing training molecule; use as design reference, not as a new discovery."
TRAIN_023,DTA,O=P(C1=C2C=CC=C1)(C(NC3=NC4=C(N3)C=CC=C4)C5=CC=C(C(P6(C7=C(C8=C(O6)C=CC=C8)C=CC=C7)=O)NC9=NC%10=C(N9)C=CC=C%10)C=C5)OC%11=C2C=CC=C%11,O=P1(C(Nc2nc3ccccc3[nH]2)c2ccc(C(Nc3nc4ccccc4[nH]3)P3(=O)Oc4ccccc4-c4ccccc43)cc2)Oc2ccccc2-c2ccccc21,P-N,DOPO-based (Co-curing),https://doi.org/10.1016/j.polymdegradstab.2019.03.003,training_seed,P-N,2,review_manually,NH2/NH,DOPO-based (Co-curing),A,796.764,O=P1(C(Nc2nc3ccccc3[nH]2)c2ccc(C(Nc3nc4ccccc4[nH]3)P3(=O)Oc4ccccc4-c4ccccc43)cc2)Oc2ccccc2-c2ccccc21,7.774949671420898,10.547916321520551,0.0,0.0,0.0,True,False,"Existing training molecule; use as design reference, not as a new discovery."
TRAIN_024,HVPA－DOPO,COC1=CC(C(NCCO)P2(OC(C=CC=C3)=C3C4=C2C=CC=C4)=O)=CC=C1OP5(OC6=CC(C(NCCO)P7(OC(C=CC=C8)=C8C9=C7C=CC=C9)=O)=CC=C6OC)=NP(OC%10=CC=C(C(NCCO)P%11(OC(C=CC=C%12)=C%12C%13=C%11C=CC=C%13)=O)C=C%10OC)(OC%14=CC=C(C(NCCO)P%15(OC(C=CC=C%16)=C%16C%17=C%15C=CC=C%17)=O)C=C%14OC)=NP(OC%18=CC=C(C(NCCO)P%19(OC(C=CC=C%20)=C%20C%21=C%19C=CC=C%21)=O)C=C%18OC)(OC%22=CC(C(NCCO)P%23(OC(C=CC=C%24)=C%24C%25=C%23C=CC=C%25)=O)=CC=C%22OC)=N5,COc1cc(C(NCCO)P2(=O)Oc3ccccc3-c3ccccc32)ccc1OP1(Oc2ccc(C(NCCO)P3(=O)Oc4ccccc4-c4ccccc43)cc2OC)=NP(Oc2ccc(C(NCCO)P3(=O)Oc4ccccc4-c4ccccc43)cc2OC)(Oc2cc(C(NCCO)P3(=O)Oc4ccccc4-c4ccccc43)ccc2OC)=NP(Oc2ccc(C(NCCO)P3(=O)Oc4ccccc4-c4ccccc43)cc2OC)(Oc2cc(C(NCCO)P3(=O)Oc4ccccc4-c4ccccc43)ccc2OC)=N1,P-N,DOPO-based (additive),https://kns.cnki.net/kcms2/article/abstract?v=Jz5IuRg0t03gCi77HueKkdhXr1Kks-8Asx8mfSXC9dkOW3i5QJvBG7O8nFuQ6fVFmodx7dE2PooVI8cXdUjFh-m9QVbm9NUqRV0WAQmWSTT-onafxhl7MgLeJKaimMxrNN1lVGKNu1EYC6CR0hCY_RViLFQXuvgBsV-gcxf_dKg=&uniplatform=NZKPT,training_seed,P-N,6,review_manually,NH2/NH;OH,DOPO-based (additive),A,2597.258999999994,O=P1(Cc2ccc(OP3(Oc4ccc(CP5(=O)Oc6ccccc6-c6ccccc65)cc4)=NP(Oc4ccc(CP5(=O)Oc6ccccc6-c6ccccc65)cc4)(Oc4cccc(CP5(=O)Oc6ccccc6-c6ccccc65)c4)=NP(Oc4ccc(CP5(=O)Oc6ccccc6-c6ccccc65)cc4)(Oc4cccc(CP5(=O)Oc6ccccc6-c6ccccc65)c4)=N3)cc2)Oc2ccccc2-c2ccccc21,10.733084378569895,4.85369383646376,0.0,0.0,0.0,True,False,"Existing training molecule; use as design reference, not as a new discovery."
TRAIN_025,DOF,O=P(C1=C2C=CC=C1)(C(O)C3=CC=CO3)OC4=C2C=CC=C4,O=P1(C(O)c2ccco2)Oc2ccccc2-c2ccccc21,P-only,DOPO-based (Co-curing),https://doi.org/10.1016/j.indcrop.2023.116917,training_seed,P-only,1,review_manually,OH,DOPO-based (Co-curing),A,312.261,O=P1(Cc2ccco2)Oc2ccccc2-c2ccccc21,9.919266254831696,0.0,0.0,0.0,0.0,True,False,"Existing training molecule; use as design reference, not as a new discovery."
TRAIN_026,DE-1,CC(C1=CC=C(OCC(O)CP2(C3=C(C4=C(O2)C=CC=C4)C=CC=C3)=O)C=C1)(C5=CC=C(OCC6CO6)C=C5)C,CC(C)(c1ccc(OCC(O)CP2(=O)Oc3ccccc3-c3ccccc32)cc1)c1ccc(OCC2CO2)cc1,P-N,DOPO-based (reactive),https://doi.org/10.1002/（SICI）1099-0518（19991101）37：21<3903：：AID-POLA4>3.0.CO;2-X,training_seed,P-only,1,review_manually,OH;epoxy,DOPO-based (reactive),A,556.5950000000001,O=P1(CCCOc2ccc(Cc3ccc(OCC4CO4)cc3)cc2)Oc2ccccc2-c2ccccc21,5.5649080570253044,0.0,0.0,0.0,0.0,True,False,"Existing training molecule; use as design reference, not as a new discovery."
TRAIN_027,DOPO-AI,O=P(C1=C2C=CC=C1)(NCCCN3C=CN=C3)OC4=C2C=CC=C4,O=P1(NCCCn2ccnc2)Oc2ccccc2-c2ccccc21,P-N,DOPO-based (Co-curing),https://doi.org/10.1021/acsapm.0c00577,training_seed,P-N,1,review_manually,none,DOPO-based (Co-curing),A,339.33500000000015,O=P1(NCCCn2ccnc2)Oc2ccccc2-c2ccccc21,9.127853006615878,12.3833379993222,0.0,0.0,0.0,True,False,"Existing training molecule; use as design reference, not as a new discovery."
TRAIN_028,DMT,O=C(CC(P1(C2=C(C3=C(O1)C=CC=C3)C=CC=C2)=O)C4=O)N4C(C=C5)=CC=C5OCC(O)CN(C(N(CC(O)COC6=CC=C(N7C(CC(P8(C9=C(C%10=C(O8)C=CC=C%10)C=CC=C9)=O)C7=O)=O)C=C6)C%11=O)=O)C(N%11CC(O)COC%12=CC=C(C=C%12)N%13C(CC(C%13=O)P%14(C%15=C(C=CC=C%15)C%16=C(C=CC=C%16)O%14)=O)=O)=O,O=C1CC(P2(=O)Oc3ccccc3-c3ccccc32)C(=O)N1c1ccc(OCC(O)Cn2c(=O)n(CC(O)COc3ccc(N4C(=O)CC(P5(=O)Oc6ccccc6-c6ccccc65)C4=O)cc3)c(=O)n(CC(O)COc3ccc(N4C(=O)CC(P5(=O)Oc6ccccc6-c6ccccc65)C4=O)cc3)c2=O)cc1,P-N,DOPO-based (additive),https://doi.org/10.1016/j.polymdegradstab.2016.07.013,training_seed,P-N,3,review_manually,OH,DOPO-based (additive),A,1513.305,O=C1CC(P2(=O)Oc3ccccc3-c3ccccc32)C(=O)N1c1ccc(OCCCn2c(=O)n(CCCOc3ccc(N4C(=O)CC(P5(=O)Oc6ccccc6-c6ccccc65)C4=O)cc3)c(=O)n(CCCOc3ccc(N4C(=O)CC(P5(=O)Oc6ccccc6-c6ccccc65)C4=O)cc3)c2=O)cc1,6.140335226540584,5.55354009931904,0.0,0.0,0.0,True,False,"Existing training molecule; use as design reference, not as a new discovery."
TRAIN_029,VTD,CC1(CC(NC(P2(C3=C(C4=C(O2)C=CC=C4)C=CC=C3)=O)C5=CC=C(O)C(OC)=C5)CC(C)(N1[H])C)C,COc1cc(C(NC2CC(C)(C)NC(C)(C)C2)P2(=O)Oc3ccccc3-c3ccccc32)ccc1O,P-N,DOPO-based (Co-curing),https://doi.org/10.1016/j.eurpolymj.2026.114687,training_seed,P-N,1,review_manually,NH2/NH;OH,DOPO-based (Co-curing),A,506.5830000000002,O=P1(C(NC2CCNCC2)c2ccccc2)Oc2ccccc2-c2ccccc21,6.11429913755495,5.529992123699372,0.0,0.0,0.0,True,False,"Existing training molecule; use as design reference, not as a new discovery."
TRAIN_030,NPDI,O=P(CC(C(O)=O)CC(OCC1=CC=C(OP2(OC(C=C3)=CC=C3COC(CC(C(O)=O)CP(OC4=C5C=CC=C4)(C6=C5C=CC=C6)=O)=O)=NP(OC(C=C7)=CC=C7COC(CC(C(O)=O)CP(OC8=C9C=CC=C8)(C%10=C9C=CC=C%10)=O)=O)(OC(C=C%11)=CC=C%11COC(CC(C(O)=O)CP(OC%12=C%13C=CC=C%12)(C%14=C%13C=CC=C%14)=O)=O)=NP(OC(C=C%15)=CC=C%15COC(CC(C(O)=O)CP(OC%16=C%17C=CC=C%16)(C%18=C%17C=CC=C%18)=O)=O)(OC(C=C%19)=CC=C%19COC(CC(C(O)=O)CP(OC%20=C%21C=CC=C%20)(C%22=C%21C=CC=C%22)=O)=O)=N2)C=C1)=O)(C%23=C%24C=CC=C%23)OC%25=C%24C=CC=C%25,O=C(CC(CP1(=O)Oc2ccccc2-c2ccccc21)C(=O)O)OCc1ccc(OP2(Oc3ccc(COC(=O)CC(CP4(=O)Oc5ccccc5-c5ccccc54)C(=O)O)cc3)=NP(Oc3ccc(COC(=O)CC(CP4(=O)Oc5ccccc5-c5ccccc54)C(=O)O)cc3)(Oc3ccc(COC(=O)CC(CP4(=O)Oc5ccccc5-c5ccccc54)C(=O)O)cc3)=NP(Oc3ccc(COC(=O)CC(CP4(=O)Oc5ccccc5-c5ccccc54)C(=O)O)cc3)(Oc3ccc(COC(=O)CC(CP4(=O)Oc5ccccc5-c5ccccc54)C(=O)O)cc3)=N2)cc1,P-N,DOPO-based (reactive),https://doi.org/10.1002/pi.6755,training_seed,P-N,6,review_manually,OH;carboxyl,DOPO-based (reactive),A,2843.2889999999925,O=C(CCCP1(=O)Oc2ccccc2-c2ccccc21)OCc1ccc(OP2(Oc3ccc(COC(=O)CCCP4(=O)Oc5ccccc5-c5ccccc54)cc3)=NP(Oc3ccc(COC(=O)CCCP4(=O)Oc5ccccc5-c5ccccc54)cc3)(Oc3ccc(COC(=O)CCCP4(=O)Oc5ccccc5-c5ccccc54)cc3)=NP(Oc3ccc(COC(=O)CCCP4(=O)Oc5ccccc5-c5ccccc54)cc3)(Oc3ccc(COC(=O)CCCP4(=O)Oc5ccccc5-c5ccccc54)cc3)=N2)cc1,9.80434982163265,1.4779011208498367,0.0,0.0,0.0,True,False,"Existing training molecule; use as design reference, not as a new discovery."
TRAIN_031,HBFR,O=C(N1CC(COC2=C(OC)C=CC(C(C3=CC(OC)=C(C=C3)O)P4(C5=C(C=CC=C5)C6=C(C=CC=C6)O4)=O)=C2)O)N(CC(COC7=C(C=C(C=C7)C(C8=CC(O)=C(C=C8)OC)P9(C%10=C(C=CC=C%10)C%11=C(C=CC=C%11)O9)=O)OC)O)C(N(CC(COC%12=C(OC)C=CC(C(C%13=CC(O)=C(C=C%13)OC)P%14(C%15=C(C=CC=C%15)C%16=C(C=CC=C%16)O%14)=O)=C%12)O)C1=O)=O,COc1ccc(C(c2ccc(OCC(O)Cn3c(=O)n(CC(O)COc4cc(C(c5ccc(OC)c(O)c5)P5(=O)Oc6ccccc6-c6ccccc65)ccc4OC)c(=O)n(CC(O)COc4cc(C(c5ccc(O)c(OC)c5)P5(=O)Oc6ccccc6-c6ccccc65)ccc4OC)c3=O)c(OC)c2)P2(=O)Oc3ccccc3-c3ccccc32)cc1O,P-N,DOPO-based (reactive),https://doi.org/10.1016/j.cej.2021.131226,training_seed,P-N,3,review_manually,OH,DOPO-based (reactive),A,1720.6139999999994,O=c1n(CCCOc2ccc(C(c3ccccc3)P3(=O)Oc4ccccc4-c4ccccc43)cc2)c(=O)n(CCCOc2cccc(C(c3ccccc3)P3(=O)Oc4ccccc4-c4ccccc43)c2)c(=O)n1CCCOc1cccc(C(c2ccccc2)P2(=O)Oc3ccccc3-c3ccccc32)c1,5.400514002559553,2.4422095833231636,0.0,0.0,0.0,True,False,"Existing training molecule; use as design reference, not as a new discovery."
TRAIN_032,PBI,O=P(C1=C2C=CC=C1)(C(NC3=NC4=C(S3)C=CC=C4)C5=CNC=N5)OC6=C2C=CC=C6,O=P1(C(Nc2nc3ccccc3s2)c2c[nH]cn2)Oc2ccccc2-c2ccccc21,P-N-S,DOPO-based (Co-curing),https://doi.org/10.1016/j.polymdegradstab.2019.06.020,training_seed,P-N-S,1,review_manually,NH2/NH,DOPO-based (Co-curing),A,444.4560000000002,O=P1(C(Nc2nc3ccccc3s2)c2c[nH]cn2)Oc2ccccc2-c2ccccc21,6.96896880681102,12.605972244721633,7.21488741292726,0.0,0.0,True,False,"Existing training molecule; use as design reference, not as a new discovery."
TRAIN_033,Trif-DOPO,O=P(C1=C2C=CC=C1)(C(O)C3=CC=C(OC4=NC(OC5=CC=C(C(P6(C7=C(C8=C(O6)C=CC=C8)C=CC=C7)=O)O)C=C5)=NC(OC9=CC=C(C(P%10(C%11=C(C%12=C(O%10)C=CC=C%12)C=CC=C%11)=O)O)C=C9)=N4)C=C3)OC%13=C2C=CC=C%13,O=P1(C(O)c2ccc(Oc3nc(Oc4ccc(C(O)P5(=O)Oc6ccccc6-c6ccccc65)cc4)nc(Oc4ccc(C(O)P5(=O)Oc6ccccc6-c6ccccc65)cc4)n3)cc2)Oc2ccccc2-c2ccccc21,P-N,DOPO-based (additive),https://doi.org/10.1002/app.39709,training_seed,P-N,3,review_manually,OH,DOPO-based (additive),A,1089.9270000000001,O=P1(Cc2ccc(Oc3nc(Oc4ccc(CP5(=O)Oc6ccccc6-c6ccccc65)cc4)nc(Oc4ccc(CP5(=O)Oc6ccccc6-c6ccccc65)cc4)n3)cc2)Oc2ccccc2-c2ccccc21,8.525525103974852,3.855395820087033,0.0,0.0,0.0,True,False,"Existing training molecule; use as design reference, not as a new discovery."
TRAIN_034,DOPO,O=P(C1=CC=CC=C21)OC3=C2C=CC=C3,O=[PH]1Oc2ccccc2-c2ccccc21,P-only,DOPO-based (Co-curing),https://doi.org/10.1002/app.51688,training_seed,P-only,0,review_manually,none,DOPO-based (Co-curing),A,216.176,O=[PH]1Oc2ccccc2-c2ccccc21,14.328140034046333,0.0,0.0,0.0,0.0,True,False,"Existing training molecule; use as design reference, not as a new discovery."
TRAIN_035,ITA-HBP,O=P1(C2=C(C=CC=C2)C3=C(C=CC=C3)O1)CC(CC(N(CC(C)O)CC(C)O)=O)C=O,CC(O)CN(CC(C)O)C(=O)CC(C=O)CP1(=O)Oc2ccccc2-c2ccccc21,P-N,DOPO-based (reactive),https://doi.org/10.1016/j.cej.2019.122719,training_seed,P-N,1,review_manually,OH,DOPO-based (reactive),A,445.45200000000017,O=[PH]1Oc2ccccc2-c2ccccc21,6.953386672413636,3.1444465396945116,0.0,0.0,0.0,True,False,"Existing training molecule; use as design reference, not as a new discovery."
TRAIN_036,DPT,CC1(CC(NC(P2(C3=C(C4=C(O2)C=CC=C4)C=CC=C3)=O)C5=CC=C(C(P6(C7=C(C8=C(O6)C=CC=C8)C=CC=C7)=O)NC9CC(C)(NC(C)(C9)C)C)C=C5)CC(C)(N1)C)C,CC1(C)CC(NC(c2ccc(C(NC3CC(C)(C)NC(C)(C)C3)P3(=O)Oc4ccccc4-c4ccccc43)cc2)P2(=O)Oc3ccccc3-c3ccccc32)CC(C)(C)N1,P-N,DOPO-based (Co-curing),http://dx.doi.org/10.1016/j.polymdegradstab.2017.10.015,training_seed,P-N,2,review_manually,NH2/NH,DOPO-based (Co-curing),A,843.0020000000001,O=P1(C(NC2CCNCC2)c2ccc(C(NC3CCNCC3)P3(=O)Oc4ccccc4-c4ccccc43)cc2)Oc2ccccc2-c2ccccc21,7.348499766311349,6.646247577111323,0.0,0.0,0.0,True,False,"Existing training molecule; use as design reference, not as a new discovery."
TRAIN_037,DOPO-BAPh,CC(C1=CC=C(O)C(CN(C2=CC=CC(OC3=CC=C(C(C#N)=C3)C#N)=C2)CP4(C5=C(C6=C(O4)C=CC=C6)C=CC=C5)=O)=C1)(C7=CC(CN(C8=CC=CC(OC9=CC=C(C(C#N)=C9)C#N)=C8)CP%10(C%11=C(C%12=C(O%10)C=CC=C%12)C=CC=C%11)=O)=C(O)C=C7)C,CC(C)(c1ccc(O)c(CN(CP2(=O)Oc3ccccc3-c3ccccc32)c2cccc(Oc3ccc(C#N)c(C#N)c3)c2)c1)c1ccc(O)c(CN(CP2(=O)Oc3ccccc3-c3ccccc32)c2cccc(Oc3ccc(C#N)c(C#N)c3)c2)c1,P-N,DOPO-based (additive),https://doi.org/10.1016/j.polymdegradstab.2021.109544,training_seed,P-N,2,review_manually,OH,DOPO-based (additive),A,1179.1789999999996,O=P1(CN(Cc2cccc(Cc3cccc(CN(CP4(=O)Oc5ccccc5-c5ccccc54)c4cccc(Oc5ccccc5)c4)c3)c2)c2cccc(Oc3ccccc3)c2)Oc2ccccc2-c2ccccc21,5.253485687923549,7.127162203533139,0.0,0.0,0.0,True,False,"Existing training molecule; use as design reference, not as a new discovery."
TRAIN_038,BPD,O=P(C1=C2C=CC=C1)(C(NC3=NC4=C(S3)C=CC=C4)C5=CC=C(C(P6(C7=C(C8=C(O6)C=CC=C8)C=CC=C7)=O)NC9=NC%10=C(S9)C=CC=C%10)C=C5)OC%11=C2C=CC=C%11,O=P1(C(Nc2nc3ccccc3s2)c2ccc(C(Nc3nc4ccccc4s3)P3(=O)Oc4ccccc4-c4ccccc43)cc2)Oc2ccccc2-c2ccccc21,P-N-S,DOPO-based (Co-curing),https://doi.org/10.1002/pat.4145,training_seed,P-N-S,2,review_manually,NH2/NH,DOPO-based (Co-curing),A,830.868,O=P1(C(Nc2nc3ccccc3s2)c2ccc(C(Nc3nc4ccccc4s3)P3(=O)Oc4ccccc4-c4ccccc43)cc2)Oc2ccccc2-c2ccccc21,7.455817289870352,6.743309406548333,7.718915640029462,0.0,0.0,True,False,"Existing training molecule; use as design reference, not as a new discovery."
TRAIN_039,POBDBI,O=P(C(NC1=CC2=C(NC(N2)=O)C=C1)C3=CC=C(C(P4(C5=C(C6=C(O4)C=CC=C6)C=CC=C5)=O)NC7=CC=C8C(NC(N8)=O)=C7)C=C3)(C9=CC=CC=C%109)OC%11=C%10C=CC=C%11,O=c1[nH]c2ccc(NC(c3ccc(C(Nc4ccc5[nH]c(=O)[nH]c5c4)P4(=O)Oc5ccccc5-c5ccccc54)cc3)P3(=O)Oc4ccccc4-c4ccccc43)cc2[nH]1,P-N,DOPO-based (reactive),https://doi.org/10.1016/j.polymdegradstab.2020.109426,training_seed,P-N,2,review_manually,NH2/NH,DOPO-based (reactive),A,828.7620000000002,O=c1[nH]c2ccc(NC(c3ccc(C(Nc4ccc5[nH]c(=O)[nH]c5c4)P4(=O)Oc5ccccc5-c5ccccc54)cc3)P3(=O)Oc4ccccc4-c4ccccc43)cc2[nH]1,7.474763563001198,10.140667646441317,0.0,0.0,0.0,True,False,"Existing training molecule; use as design reference, not as a new discovery."
TRAIN_040,PBO,O=P1(C(NC2=CC=C(NC(P3(C4=CC=CC=C4C5=CC=CC=C5O3)=O)C6=CNC7=CC=CC=C67)C=C2)C8=CNC9=CC=CC=C89)OC%10=CC=CC=C%10C%11=CC=CC=C%111,O=P1(C(Nc2ccc(NC(c3c[nH]c4ccccc34)P3(=O)Oc4ccccc4-c4ccccc43)cc2)c2c[nH]c3ccccc23)Oc2ccccc2-c2ccccc21,P-N,DOPO-based (reactive),https://doi.org/10.1002/pat.5804,training_seed,P-N,2,review_manually,NH2/NH,DOPO-based (reactive),A,794.7880000000001,O=P1(C(Nc2ccc(NC(c3c[nH]c4ccccc34)P3(=O)Oc4ccccc4-c4ccccc43)cc2)c2c[nH]c3ccccc23)Oc2ccccc2-c2ccccc21,7.794279732456956,7.049427017015858,0.0,0.0,0.0,True,False,"Existing training molecule; use as design reference, not as a new discovery."
TRAIN_041,CTP-DOPO,OC(C=C1)=CC=C1NC(P2(C3=C(C4=CC=CC=C4O2)C=CC=C3)=O)C(C=C5)=CC=C5OP6(OC7=CC=C(C(P8(C9=C(C%10=CC=CC=C%10O8)C=CC=C9)=O)NC%11=CC=C(O)C=C%11)C=C7)=NP(OC%12=CC=C(C(P%13(C%14=C(C%15=CC=CC=C%15O%13)C=CC=C%14)=O)NC%16=CC=C(O)C=C%16)C=C%12)(OC%17=CC=C(C(P%18(C%19=C(C%20=CC=CC=C%20O%18)C=CC=C%19)=O)NC%21=CC=C(O)C=C%21)C=C%17)=NP(OC%22=CC=C(C(P%23(C%24=C(C%25=CC=CC=C%25O%23)C=CC=C%24)=O)NC%26=CC=C(O)C=C%26)C=C%22)(OC%27=CC=C(C(P%28(C%29=C(C%30=CC=CC=C%30O%28)C=CC=C%29)=O)NC%31=CC=C(O)C=C%31)C=C%27)=N6,O=P1(C(Nc2ccc(O)cc2)c2ccc(OP3(Oc4ccc(C(Nc5ccc(O)cc5)P5(=O)Oc6ccccc6-c6ccccc65)cc4)=NP(Oc4ccc(C(Nc5ccc(O)cc5)P5(=O)Oc6ccccc6-c6ccccc65)cc4)(Oc4ccc(C(Nc5ccc(O)cc5)P5(=O)Oc6ccccc6-c6ccccc65)cc4)=NP(Oc4ccc(C(Nc5ccc(O)cc5)P5(=O)Oc6ccccc6-c6ccccc65)cc4)(Oc4ccc(C(Nc5ccc(O)cc5)P5(=O)Oc6ccccc6-c6ccccc65)cc4)=N3)cc2)Oc2ccccc2-c2ccccc21,P-N,DOPO-based (additive),https://doi.org/10.1016/j.polymdegradstab.2015.11.018,training_seed,P-N,6,review_manually,NH2/NH;OH,DOPO-based (additive),A,2705.3669999999925,O=P1(C(Nc2ccccc2)c2ccc(OP3(Oc4ccc(C(Nc5ccccc5)P5(=O)Oc6ccccc6-c6ccccc65)cc4)=NP(Oc4ccc(C(Nc5ccccc5)P5(=O)Oc6ccccc6-c6ccccc65)cc4)(Oc4ccc(C(Nc5ccccc5)P5(=O)Oc6ccccc6-c6ccccc65)cc4)=NP(Oc4ccc(C(Nc5ccccc5)P5(=O)Oc6ccccc6-c6ccccc65)cc4)(Oc4ccc(C(Nc5ccccc5)P5(=O)Oc6ccccc6-c6ccccc65)cc4)=N3)cc2)Oc2ccccc2-c2ccccc21,10.304184238219834,4.659737477392175,0.0,0.0,0.0,True,False,"Existing training molecule; use as design reference, not as a new discovery."
TRAIN_042,DMBT,O=P(C1=C2C=CC=C1)(SC3=NC4=C(S3)C=CC=C4)OC5=C2C=CC=C5,O=P1(Sc2nc3ccccc3s2)Oc2ccccc2-c2ccccc21,P-N-S,DOPO-based (additive),https://doi.org/10.1016/j.compositesb.2019.03.052,training_seed,P-N-S,1,review_manually,none,DOPO-based (additive),A,381.4180000000001,O=P1(Sc2nc3ccccc3s2)Oc2ccccc2-c2ccccc21,8.120749414028701,3.6723489714696202,16.81462332663901,0.0,0.0,True,False,"Existing training molecule; use as design reference, not as a new discovery."
TRAIN_043,VFD,COC1=CC(C(P2(C3=C(C4=C(O2)C=CC=C4)C=CC=C3)=O)NCC5=CC=CO5)=CC=C1O,COc1cc(C(NCc2ccco2)P2(=O)Oc3ccccc3-c3ccccc32)ccc1O,P-N,DOPO-based (Co-curing),https://doi.org/10.1016/j.polymdegradstab.2021.109548,training_seed,P-N,1,review_manually,NH2/NH;OH,DOPO-based (Co-curing),A,447.42700000000013,O=P1(C(NCc2ccco2)c2ccccc2)Oc2ccccc2-c2ccccc21,6.922693534364263,3.1305665505210896,0.0,0.0,0.0,True,False,"Existing training molecule; use as design reference, not as a new discovery."
TRAIN_044,VAD,COC1=C(O)C=CC(C(P2(C3=C(C4=C(O2)C=CC=C4)C=CC=C3)=O)NC5=NC=CC=N5)=C1,COc1cc(C(Nc2ncccn2)P2(=O)Oc3ccccc3-c3ccccc32)ccc1O,P-N,DOPO-based (Co-curing),https://doi.org/10.1002/pat.5875,training_seed,P-N,1,review_manually,NH2/NH;OH,DOPO-based (Co-curing),A,445.41500000000013,O=P1(C(Nc2ncccn2)c2ccccc2)Oc2ccccc2-c2ccccc21,6.953964280502451,9.434123233389085,0.0,0.0,0.0,True,False,"Existing training molecule; use as design reference, not as a new discovery."
TRAIN_045,DHBAZ,O=P(C1=C2C=CC=C1)(C(NC3=NC=CS3)C4=CC=C(O)C=C4)OC5=C2C=CC=C5,O=P1(C(Nc2nccs2)c2ccc(O)cc2)Oc2ccccc2-c2ccccc21,P-N-S,DOPO-based (Co-curing),http://dx.doi.org/10.1016/j.jaap.2017.07.014,training_seed,P-N-S,1,review_manually,NH2/NH;OH,DOPO-based (Co-curing),A,420.4300000000001,O=P1(C(Nc2nccs2)c2ccccc2)Oc2ccccc2-c2ccccc21,7.367219275503649,6.663178174725874,7.627191209000307,0.0,0.0,True,False,"Existing training molecule; use as design reference, not as a new discovery."
TRAIN_046,D-AZ,O=P(C1=C2C=CC=C1)(NC3=NC=CS3)OC4=C2C=CC=C4,O=P1(Nc2nccs2)Oc2ccccc2-c2ccccc21,P-N-S,DOPO-based (additive),https://doi.org/10.1007/s10853-017-1102-x,training_seed,P-N-S,1,review_manually,none,DOPO-based (additive),A,314.30600000000004,O=P1(Nc2nccs2)Oc2ccccc2-c2ccccc21,9.85472755849395,8.912970162834943,10.202477840066685,0.0,0.0,True,False,"Existing training molecule; use as design reference, not as a new discovery."
TRAIN_047,DOPO-ABZ,O=P(C1=C2C=CC=C1)(NC3=NC4=C(S3)C=CC=C4)OC5=C2C=CC=C5,O=P1(Nc2nc3ccccc3s2)Oc2ccccc2-c2ccccc21,P-N-S,DOPO-based (additive),https://doi.org/10.1021/acs.iecr.6b03416,training_seed,P-N-S,1,review_manually,none,DOPO-based (additive),A,364.3660000000001,O=P1(Nc2nc3ccccc3s2)Oc2ccccc2-c2ccccc21,8.500793158527413,7.6884231788915525,8.800766262494303,0.0,0.0,True,False,"Existing training molecule; use as design reference, not as a new discovery."
TRAIN_048,TGIC-DOPO,O=P(CC(O)CN(C(N(C1=O)CC(O)CP(OC2=C3C=CC=C2)(C4=C3C=CC=C4)=O)=O)C(N1CC(O)CP(OC5=C6C=CC=C5)(C7=C6C=CC=C7)=O)=O)(C8=C9C=CC=C8)OC%10=C9C=CC=C%10,O=c1n(CC(O)CP2(=O)Oc3ccccc3-c3ccccc32)c(=O)n(CC(O)CP2(=O)Oc3ccccc3-c3ccccc32)c(=O)n1CC(O)CP1(=O)Oc2ccccc2-c2ccccc21,P-N,DOPO-based (additive),https://doi.org/10.1016/j.polymdegradstab.2014.05.007,training_seed,P-N,3,review_manually,OH,DOPO-based (additive),A,945.7950000000001,O=c1n(CCCP2(=O)Oc3ccccc3-c3ccccc32)c(=O)n(CCCP2(=O)Oc3ccccc3-c3ccccc32)c(=O)n1CCCP1(=O)Oc2ccccc2-c2ccccc21,9.824750606632513,4.4429289645219106,0.0,0.0,0.0,True,False,"Existing training molecule; use as design reference, not as a new discovery."
TRAIN_049,DOPO-PHE,O=P(C1=CC=CC=C21)(C(C3=CC=C(O)C=C3)C4=CC=C(O)C=C4)OC5=C2C=CC=C5,O=P1(C(c2ccc(O)cc2)c2ccc(O)cc2)Oc2ccccc2-c2ccccc21,P-only,DOPO-based (Co-curing),https://doi.org/10.1016/j.polymdegradstab.2018.08.007,training_seed,P-only,1,review_manually,OH,DOPO-based (Co-curing),A,414.39700000000016,O=P1(C(c2ccccc2)c2ccccc2)Oc2ccccc2-c2ccccc21,7.474474960002121,0.0,0.0,0.0,0.0,True,False,"Existing training molecule; use as design reference, not as a new discovery."
TRAIN_050,TAD,O=P(CCCN1C(N(C(N(C1=O)CCCP2(C3=C(C4=C(O2)C=CC=C4)C=CC=C3)=O)=O)CCCP5(C6=C(C7=C(O5)C=CC=C7)C=CC=C6)=O)=O)(C8=C9C=CC=C8)OC%10=C9C=CC=C%10,O=c1n(CCCP2(=O)Oc3ccccc3-c3ccccc32)c(=O)n(CCCP2(=O)Oc3ccccc3-c3ccccc32)c(=O)n1CCCP1(=O)Oc2ccccc2-c2ccccc21,P-N,DOPO-based (reactive),http://dx.doi.org/10.1016/j.polymdegradstab.2016.09.014,training_seed,P-N,3,review_manually,none,DOPO-based (reactive),A,897.798,O=c1n(CCCP2(=O)Oc3ccccc3-c3ccccc32)c(=O)n(CCCP2(=O)Oc3ccccc3-c3ccccc32)c(=O)n1CCCP1(=O)Oc2ccccc2-c2ccccc21,10.349989641322434,4.6804515046814545,0.0,0.0,0.0,True,False,"Existing training molecule; use as design reference, not as a new discovery."
TRAIN_051,BMP,O=P(C1=C2C=CC=C1)(C3CC(N(C3=O)C4=CC=C(CC5=CC=C(N6C(CC(P7(C8=C(C9=C(O7)C=CC=C9)C=CC=C8)=O)C6=O)=O)C=C5)C=C4)=O)OC%10=C2C=CC=C%10,O=C1CC(P2(=O)Oc3ccccc3-c3ccccc32)C(=O)N1c1ccc(Cc2ccc(N3C(=O)CC(P4(=O)Oc5ccccc5-c5ccccc54)C3=O)cc2)cc1,P-N,DOPO-based (additive),https://doi.org/10.1016/j.compositesb.2021.109553,training_seed,P-N,2,review_manually,none,DOPO-based (additive),A,790.7050000000004,O=C1CC(P2(=O)Oc3ccccc3-c3ccccc32)C(=O)N1c1ccc(Cc2ccc(N3C(=O)CC(P4(=O)Oc5ccccc5-c5ccccc54)C3=O)cc2)cc1,7.8345274154077655,3.5429142347651763,0.0,0.0,0.0,True,False,"Existing training molecule; use as design reference, not as a new discovery."
TRAIN_052,TBO,O=P(C(NC1=NC(NC(P2(C3=C(C4=C(O2)C=CC=C4)C=CC=C3)=O)C5=C(O)C=CC=C5)=NN1)C6=C(O)C=CC=C6)(C7=C8C=CC=C7)OC9=C8C=CC=C9,O=P1(C(Nc2n[nH]c(NC(c3ccccc3O)P3(=O)Oc4ccccc4-c4ccccc43)n2)c2ccccc2O)Oc2ccccc2-c2ccccc21,P-N,DOPO-based (reactive),https://doi.org/10.1016/j.polymdegradstab.2022.109909,training_seed,P-N,2,review_manually,NH2/NH;OH,DOPO-based (reactive),A,739.6650000000003,O=P1(C(Nc2n[nH]c(NC(c3ccccc3)P3(=O)Oc4ccccc4-c4ccccc43)n2)c2ccccc2)Oc2ccccc2-c2ccccc21,8.375142801132942,9.46847559368092,0.0,0.0,0.0,True,False,"Existing training molecule; use as design reference, not as a new discovery."
TRAIN_053,FPD,O=P1(C2=C(C3=C(O1)C=CC=C3)C=CC=C2)C(NC4=CC=CO4)CC5=CC=CC=C5,O=P1(C(Cc2ccccc2)Nc2ccco2)Oc2ccccc2-c2ccccc21,P-N,DOPO-based (Co-curing),https://doi.org/10.1007/s11595-025-3132-6,training_seed,P-N,1,review_manually,NH2/NH,DOPO-based (Co-curing),A,401.40200000000016,O=P1(C(Cc2ccccc2)Nc2ccco2)Oc2ccccc2-c2ccccc21,7.716453829328202,3.4895192350810396,0.0,0.0,0.0,True,False,"Existing training molecule; use as design reference, not as a new discovery."
TRAIN_054,DOPO-VTS,CO[Si](OC)(OC)CCP1(C2=C(C3=C(O1)C=CC=C3)C=CC=C2)=O,CO[Si](CCP1(=O)Oc2ccccc2-c2ccccc21)(OC)OC,P-N-Si,DOPO-based (additive),http://dx.doi.org/10.1016/j.matchemphys.2013.11.029,training_seed,P-Si,1,review_manually,none,DOPO-based (additive),A,364.41000000000014,O=[PH]1Oc2ccccc2-c2ccccc21,8.499766746247357,0.0,0.0,0.0,7.707252819626242,True,False,"Existing training molecule; use as design reference, not as a new discovery."
TRAIN_055,PAD,O=P1(C(NC2=NC3=C(S2)C=CC=C3)C4=CC=C(OP(C5=CC=CC=C5)(OC6=CC=C(C(P7(C8=C(C9=C(O7)C=CC=C9)C=CC=C8)=O)NC%10=NC%11=C(S%10)C=CC=C%11)C=C6)=O)C=C4)C(C=CC=C%12)=C%12C%13=CC=CC=C%13O1,O=P(Oc1ccc(C(Nc2nc3ccccc3s2)P2(=O)Oc3ccccc3-c3ccccc32)cc1)(Oc1ccc(C(Nc2nc3ccccc3s2)P2(=O)Oc3ccccc3-c3ccccc32)cc1)c1ccccc1,P-N-S,DOPO-based (Co-curing),https://doi.org/10.1016/j.firesaf.2020.102994,training_seed,P-N-S,2,review_manually,NH2/NH,DOPO-based (Co-curing),A,1063.0430000000001,O=P(Oc1ccc(C(Nc2nc3ccccc3s2)P2(=O)Oc3ccccc3-c3ccccc32)cc1)(Oc1ccc(C(Nc2nc3ccccc3s2)P2(=O)Oc3ccccc3-c3ccccc32)cc1)c1ccccc1,8.741132766971795,5.2705299785615445,6.0330579289831165,0.0,0.0,True,False,"Existing training molecule; use as design reference, not as a new discovery."
TRAIN_056,DIB,O=P(C1=C2C=CC=C1)(C(NC3=CC=C(NC(P4(C5=C(C6=C(O4)C=CC=C6)C=CC=C5)=O)C7=CNC=N7)C=C3)C8=CNC=N8)OC9=C2C=CC=C9,O=P1(C(Nc2ccc(NC(c3c[nH]cn3)P3(=O)Oc4ccccc4-c4ccccc43)cc2)c2c[nH]cn2)Oc2ccccc2-c2ccccc21,P-N,DOPO-based (Co-curing),https://doi.org/10.1016/j.polymdegradstab.2018.11.021,training_seed,P-N,2,review_manually,NH2/NH,DOPO-based (Co-curing),A,696.6440000000001,O=P1(C(Nc2ccc(NC(c3c[nH]cn3)P3(=O)Oc4ccccc4-c4ccccc43)cc2)c2c[nH]cn2)Oc2ccccc2-c2ccccc21,8.892346736640233,12.063837483707603,0.0,0.0,0.0,True,False,"Existing training molecule; use as design reference, not as a new discovery."
TRAIN_057,DOPO-M,O=P(CCCC1=CC=C(O)C(C2=CC(CCCP3(C4=C(C5=C(O3)C=CC=C5)C=CC=C4)=O)=CC=C2O)=C1)(C6=C7C=CC=C6)OC8=C7C=CC=C8,O=P1(CCCc2ccc(O)c(-c3cc(CCCP4(=O)Oc5ccccc5-c5ccccc54)ccc3O)c2)Oc2ccccc2-c2ccccc21,P-only,DOPO-based (Co-curing),https://doi.org/10.1016/j.eurpolymj.2022.111488,training_seed,P-only,2,review_manually,OH,DOPO-based (Co-curing),A,698.6920000000001,O=P1(CCCc2cccc(-c3cccc(CCCP4(=O)Oc5ccccc5-c5ccccc54)c3)c2)Oc2ccccc2-c2ccccc21,8.866281566126418,0.0,0.0,0.0,0.0,True,False,"Existing training molecule; use as design reference, not as a new discovery."
TRAIN_058,TD-DOPO,O=P(C(C1=CC=C(C(P2(C3=C(C4=C(O2)C=CC=C4)C=CC=C3)=O)NCCC5=CC=C(O)C=C5)C=C1)NCCC6=CC=C(O)C=C6)(C7=C8C=CC=C7)OC9=C8C=CC=C9,O=P1(C(NCCc2ccc(O)cc2)c2ccc(C(NCCc3ccc(O)cc3)P3(=O)Oc4ccccc4-c4ccccc43)cc2)Oc2ccccc2-c2ccccc21,P-N,DOPO-based (reactive),https://doi.org/10.1016/j.polymer.2025.128827,training_seed,P-N,2,review_manually,NH2/NH;OH,DOPO-based (reactive),A,804.8200000000002,O=P1(C(NCCc2ccccc2)c2ccc(C(NCCc3ccccc3)P3(=O)Oc4ccccc4-c4ccccc43)cc2)Oc2ccccc2-c2ccccc21,7.697124822941775,3.4807783106781636,0.0,0.0,0.0,True,False,"Existing training molecule; use as design reference, not as a new discovery."
TRAIN_059,DPSi-ED,COC1=CC(CCCP2(C3=C(C4=C(O2)C=CC=C4)C=CC=C3)=O)=CC=C1O[Si](C5=CC=CC=C5)(OC6=C(OC)C=C(C=C6)CCCP7(C8=C(C9=C(O7)C=CC=C9)C=CC=C8)=O)C%10=CC=CC=C%10,COc1cc(CCCP2(=O)Oc3ccccc3-c3ccccc32)ccc1O[Si](Oc1ccc(CCCP2(=O)Oc3ccccc3-c3ccccc32)cc1OC)(c1ccccc1)c1ccccc1,P-Si,DOPO-based (reactive),https://doi.org/10.1002/app.54474,training_seed,P-Si,2,review_manually,none,DOPO-based (reactive),A,941.0420000000003,O=P1(CCCc2ccc(O[Si](Oc3ccc(CCCP4(=O)Oc5ccccc5-c5ccccc54)cc3)(c3ccccc3)c3ccccc3)cc2)Oc2ccccc2-c2ccccc21,6.5829155340569265,0.0,0.0,0.0,2.9845639195700078,True,False,"Existing training molecule; use as design reference, not as a new discovery."
TRAIN_060,DABP-2DOPO,O=P(CCCC1=C(O)C=CC(C2=CC=C(O)C(CCCP3(C4=C(C5=C(O3)C=CC=C5)C=CC=C4)=O)=C2)=C1)(C6=C7C=CC=C6)OC8=C7C=CC=C8,O=P1(CCCc2cc(-c3ccc(O)c(CCCP4(=O)Oc5ccccc5-c5ccccc54)c3)ccc2O)Oc2ccccc2-c2ccccc21,P-only,DOPO-based (reactive),https://doi.org/10.1016/j.eurpolymj.2021.110319,training_seed,P-only,2,review_manually,OH,DOPO-based (reactive),A,698.6920000000001,O=P1(CCCc2cccc(-c3cccc(CCCP4(=O)Oc5ccccc5-c5ccccc54)c3)c2)Oc2ccccc2-c2ccccc21,8.866281566126418,0.0,0.0,0.0,0.0,True,False,"Existing training molecule; use as design reference, not as a new discovery."
TRAIN_061,PTDOB,O=P(O1)(NCCC[Si](OB(O)C2=CC=CC=C2)(OB(O)C3=CC=CC=C3)OB(C4=CC=CC=C4)O)C5=C(C=CC=C5)C6=C1C=CC=C6,O=P1(NCCC[Si](OB(O)c2ccccc2)(OB(O)c2ccccc2)OB(O)c2ccccc2)Oc2ccccc2-c2ccccc21,P-N-Si-B,DOPO-based (additive),https://doi.org/10.1007/s10853-020-05691-3,training_seed,P-N-Si-B,1,review_manually,OH,DOPO-based (additive),A,663.1220000000002,O=P1(NCCC[Si](OBc2ccccc2)(OBc2ccccc2)OBc2ccccc2)Oc2ccccc2-c2ccccc21,4.670935363326808,2.11228099806672,0.0,4.891407614285153,4.235419726686793,True,False,"Existing training molecule; use as design reference, not as a new discovery."
TRAIN_062,D-P-A,O=P(C1=CC=CC=C21)(C(NC3=NC4=C(S3)C=CC=C4)C5=CC=C(O)C=C5)OC6=C2C=CC=C6,O=P1(C(Nc2nc3ccccc3s2)c2ccc(O)cc2)Oc2ccccc2-c2ccccc21,P-N-S,DOPO-based (additive),https://doi.org/10.1016/j.polymdegradstab.2018.01.026,training_seed,P-N-S,1,review_manually,NH2/NH;OH,DOPO-based (additive),A,470.4900000000002,O=P1(C(Nc2nc3ccccc3s2)c2ccccc2)Oc2ccccc2-c2ccccc21,6.5833492741609785,5.954217942995598,6.815660269081167,0.0,0.0,True,False,"Existing training molecule; use as design reference, not as a new discovery."
TRAIN_063,DOPO-DDE,O=P(C(C1=CC=C(O)C=C1)NC2=CC=C(OC3=CC=C(NC(C4=CC=C(O)C=C4)P5(C6=C(C7=C(O5)C=CC=C7)C=CC=C6)=O)C=C3)C=C2)(C8=C9C=CC=C8)OC%10=C9C=CC=C%10,O=P1(C(Nc2ccc(Oc3ccc(NC(c4ccc(O)cc4)P4(=O)Oc5ccccc5-c5ccccc54)cc3)cc2)c2ccc(O)cc2)Oc2ccccc2-c2ccccc21,P-N,DOPO-based (Co-curing),https://doi.org/10.1007/s10973-016-5604-6,training_seed,P-N,2,review_manually,NH2/NH;OH,DOPO-based (Co-curing),A,840.8090000000002,O=P1(C(Nc2ccc(Oc3ccc(NC(c4ccccc4)P4(=O)Oc5ccccc5-c5ccccc54)cc3)cc2)c2ccccc2)Oc2ccccc2-c2ccccc21,7.36766614058603,3.331791167791971,0.0,0.0,0.0,True,False,"Existing training molecule; use as design reference, not as a new discovery."
TRAIN_064,DOPO-DDS,O=P(C(C1=CC=C(O)C=C1)NC2=CC=C(S(C3=CC=C(NC(C4=CC=C(O)C=C4)P5(C6=C(C7=C(O5)C=CC=C7)C=CC=C6)=O)C=C3)(=O)=O)C=C2)(C8=C9C=CC=C8)OC%10=C9C=CC=C%10,O=P1(C(Nc2ccc(S(=O)(=O)c3ccc(NC(c4ccc(O)cc4)P4(=O)Oc5ccccc5-c5ccccc54)cc3)cc2)c2ccc(O)cc2)Oc2ccccc2-c2ccccc21,P-N-S,DOPO-based (Co-curing),https://doi.org/10.1007/s10973-016-5604-6,training_seed,P-N-S,2,review_manually,NH2/NH;OH,DOPO-based (Co-curing),A,888.8750000000001,O=P1(C(Nc2ccc(S(=O)(=O)c3ccc(NC(c4ccccc4)P4(=O)Oc5ccccc5-c5ccccc54)cc3)cc2)c2ccccc2)Oc2ccccc2-c2ccccc21,6.9692588946702285,3.151624244128814,3.607593868654197,0.0,0.0,True,False,"Existing training molecule; use as design reference, not as a new discovery."
TRAIN_065,DDM-SH-DOPO,COC1=CC(C(P2(C3=C(C4=C(O2)C=CC=C4)C=CC=C3)=O)NC5=CC=C(CC6=CC=C(NC(P7(C8=C(C9=C(O7)C=CC=C9)C=CC=C8)=O)C%10=CC(OC)=C(O)C(OC)=C%10)C=C6)C=C5)=CC(OC)=C1O,COc1cc(C(Nc2ccc(Cc3ccc(NC(c4cc(OC)c(O)c(OC)c4)P4(=O)Oc5ccccc5-c5ccccc54)cc3)cc2)P2(=O)Oc3ccccc3-c3ccccc32)cc(OC)c1O,P-N,DOPO-based (Co-curing),https://doi.org/10.1002/app.55978,training_seed,P-N,2,review_manually,NH2/NH;OH,DOPO-based (Co-curing),A,958.9410000000003,O=P1(C(Nc2ccc(Cc3ccc(NC(c4ccccc4)P4(=O)Oc5ccccc5-c5ccccc54)cc3)cc2)c2ccccc2)Oc2ccccc2-c2ccccc21,6.460042901492374,2.921347611584028,0.0,0.0,0.0,True,False,"Existing training molecule; use as design reference, not as a new discovery."
TRAIN_066,PABCA,N#CC(C=C1)=CC=C1NC(P2(C3=C(C4=C(O2)C=CC=C4)C=CC=C3)=O)/C=C/C5=CC=CC=C5,N#Cc1ccc(NC(/C=C/c2ccccc2)P2(=O)Oc3ccccc3-c3ccccc32)cc1,P-N,DOPO-based (reactive),https://doi.org/10.1016/j.jiec.2024.04.047,training_seed,P-N,1,review_manually,NH2/NH;allyl/vinyl,DOPO-based (reactive),A,448.46200000000016,O=P1(C(/C=C/c2ccccc2)Nc2ccccc2)Oc2ccccc2-c2ccccc21,6.906716734082261,6.246683108044826,0.0,0.0,0.0,True,False,"Existing training molecule; use as design reference, not as a new discovery."
TRAIN_067,PPABCA,N#CC(C=C1)=CC=C1NC(P2(OC(C=CC=C3)=C3C4=C2C=CC=C4)=O)CC(P5(OC(C=CC=C6)=C6C7=C5C=CC=C7)=O)C8=CC=CC=C8,N#Cc1ccc(NC(CC(c2ccccc2)P2(=O)Oc3ccccc3-c3ccccc32)P2(=O)Oc3ccccc3-c3ccccc32)cc1,P-N,DOPO-based (reactive),https://doi.org/10.1016/j.jiec.2024.04.047,training_seed,P-N,2,review_manually,NH2/NH,DOPO-based (reactive),A,664.6380000000001,O=P1(C(CC(c2ccccc2)P2(=O)Oc3ccccc3-c3ccccc32)Nc2ccccc2)Oc2ccccc2-c2ccccc21,9.32056247160108,4.214926019878489,0.0,0.0,0.0,True,False,"Existing training molecule; use as design reference, not as a new discovery."
TRAIN_068,DOPO-PHBA,O=P(C(O)C1=CC=C(O)C=C1)(OC2=CC=CC=C32)C4=C3C=CC=C4,O=P1(C(O)c2ccc(O)cc2)Oc2ccccc2-c2ccccc21,P-only,DOPO-based (additive),https://doi.org/10.1002/app.55169,training_seed,P-only,1,review_manually,OH,DOPO-based (additive),A,338.2990000000001,O=P1(Cc2ccccc2)Oc2ccccc2-c2ccccc21,9.155805958634224,0.0,0.0,0.0,0.0,True,False,"Existing training molecule; use as design reference, not as a new discovery."
TRAIN_069,DOPO-Si,O=P(CC(O)C(CCC[Si](OCC)(OCC)OCC)O)(OC1=CC=CC=C21)C3=C2C=CC=C3,CCO[Si](CCCC(O)C(O)CP1(=O)Oc2ccccc2-c2ccccc21)(OCC)OCC,P-Si,DOPO-based (Additive + Secondary Crosslinking),https://kns.cnki.net/kcms2/article/abstract?v=Jz5IuRg0t01MWIuQSU_6UqHE0FSoQNbQTfAfb50G2a6hApehwI6TVt5XJu7u4Kym_YDWyA3hzm3XoGhzuSBzjto2ZkqEfC-TMWij5zqaEgCDMUOJ_b0PMaXQjpXjB_iOYfZwcKthj1azUz7FgaEQQMvnixGtFkUFavHfQdxDHOc=&uniplatform=NZKPT,training_seed,P-Si,1,review_manually,OH,DOPO-based (reactive),A,494.59700000000026,O=[PH]1Oc2ccccc2-c2ccccc21,6.262472275408056,0.0,0.0,0.0,5.678562546881599,True,False,"Existing training molecule; use as design reference, not as a new discovery."
TRAIN_070,PCANT,O=P1(C2=C(C3=C(O1)C=CC=C3)C=CC=C2)C(NC4=CC=C([N+]([O-])=O)C=C4)/C=C/C5=CC=CC=C5,O=[N+]([O-])c1ccc(NC(/C=C/c2ccccc2)P2(=O)Oc3ccccc3-c3ccccc32)cc1,P-N,DOPO-based (reactive),https://doi.org/10.1016/j.colsurfa.2023.132815,training_seed,P-N,1,review_manually,NH2/NH;allyl/vinyl,DOPO-based (reactive),A,468.44900000000024,O=P1(C(/C=C/c2ccccc2)Nc2ccccc2)Oc2ccccc2-c2ccccc21,6.612032473118735,5.980160060113264,0.0,0.0,0.0,True,False,"Existing training molecule; use as design reference, not as a new discovery."
TRAIN_071,DHBAP,O=P(C1=C2C=CC=C1)(C(NC3=NC=CN=C3)C4=C(O)C=CC=C4)OC5=C2C=CC=C5,O=P1(C(Nc2cnccn2)c2ccccc2O)Oc2ccccc2-c2ccccc21,P-N,DOPO-based (additive),https://doi.org/10.1002/pat.4674,training_seed,P-N,1,review_manually,NH2/NH;OH,DOPO-based (additive),A,415.3890000000002,O=P1(C(Nc2cnccn2)c2ccccc2)Oc2ccccc2-c2ccccc21,7.456624994884311,10.116059886034533,0.0,0.0,0.0,True,False,"Existing training molecule; use as design reference, not as a new discovery."
TRAIN_072,PDAP,O=P(C1=C2C=CC=C1)(C(C3=CC=C(C=O)C=C3)NC4=CC=C(NC(C5=CC=C(C(NC6=CC=C(N)C=C6)P7(C8=C(C9=C(O7)C=CC=C9)C=CC=C8)=O)C=C5)P%10(C%11=C(C%12=C(O%10)C=CC=C%12)C=CC=C%11)=O)C=C4)OC%13=C2C=CC=C%13,Nc1ccc(NC(c2ccc(C(Nc3ccc(NC(c4ccc(C=O)cc4)P4(=O)Oc5ccccc5-c5ccccc54)cc3)P3(=O)Oc4ccccc4-c4ccccc43)cc2)P2(=O)Oc3ccccc3-c3ccccc32)cc1,P-N,DOPO-based (Co-curing),https://doi.org/10.1016/j.polymdegradstab.2016.04.005,training_seed,P-N,3,review_manually,NH2/NH,DOPO-based (Co-curing),A,1079.0390000000004,O=P1(C(Nc2ccc(NC(c3ccc(C(Nc4ccccc4)P4(=O)Oc5ccccc5-c5ccccc54)cc3)P3(=O)Oc4ccccc4-c4ccccc43)cc2)c2ccccc2)Oc2ccccc2-c2ccccc21,8.611551575058913,5.192398050487515,0.0,0.0,0.0,True,False,"Existing training molecule; use as design reference, not as a new discovery."
TRAIN_073,MDOP,O=P(C1=C2C=CC=C1)([O-])OC3=C2C=CC=C3.NC4=NC(N)=NC([NH3+])=N4,Nc1nc(N)nc([NH3+])n1.O=P1([O-])Oc2ccccc2-c2ccccc21,P-N,DOPO-based (additive),https://doi.org/10.1016/j.jaap.2017.10.025,training_seed,P-N,1,review_manually,NH2/NH,DOPO-based (additive),A,358.2980000000001,O=[PH]1Oc2ccccc2-c2ccccc21.c1ncncn1,8.644759390228243,23.45589425561962,0.0,0.0,0.0,True,False,"Existing training molecule; use as design reference, not as a new discovery."
TRAIN_074,PMSBA,C[Si](NC1=NC2=C(S1)C=CC=C2)(NC3=NC4=C(S3)C=CC=C4)CCP5(C6=C(C7=C(O5)C=CC=C7)C=CC=C6)=O,C[Si](CCP1(=O)Oc2ccccc2-c2ccccc21)(Nc1nc2ccccc2s1)Nc1nc2ccccc2s1,P-N-Si-S,DOPO-based (reactive),https://doi.org/10.1002/pat.4758,training_seed,P-N-Si-S,1,review_manually,NH2/NH,DOPO-based (reactive),A,584.7390000000001,O=P1(CC[SiH](Nc2nc3ccccc3s2)Nc2nc3ccccc3s2)Oc2ccccc2-c2ccccc21,5.297064160249272,9.581710814568549,10.96797032522202,0.0,4.803168593167206,True,False,"Existing training molecule; use as design reference, not as a new discovery."
TRAIN_075,DOPO-PEPA,O=P(C1=C2C=CC=C1)(OCC34COP(OC3)(OC4)=O)OC5=C2C=CC=C5,O=P12OCC(COP3(=O)Oc4ccccc4-c4ccccc43)(CO1)CO2,P-P,DOPO-based (additive),https://doi.org/10.1021/acs.iecr.6b04292,training_seed,P-only,1,review_manually,none,DOPO-based (additive),A,394.2560000000002,O=P12OCC(COP3(=O)Oc4ccccc4-c4ccccc43)(CO1)CO2,15.712633415851622,0.0,0.0,0.0,0.0,True,False,"Existing training molecule; use as design reference, not as a new discovery."
TRAIN_076,DSD,O=P(C1=C2C=CC=C1)(C(NC3=CC=C(S(=O)(C4=CC=C(NC(P5(C6=C(C7=C(O5)C=CC=C7)C=CC=C6)=O)C8=CC=CC=C8O)C=C4)=O)C=C3)C9=CC=CC=C9O)OC%10=C2C=CC=C%10,O=P1(C(Nc2ccc(S(=O)(=O)c3ccc(NC(c4ccccc4O)P4(=O)Oc5ccccc5-c5ccccc54)cc3)cc2)c2ccccc2O)Oc2ccccc2-c2ccccc21,P-N-S,DOPO-based (Co-curing),https://doi.org/10.3390/polym12020317,training_seed,P-N-S,2,review_manually,NH2/NH;OH,DOPO-based (Co-curing),A,888.8750000000001,O=P1(C(Nc2ccc(S(=O)(=O)c3ccc(NC(c4ccccc4)P4(=O)Oc5ccccc5-c5ccccc54)cc3)cc2)c2ccccc2)Oc2ccccc2-c2ccccc21,6.9692588946702285,3.151624244128814,3.607593868654197,0.0,0.0,True,False,"Existing training molecule; use as design reference, not as a new discovery."
TRAIN_077,DP-PPD,NC1=CC=C(N(P(OC2=C3C=CC=C2)(C4=C3C=CC=C4)=O)CC5=CC=C(O[Si](C6=CC=CC=C6)(OC7=CC=C(CN(P(OC8=C9C=CC=C8)(C%10=C9C=CC=C%10)=O)C%11=CC=C(N)C=C%11)C=C7)C%12=CC=CC=C%12)C=C5)C=C1,Nc1ccc(N(Cc2ccc(O[Si](Oc3ccc(CN(c4ccc(N)cc4)P4(=O)Oc5ccccc5-c5ccccc54)cc3)(c3ccccc3)c3ccccc3)cc2)P2(=O)Oc3ccccc3-c3ccccc32)cc1,P-N-Si,DOPO-based (additive),https://doi.org/10.1016/j.compositesb.2021.108640,training_seed,P-N-Si,2,review_manually,NH2/NH,DOPO-based (additive),A,1037.1380000000001,O=P1(N(Cc2ccc(O[Si](Oc3ccc(CN(c4ccccc4)P4(=O)Oc5ccccc5-c5ccccc54)cc3)(c3ccccc3)c3ccccc3)cc2)c2ccccc2)Oc2ccccc2-c2ccccc21,5.972975631015351,5.402174059768323,0.0,0.0,2.708029211156085,True,False,"Existing training molecule; use as design reference, not as a new discovery."
TRAIN_078,DAVN,COC1=CC(C(NC2=NN=NN2)P3(C4=C(C5=C(O3)C=CC=C5)C=CC=C4)=O)=CC=C1O,COc1cc(C(Nc2nnn[nH]2)P2(=O)Oc3ccccc3-c3ccccc32)ccc1O,P-N,DOPO-based (reactive),https://doi.org/10.1002/pol.20250749,training_seed,P-N,1,review_manually,NH2/NH;OH,DOPO-based (reactive),A,435.3800000000001,O=P1(C(Nc2nnn[nH]2)c2ccccc2)Oc2ccccc2-c2ccccc21,7.114245027332443,16.085947907574987,0.0,0.0,0.0,True,False,"Existing training molecule; use as design reference, not as a new discovery."
TRAIN_079,ATZ,O=P(C1=C2C=CC=C1)(C(NC3=NN=NN3)C4=CC=C(O)C=C4)OC5=C2C=CC=C5,O=P1(C(Nc2nnn[nH]2)c2ccc(O)cc2)Oc2ccccc2-c2ccccc21,P-N,DOPO-based (Co-curing),https://doi.org/10.1016/j.jaap.2019.01.015,training_seed,P-N,1,review_manually,NH2/NH;OH,DOPO-based (Co-curing),A,405.35400000000016,O=P1(C(Nc2nnn[nH]2)c2ccccc2)Oc2ccccc2-c2ccccc21,7.641222240313402,17.277490785831638,0.0,0.0,0.0,True,False,"Existing training molecule; use as design reference, not as a new discovery."
TRAIN_080,DOPO-PPO,O=P(OC1=CC=C(C(P2(C3=C(C4=C(O2)C=CC=C4)C=CC=C3)=O)O)C=C1)(OC5=CC=C(C(P6(C7=C(C8=C(O6)C=CC=C8)C=CC=C7)=O)O)C=C5)C9=CC=CC=C9,O=P(Oc1ccc(C(O)P2(=O)Oc3ccccc3-c3ccccc32)cc1)(Oc1ccc(C(O)P2(=O)Oc3ccccc3-c3ccccc32)cc1)c1ccccc1,P-only,DOPO-based (Co-curing),https://doi.org/10.1016/j.firesaf.2020.102994,training_seed,P-only,2,review_manually,OH,DOPO-based (Co-curing),A,798.6610000000001,O=P1(Cc2ccc(OP(=O)(Oc3ccc(CP4(=O)Oc5ccccc5-c5ccccc54)cc3)c3ccccc3)cc2)Oc2ccccc2-c2ccccc21,11.634723618656725,0.0,0.0,0.0,0.0,True,False,"Existing training molecule; use as design reference, not as a new discovery."
TRAIN_081,DOPO-AN,O=C(C1=C(C2=O)C=CC(N(CP3(C4=C(C5=C(O3)C=CC=C5)C=CC=C4)=O)CP6(C7=C(C8=C(O6)C=CC=C8)C=CC=C7)=O)=C1)C9=C2C=CC=C9,O=C1c2ccccc2C(=O)c2cc(N(CP3(=O)Oc4ccccc4-c4ccccc43)CP3(=O)Oc4ccccc4-c4ccccc43)ccc21,P-N,DOPO-based (additive),https://kns.cnki.net/kcms2/article/abstract?v=Jz5IuRg0t01AQTZwcmDQr7LS0eI1I-pJtedm3wQXR-p9z-0cPu_RiuKcJkUfRgOXaRjPXuTfJPKDL75pSPbNFch4aPw5a0wSqfMOymELKaIyQuZ279il2sk1ZdaLq1xuOyDokD-lmNY5u_hoO061PP01E4Si78DJJGRu0isTWws=&uniplatform=NZKPT,training_seed,P-N,2,review_manually,none,DOPO-based (additive),A,679.6050000000001,O=C1c2ccccc2C(=O)c2cc(N(CP3(=O)Oc4ccccc4-c4ccccc43)CP3(=O)Oc4ccccc4-c4ccccc43)ccc21,9.11529491395737,2.0610501688480807,0.0,0.0,0.0,True,False,"Existing training molecule; use as design reference, not as a new discovery."
TRAIN_082,DDSi-1,OC(C=CC(C(C1=CC=C(C(CCCP2(C3=C(C=CC=C3)C4=C(C=CC=C4)O2)=O)=C1)O[Si](OC5=CC=C(C=C5CCCP6(C7=C(C=CC=C7)C8=C(C=CC=C8)O6)=O)C(C9=CC(CCCP%10(C%11=C(C=CC=C%11)C%12=C(C=CC=C%12)O%10)=O)=C(C=C9)O)(C)C)(C%13=CC=CC=C%13)C%14=CC=CC=C%14)(C)C)=C%15)=C%15CCCP%16(C%17=C(C=CC=C%17)C%18=C(C=CC=C%18)O%16)=O,CC(C)(c1ccc(O)c(CCCP2(=O)Oc3ccccc3-c3ccccc32)c1)c1ccc(O[Si](Oc2ccc(C(C)(C)c3ccc(O)c(CCCP4(=O)Oc5ccccc5-c5ccccc54)c3)cc2CCCP2(=O)Oc3ccccc3-c3ccccc32)(c2ccccc2)c2ccccc2)c(CCCP2(=O)Oc3ccccc3-c3ccccc32)c1,P-Si,DOPO-based (Co-curing),https://doi.org/10.1021/acs.macromol.8b02090,training_seed,P-Si,4,review_manually,OH,DOPO-based (Co-curing),A,1661.8279999999995,O=P1(CCCc2cccc(Cc3ccc(O[Si](Oc4ccc(Cc5cccc(CCCP6(=O)Oc7ccccc7-c7ccccc76)c5)cc4CCCP4(=O)Oc5ccccc5-c5ccccc54)(c4ccccc4)c4ccccc4)c(CCCP4(=O)Oc5ccccc5-c5ccccc54)c3)c2)Oc2ccccc2-c2ccccc21,7.455404530432754,0.0,0.0,0.0,1.6900666013570602,True,False,"Existing training molecule; use as design reference, not as a new discovery."
TRAIN_083,TFD,O=P(C1=C2C=CC=C1)(C(NC(C(O)=O)CC3=CC=C(O)C=C3)C4=CC=CO4)OC5=C2C=CC=C5,O=C(O)C(Cc1ccc(O)cc1)NC(c1ccco1)P1(=O)Oc2ccccc2-c2ccccc21,P-N,DOPO-based (reactive),https://doi.org/10.1016/j.polymer.2021.124045,training_seed,P-N,1,review_manually,NH2/NH;OH;carboxyl,DOPO-based (reactive),A,475.43700000000024,O=P1(C(NCCc2ccccc2)c2ccco2)Oc2ccccc2-c2ccccc21,6.514848444694036,2.946131664132155,0.0,0.0,0.0,True,False,"Existing training molecule; use as design reference, not as a new discovery."
TRAIN_084,SFG,O=P(C1=C2C=CC=C1)(C(NC3=CC=C(S(=O)(NC(N)=N)=O)C=C3)C4=CC=C(C(P(OC5=C6C=CC=C5)(C7=C6C=CC=C7)=O)NC(NS(C8=CC=C(N)C=C8)(=O)=O)=N)C=C4)OC9=C2C=CC=C9,N=C(N)NS(=O)(=O)c1ccc(NC(c2ccc(C(NC(=N)NS(=O)(=O)c3ccc(N)cc3)P3(=O)Oc4ccccc4-c4ccccc43)cc2)P2(=O)Oc3ccccc3-c3ccccc32)cc1,P-N-S,DOPO-based (reactive),https://doi.org/10.1016/j.polymdegradstab.2019.109023,training_seed,P-N-S,2,review_manually,NH2/NH,DOPO-based (reactive),A,958.9560000000001,N=C(NC(c1ccc(C(Nc2ccccc2)P2(=O)Oc3ccccc3-c3ccccc32)cc1)P1(=O)Oc2ccccc2-c2ccccc21)NS(=O)(=O)c1ccccc1,6.459941853432274,11.685207663333875,6.6878980891719735,0.0,0.0,True,False,"Existing training molecule; use as design reference, not as a new discovery."
TRAIN_085,FAFD,O=P(C1=C2C=CC=C1)(C(NCC3=CC=CO3)C4=CC=CO4)OC5=C2C=CC=C5,O=P1(C(NCc2ccco2)c2ccco2)Oc2ccccc2-c2ccccc21,P-N,DOPO-based (Co-curing),https://doi.org/10.1016/j.polymer.2022.124798,training_seed,P-N,1,review_manually,NH2/NH,DOPO-based (Co-curing),A,391.36300000000006,O=P1(C(NCc2ccco2)c2ccco2)Oc2ccccc2-c2ccccc21,7.914391498429845,3.579030209805219,0.0,0.0,0.0,True,False,"Existing training molecule; use as design reference, not as a new discovery."
TRAIN_086,DDSi-5,CC(C1=CC=C(O[Si](C2=CC=CC=C2)(OC(C=C3)=C(CCCP4(C5=C(C6=C(O4)C=CC=C6)C=CC=C5)=O)C=C3C(C)(C7=CC=C(O[Si](C8=CC=CC=C8)(OC(C=C9)=C(CCCP%10(C%11=C(C%12=C(O%10)C=CC=C%12)C=CC=C%11)=O)C=C9C(C)(C%13=CC=C(O[Si](C%14=CC=CC=C%14)(OC(C=C%15)=C(CCCP%16(C%17=C(C%18=C(O%16)C=CC=C%18)C=CC=C%17)=O)C=C%15C(C)(C%19=CC=C(O[Si](C%20=CC=CC=C%20)(OC(C=C%21)=C(CCCP%22(C%23=C(C%24=C(O%22)C=CC=C%24)C=CC=C%23)=O)C=C%21C(C)(C%25=CC=C(O[Si](C%26=CC=CC=C%26)(OC%27=CC=C(C(C)(C%28=CC(CCCP%29(C%30=C(C%31=C(O%29)C=CC=C%31)C=CC=C%30)=O)=C(O)C=C%28)C)C=C%27CCCP%32(C%33=C(C%34=C(O%32)C=CC=C%34)C=CC=C%33)=O)C%35=CC=CC=C%35)C(CCCP%36(C%37=C(C%38=C(O%36)C=CC=C%38)C=CC=C%37)=O)=C%25)C)C%39=CC=CC=C%39)C(CCCP%40(C%41=C(C%42=C(O%40)C=CC=C%42)C=CC=C%41)=O)=C%19)C)C%43=CC=CC=C%43)C(CCCP%44(C%45=C(C%46=C(O%44)C=CC=C%46)C=CC=C%45)=O)=C%13)C)C%47=CC=CC=C%47)C(CCCP%48(C%49=C(C%50=C(O%48)C=CC=C%50)C=CC=C%49)=O)=C7)C)C%51=CC=CC=C%51)C(CCCP%52(C%53=C(C%54=C(O%52)C=CC=C%54)C=CC=C%53)=O)=C1)(C%55=CC(CCCP%56(C%57=C(C%58=C(O%56)C=CC=C%58)C=CC=C%57)=O)=C(O)C=C%55)C,CC(C)(c1ccc(O)c(CCCP2(=O)Oc3ccccc3-c3ccccc32)c1)c1ccc(O[Si](Oc2ccc(C(C)(C)c3ccc(O[Si](Oc4ccc(C(C)(C)c5ccc(O[Si](Oc6ccc(C(C)(C)c7ccc(O[Si](Oc8ccc(C(C)(C)c9ccc(O[Si](Oc%10ccc(C(C)(C)c%11ccc(O)c(CCCP%12(=O)Oc%13ccccc%13-c%13ccccc%13%12)c%11)cc%10CCCP%10(=O)Oc%11ccccc%11-c%11ccccc%11%10)(c%10ccccc%10)c%10ccccc%10)c(CCCP%10(=O)Oc%11ccccc%11-c%11ccccc%11%10)c9)cc8CCCP8(=O)Oc9ccccc9-c9ccccc98)(c8ccccc8)c8ccccc8)c(CCCP8(=O)Oc9ccccc9-c9ccccc98)c7)cc6CCCP6(=O)Oc7ccccc7-c7ccccc76)(c6ccccc6)c6ccccc6)c(CCCP6(=O)Oc7ccccc7-c7ccccc76)c5)cc4CCCP4(=O)Oc5ccccc5-c5ccccc54)(c4ccccc4)c4ccccc4)c(CCCP4(=O)Oc5ccccc5-c5ccccc54)c3)cc2CCCP2(=O)Oc3ccccc3-c3ccccc32)(c2ccccc2)c2ccccc2)c(CCCP2(=O)Oc3ccccc3-c3ccccc32)c1,P-Si,DOPO-based (Co-curing),https://doi.org/10.1021/acs.macromol.8b02090,training_seed,P-Si,12,review_manually,OH,DOPO-based (Co-curing),A,5346.048000000001,O=P1(CCCc2cccc(Cc3ccc(O[Si](Oc4ccc(Cc5ccc(O[Si](Oc6ccc(Cc7ccc(O[Si](Oc8ccc(Cc9ccc(O[Si](Oc%10ccc(Cc%11ccc(O[Si](Oc%12ccc(Cc%13cccc(CCCP%14(=O)Oc%15ccccc%15-c%15ccccc%15%14)c%13)cc%12CCCP%12(=O)Oc%13ccccc%13-c%13ccccc%13%12)(c%12ccccc%12)c%12ccccc%12)c(CCCP%12(=O)Oc%13ccccc%13-c%13ccccc%13%12)c%11)cc%10CCCP%10(=O)Oc%11ccccc%11-c%11ccccc%11%10)(c%10ccccc%10)c%10ccccc%10)c(CCCP%10(=O)Oc%11ccccc%11-c%11ccccc%11%10)c9)cc8CCCP8(=O)Oc9ccccc9-c9ccccc98)(c8ccccc8)c8ccccc8)c(CCCP8(=O)Oc9ccccc9-c9ccccc98)c7)cc6CCCP6(=O)Oc7ccccc7-c7ccccc76)(c6ccccc6)c6ccccc6)c(CCCP6(=O)Oc7ccccc7-c7ccccc76)c5)cc4CCCP4(=O)Oc5ccccc5-c5ccccc54)(c4ccccc4)c4ccccc4)c(CCCP4(=O)Oc5ccccc5-c5ccccc54)c3)c2)Oc2ccccc2-c2ccccc21,6.952575061054445,0.0,0.0,0.0,2.6268002083034045,True,False,"Existing training molecule; use as design reference, not as a new discovery."
TRAIN_087,DDSi-2,CC(C1=CC(CCCP2(C3=C(C=CC=C3)C4=C(C=CC=C4)O2)=O)=C(C=C1)O)(C)C5=CC=C(C(CCCP6(C7=C(C=CC=C7)C8=C(C=CC=C8)O6)=O)=C5)O[Si](OC(C=CC(C(C9=CC=C(C(CCCP%10(C%11=C(C=CC=C%11)C%12=C(C=CC=C%12)O%10)=O)=C9)O[Si](OC%13=CC=C(C=C%13CCCP%14(C%15=C(C=CC=C%15)C%16=C(C=CC=C%16)O%14)=O)C(C%17=CC(CCCP%18(C%19=C(C=CC=C%19)C%20=C(C=CC=C%20)O%18)=O)=C(C=C%17)O)(C)C)(C%21=CC=CC=C%21)C%22=CC=CC=C%22)(C)C)=C%23)=C%23CCCP%24(C%25=C(C=CC=C%25)C%26=C(C=CC=C%26)O%24)=O)(C%27=CC=CC=C%27)C%28=CC=CC=C%28,CC(C)(c1ccc(O)c(CCCP2(=O)Oc3ccccc3-c3ccccc32)c1)c1ccc(O[Si](Oc2ccc(C(C)(C)c3ccc(O[Si](Oc4ccc(C(C)(C)c5ccc(O)c(CCCP6(=O)Oc7ccccc7-c7ccccc76)c5)cc4CCCP4(=O)Oc5ccccc5-c5ccccc54)(c4ccccc4)c4ccccc4)c(CCCP4(=O)Oc5ccccc5-c5ccccc54)c3)cc2CCCP2(=O)Oc3ccccc3-c3ccccc32)(c2ccccc2)c2ccccc2)c(CCCP2(=O)Oc3ccccc3-c3ccccc32)c1,P-Si,DOPO-based (Co-curing),https://doi.org/10.1021/acs.macromol.8b02090,training_seed,P-Si,6,review_manually,OH,DOPO-based (Co-curing),A,2582.882999999994,O=P1(CCCc2cccc(Cc3ccc(O[Si](Oc4ccc(Cc5ccc(O[Si](Oc6ccc(Cc7cccc(CCCP8(=O)Oc9ccccc9-c9ccccc98)c7)cc6CCCP6(=O)Oc7ccccc7-c7ccccc76)(c6ccccc6)c6ccccc6)c(CCCP6(=O)Oc7ccccc7-c7ccccc76)c5)cc4CCCP4(=O)Oc5ccccc5-c5ccccc54)(c4ccccc4)c4ccccc4)c(CCCP4(=O)Oc5ccccc5-c5ccccc54)c3)c2)Oc2ccccc2-c2ccccc21,7.195215578870604,0.0,0.0,0.0,2.174779113107335,True,False,"Existing training molecule; use as design reference, not as a new discovery."
TRAIN_088,PAHDOPO,O=P(C1=C2C=CC=C1)([O-])OC3=C2C=CC=C3.O=P(C4=C5C=CC=C4)([O-])OC6=C5C=CC=C6.C7C[NH2+]CC[NH2+]7,C1C[NH2+]CC[NH2+]1.O=P1([O-])Oc2ccccc2-c2ccccc21.O=P1([O-])Oc2ccccc2-c2ccccc21,P-N,DOPO-based (additive),https://doi.org/10.1007/s10965-022-03398-4,training_seed,P-N,2,review_manually,NH2/NH,DOPO-based (additive),A,550.4880000000002,C1C[NH2+]CC[NH2+]1.O=[PH]1Oc2ccccc2-c2ccccc21.O=[PH]1Oc2ccccc2-c2ccccc21,11.253287991745502,5.088939268430918,0.0,0.0,0.0,True,False,"Existing training molecule; use as design reference, not as a new discovery."
TRAIN_089,D-ATA,O=P(C1=C2C=CC=C1)(NC3=NNC=N3)OC4=C2C=CC=C4,O=P1(Nc2nc[nH]n2)Oc2ccccc2-c2ccccc21,P-N,DOPO-based (reactive),https://doi.org/10.1016/j.compositesb.2020.108019,training_seed,P-N,1,review_manually,none,DOPO-based (reactive),A,298.242,O=P1(Nc2nc[nH]n2)Oc2ccccc2-c2ccccc21,10.385525848136748,18.78608646669483,0.0,0.0,0.0,True,False,"Existing training molecule; use as design reference, not as a new discovery."
TRAIN_090,DOPT,CC1=CC=C(S(=O)(NP2(C3=C(C4=C(O2)C=CC=C4)C=CC=C3)=O)=O)C=C1,Cc1ccc(S(=O)(=O)NP2(=O)Oc3ccccc3-c3ccccc32)cc1,P-N-S,DOPO-based (Co-curing),https://doi.org/10.1016/j.firesaf.2021.103472,training_seed,P-N-S,1,review_manually,none,DOPO-based (Co-curing),A,385.3810000000001,O=P1(NS(=O)(=O)c2ccccc2)Oc2ccccc2-c2ccccc21,8.037241067930177,3.6345849951087357,8.320856503045036,0.0,0.0,True,False,"Existing training molecule; use as design reference, not as a new discovery."
TRAIN_091,BADO,O=P1(C2=C(C3=C(O1)C=CC=C3)C=CC=C2)NC4=NC5=C(N4)C=CC=C5,O=P1(Nc2nc3ccccc3[nH]2)Oc2ccccc2-c2ccccc21,P-N,DOPO-based (Co-curing),https://doi.org/10.1002/app.54890,training_seed,P-N,1,review_manually,none,DOPO-based (Co-curing),A,347.3140000000001,O=P1(Nc2nc3ccccc3[nH]2)Oc2ccccc2-c2ccccc21,8.918154753335596,12.09885003195955,0.0,0.0,0.0,True,False,"Existing training molecule; use as design reference, not as a new discovery."
TRAIN_092,SAD,O=P(C1=C2C=CC=C1)(C(NC3=NNC=N3)C4=CC=CS4)OC5=C2C=CC=C5,O=P1(C(Nc2nc[nH]n2)c2cccs2)Oc2ccccc2-c2ccccc21,P-N-S,DOPO-based (Co-curing),https://doi.org/10.1016/j.mtcomm.2021.103108,training_seed,P-N-S,1,review_manually,NH2/NH,DOPO-based (Co-curing),A,394.39600000000013,O=P1(C(Nc2nc[nH]n2)c2cccs2)Oc2ccccc2-c2ccccc21,7.853527926246715,14.206026430288336,8.130660554366674,0.0,0.0,True,False,"Existing training molecule; use as design reference, not as a new discovery."
TRAIN_093,STP,O=P(C1=C2C=CC=C1)(C(NC3=CC=C(S(=O)(NC4=NC=CS4)=O)C=C3)C5=CC=CS5)OC6=C2C=CC=C6,O=P1(C(Nc2ccc(S(=O)(=O)Nc3nccs3)cc2)c2cccs2)Oc2ccccc2-c2ccccc21,P-N-S,DOPO-based (reactive),https://doi.org/10.1016/j.polymdegradstab.2021.109698,training_seed,P-N-S,1,review_manually,NH2/NH,DOPO-based (reactive),A,565.6380000000001,O=P1(C(Nc2ccc(S(=O)(=O)Nc3nccs3)cc2)c2cccs2)Oc2ccccc2-c2ccccc21,5.475940442473807,7.42895632895951,17.00752071112619,0.0,0.0,True,False,"Existing training molecule; use as design reference, not as a new discovery."
TRAIN_094,SVPM,COC1=CC(C(P2(C3=C(C4=C(O2)C=CC=C4)C=CC=C3)=O)NC5=CC=C(S(=O)(NC6=NC=CS6)=O)C=C5)=CC=C1O[Si](C=C)(OC7=C(OC)C=C(C(P8(C9=C(C%10=C(O8)C=CC=C%10)C=CC=C9)=O)NC%11=CC=C(S(=O)(NC%12=NC=CS%12)=O)C=C%11)C=C7)C,C=C[Si](C)(Oc1ccc(C(Nc2ccc(S(=O)(=O)Nc3nccs3)cc2)P2(=O)Oc3ccccc3-c3ccccc32)cc1OC)Oc1ccc(C(Nc2ccc(S(=O)(=O)Nc3nccs3)cc2)P2(=O)Oc3ccccc3-c3ccccc32)cc1OC,P-N-Si-S,DOPO-based (reactive),https://pubs.acs.org/doi/10.1021/acsapm.2c01875?goto=supporting-info,training_seed,P-N-Si-S,2,review_manually,NH2/NH;allyl/vinyl,DOPO-based (reactive),A,1279.4189999999999,O=P1(C(Nc2ccc(S(=O)(=O)Nc3nccs3)cc2)c2ccc(O[SiH2]Oc3ccc(C(Nc4ccc(S(=O)(=O)Nc5nccs5)cc4)P4(=O)Oc5ccccc5-c5ccccc54)cc3)cc2)Oc2ccccc2-c2ccccc21,4.841885261982197,6.568762852513525,10.02548813172229,0.0,2.1952151718866144,True,False,"Existing training molecule; use as design reference, not as a new discovery."
TRAIN_095,DMDA-SH-DOPO,CC1=C(NC(P2(C3=C(C4=C(O2)C=CC=C4)C=CC=C3)=O)C5=CC(OC)=C(O)C(OC)=C5)C=CC(C6=CC(C)=C(NC(P7(C8=C(C9=C(O7)C=CC=C9)C=CC=C8)=O)C%10=CC(OC)=C(O)C(OC)=C%10)C=C6)=C1,COc1cc(C(Nc2ccc(-c3ccc(NC(c4cc(OC)c(O)c(OC)c4)P4(=O)Oc5ccccc5-c5ccccc54)c(C)c3)cc2C)P2(=O)Oc3ccccc3-c3ccccc32)cc(OC)c1O,P-N,DOPO-based (Co-curing),https://doi.org/10.1002/fam.3228,training_seed,P-N,2,review_manually,NH2/NH;OH,DOPO-based (Co-curing),A,972.9680000000001,O=P1(C(Nc2ccc(-c3ccc(NC(c4ccccc4)P4(=O)Oc5ccccc5-c5ccccc54)cc3)cc2)c2ccccc2)Oc2ccccc2-c2ccccc21,6.366910319763856,2.8792313827381784,0.0,0.0,0.0,True,False,"Existing training molecule; use as design reference, not as a new discovery."
TRAIN_096,DOA,O=P(C1=CC=CC=C21)([O-])OC3=C2C=CC=C3.CC(CO)([NH3+])CO,CC([NH3+])(CO)CO.O=P1([O-])Oc2ccccc2-c2ccccc21,P-N,DOPO-based (additive),https://doi.org/10.1002/app.51230,training_seed,P-N,1,review_manually,OH,DOPO-based (additive),A,337.31200000000007,O=[PH]1Oc2ccccc2-c2ccccc21,9.182596527843657,4.152535338203206,0.0,0.0,0.0,True,False,"Existing training molecule; use as design reference, not as a new discovery."
TRAIN_097,Trif-D,COC1=C(OC2=NC(OC3=C(OC)C=C(C(P4(C5=C(C6=C(O4)C=CC=C6)C=CC=C5)=O)O)C=C3)=NC(OC7=C(OC)C=C(C(P8(C9=C(C%10=C(O8)C=CC=C%10)C=CC=C9)=O)O)C=C7)=N2)C=CC(C(P%11(C%12=C(C%13=C(O%11)C=CC=C%13)C=CC=C%12)=O)O)=C1,COc1cc(C(O)P2(=O)Oc3ccccc3-c3ccccc32)ccc1Oc1nc(Oc2ccc(C(O)P3(=O)Oc4ccccc4-c4ccccc43)cc2OC)nc(Oc2ccc(C(O)P3(=O)Oc4ccccc4-c4ccccc43)cc2OC)n1,P-N,DOPO-based (Co-curing),https://doi.org/10.1016/j.polymdegradstab.2020.109293,training_seed,P-N,3,review_manually,OH,DOPO-based (Co-curing),A,1180.005,O=P1(Cc2ccc(Oc3nc(Oc4ccc(CP5(=O)Oc6ccccc6-c6ccccc65)cc4)nc(Oc4ccc(CP5(=O)Oc6ccccc6-c6ccccc65)cc4)n3)cc2)Oc2ccccc2-c2ccccc21,7.874712395286459,3.561086605565231,0.0,0.0,0.0,True,False,"Existing training molecule; use as design reference, not as a new discovery."
TRAIN_098,PDB,CC(C[Si]12O[Si]3(O[Si]4(O[Si](O1)(O[Si]5(O[Si](O2)(O[Si](O3)(O[Si](O4)(O5)CC(C)C)CC(C)C)CCCNC(C6=CC=C(B(O)O)C=C6)P(OC7=C8C=CC=C7)(C9=C8C=CC=C9)=O)CC(C)C)CC(C)C)CC(C)C)CC(C)C)C,CC(C)C[Si]12O[Si]3(CCCNC(c4ccc(B(O)O)cc4)P4(=O)Oc5ccccc5-c5ccccc54)O[Si]4(CC(C)C)O[Si](CC(C)C)(O1)O[Si]1(CC(C)C)O[Si](CC(C)C)(O2)O[Si](CC(C)C)(O3)O[Si](CC(C)C)(O4)O1,P-Si-B,DOPO-based (additive),https://doi.org/10.1002/pat.5262,training_seed,P-N-Si-B,1,review_manually,NH2/NH;OH,DOPO-based (additive),A,1222.6949999999995,O=P1(C(NCCC[Si]23O[SiH]4O[SiH]5O[SiH]6O[SiH](O4)O[SiH](O[SiH](O6)O[SiH](O5)O2)O3)c2ccccc2)Oc2ccccc2-c2ccccc21,2.5332564539807567,1.1455841399531368,0.0,0.8842761277342268,18.376455289340356,True,False,"Existing training molecule; use as design reference, not as a new discovery."
TRAIN_099,DZH,O=P1(C(C2=CC=C(C(NC(NO)(P3(C4=C(C5=C(O3)C=CC=C5)C=CC=C4)=O)C6=CC=CC=C6)P7(C8=C(C9=C(O7)C=CC=C9)C=CC=C8)=O)C=C2)NC(NO)(P%10(C%11=C(C%12=C(O%10)C=CC=C%12)C=CC=C%11)=O)C%13=CC=CC=C%13)C%14=C(C%15=C(O1)C=CC=C%15)C=CC=C%14,O=P1(C(NC(NO)(c2ccccc2)P2(=O)Oc3ccccc3-c3ccccc32)c2ccc(C(NC(NO)(c3ccccc3)P3(=O)Oc4ccccc4-c4ccccc43)P3(=O)Oc4ccccc4-c4ccccc43)cc2)Oc2ccccc2-c2ccccc21,P-N,DOPO-based (Co-curing),https://doi.org/10.1016/j.porgcoat.2023.107862,training_seed,P-N,4,review_manually,NH2/NH;OH,DOPO-based (Co-curing),A,1235.1160000000002,O=P1(C(NC(c2ccc(C(NC(c3ccccc3)P3(=O)Oc4ccccc4-c4ccccc43)P3(=O)Oc4ccccc4-c4ccccc43)cc2)P2(=O)Oc3ccccc3-c3ccccc32)c2ccccc2)Oc2ccccc2-c2ccccc21,10.031122582818131,4.536254084636584,0.0,0.0,0.0,True,False,"Existing training molecule; use as design reference, not as a new discovery."
TRAIN_100,HLD,COC1=CC(C(P2(C3=C(C4=C(O2)C=CC=C4)C=CC=C3)=O)NCCC5=CNC6=C5C=CC=C6)=CC=C1O,COc1cc(C(NCCc2c[nH]c3ccccc23)P2(=O)Oc3ccccc3-c3ccccc32)ccc1O,P-N,DOPO-based (Co-curing),https://doi.org/10.1016/j.polymdegradstab.2023.110595,training_seed,P-N,1,review_manually,NH2/NH;OH,DOPO-based (Co-curing),A,510.53000000000026,O=P1(C(NCCc2c[nH]c3ccccc23)c2ccccc2)Oc2ccccc2-c2ccccc21,6.067028382269403,5.487238751885293,0.0,0.0,0.0,True,False,"Existing training molecule; use as design reference, not as a new discovery."
TRAIN_101,Zr-POSS-bisDOPO,CCCCO[Zr]12O[Si]3(O[Si]4(O[Si](O1)(O[Si]5(O[Si](O2)(O[Si](O3)(O[Si](O4)(O5)CC(C)C)CC(C)C)CC(C)C)CC(C)C)CCCN(CP6(C7=C(C8=C(O6)C=CC=C8)C=CC=C7)=O)CP9(C%10=C(C%11=C(O9)C=CC=C%11)C=CC=C%10)=O)CC(C)C)CC(C)C,CCCCO[Zr]12O[Si]3(CCCN(CP4(=O)Oc5ccccc5-c5ccccc54)CP4(=O)Oc5ccccc5-c5ccccc54)O[Si]4(CC(C)C)O[Si]5(CC(C)C)O[Si](CC(C)C)(O3)O[Si](CC(C)C)(O[Si](CC(C)C)(O5)O[Si](CC(C)C)(O4)O1)O2,P-N-Si-Zr,DOPO-based (additive),https://doi.org/10.1002/mame.202100012,training_seed,P-N-Si,2,review_manually,none,DOPO-based (additive),A,1410.1029999999994,O=P1(CN(CCC[Si]23O[SiH]4O[SiH]5O[SiH]6O[SiH](O4)O[Zr](O[SiH](O6)O[SiH](O5)O2)O3)CP2(=O)Oc3ccccc3-c3ccccc32)Oc2ccccc2-c2ccccc21,4.3931542589442065,0.9933316927912362,0.0,0.0,13.942385768982836,True,False,"Existing training molecule; use as design reference, not as a new discovery."
TRAIN_102,VTZD,COC1=CC(C(P2(C3=C(C4=C(O2)C=CC=C4)C=CC=C3)=O)NC5=NC6=C(S5)C=CC=C6)=CC=C1O,COc1cc(C(Nc2nc3ccccc3s2)P2(=O)Oc3ccccc3-c3ccccc32)ccc1O,P-N-S,DOPO-based (reactive),https://doi.org/10.1002/app.53105,training_seed,P-N-S,1,review_manually,NH2/NH;OH,DOPO-based (reactive),A,500.51600000000025,O=P1(C(Nc2nc3ccccc3s2)c2ccccc2)Oc2ccccc2-c2ccccc21,6.188413557208958,5.597023871364749,6.406788194583187,0.0,0.0,True,False,"Existing training molecule; use as design reference, not as a new discovery."
TRAIN_103,STZ,O=P(C1=C2C=CC=C1)(C(NC3=CC=C(S(=O)(NC4=NC=CS4)=O)C=C3)C5=CC=C(O)C=C5)OC6=C2C=CC=C6,O=P1(C(Nc2ccc(S(=O)(=O)Nc3nccs3)cc2)c2ccc(O)cc2)Oc2ccccc2-c2ccccc21,P-N-S,DOPO-based (reactive),https://doi.org/10.1016/j.polymdegradstab.2020.109078,training_seed,P-N-S,1,review_manually,NH2/NH;OH,DOPO-based (reactive),A,575.6080000000002,O=P1(C(Nc2ccc(S(=O)(=O)Nc3nccs3)cc2)c2ccccc2)Oc2ccccc2-c2ccccc21,5.381092688079386,7.300280746619225,11.141957721226943,0.0,0.0,True,False,"Existing training molecule; use as design reference, not as a new discovery."
TRAIN_104,DOPO-CDI,O=P(C(N1C=CN=C1)(O)N2C=CN=C2)(C3=C4C=CC=C3)OC5=C4C=CC=C5,O=P1(C(O)(n2ccnc2)n2ccnc2)Oc2ccccc2-c2ccccc21,P-N,DOPO-based (Co-curing),https://doi.org/10.1016/j.cej.2024.155408,training_seed,P-N,1,review_manually,OH,DOPO-based (Co-curing),A,378.3280000000001,O=P1(C(n2ccnc2)n2ccnc2)Oc2ccccc2-c2ccccc21,8.187075764944703,14.80937176206889,0.0,0.0,0.0,True,False,"Existing training molecule; use as design reference, not as a new discovery."
TRAIN_105,Ti-POSS-bisDOPO,CC(C[Si@]12O[Si@@]3(O[Si@]4(O[Si@](O1)(O[Si@]5(O[Si@@](O3)(O[Si@@](O5)(O[Ti](O4)(O2)OC(C)C)CC(C)C)CC(C)C)CC(C)C)CC(C)C)CC(C)C)CCCN(CP6(C7=C(C8=C(O6)C=CC=C8)C=CC=C7)=O)CP9(C%10=C(C%11=C(O9)C=CC=C%11)C=CC=C%10)=O)C,CC(C)C[Si@]12O[Si@@]3(CC(C)C)O[Si@@](CC(C)C)(O1)O[Si@]1(CC(C)C)O[Si@@]4(CC(C)C)O[Ti](OC(C)C)(O2)O[Si@@](CC(C)C)(O[Si@@](CCCN(CP2(=O)Oc5ccccc5-c5ccccc52)CP2(=O)Oc5ccccc5-c5ccccc52)(O3)O4)O1,P-N-Si-Ti,DOPO-based (additive),https://doi.org/10.1016/j.cej.2019.06.027,training_seed,P-N-Si,2,review_manually,none,DOPO-based (additive),A,1352.7189999999998,O=P1(CN(CCC[Si]23O[SiH]4O[SiH]5O[SiH]6O[SiH](O[Ti](O[SiH](O5)O4)O[SiH](O6)O2)O3)CP2(=O)Oc3ccccc3-c3ccccc32)Oc2ccccc2-c2ccccc21,4.579517253768152,1.0354700421891023,0.0,0.0,14.533838883020051,True,False,"Existing training molecule; use as design reference, not as a new discovery."
TRAIN_106,TetraDSi,CC(C1=CC=C(O)C(CCCP2(C3=C(C4=C(O2)C=CC=C4)C=CC=C3)=O)=C1)(C5=CC=C(O[Si](OC6=CC=C(C(C)(C7=CC=C(O)C(CCCP8(C9=C(C%10=C(O8)C=CC=C%10)C=CC=C9)=O)=C7)C)C=C6CCCP%11(C%12=C(C%13=C(O%11)C=CC=C%13)C=CC=C%12)=O)(OC(C(CCCP%14(C%15=C(C%16=C(O%14)C=CC=C%16)C=CC=C%15)=O)=C%17)=CC=C%17C(C)(C%18=CC=C(O)C(CCCP%19(C%20=C(C%21=C(O%19)C=CC=C%21)C=CC=C%20)=O)=C%18)C)OC%22=CC=C(C(C)(C%23=CC=C(O)C(CCCP%24(C%25=C(C%26=C(O%24)C=CC=C%26)C=CC=C%25)=O)=C%23)C)C=C%22CCCP%27(C%28=C(C%29=C(O%27)C=CC=C%29)C=CC=C%28)=O)C(CCCP%30(C%31=C(C%32=C(O%30)C=CC=C%32)C=CC=C%31)=O)=C5)C,CC(C)(c1ccc(O)c(CCCP2(=O)Oc3ccccc3-c3ccccc32)c1)c1ccc(O[Si](Oc2ccc(C(C)(C)c3ccc(O)c(CCCP4(=O)Oc5ccccc5-c5ccccc54)c3)cc2CCCP2(=O)Oc3ccccc3-c3ccccc32)(Oc2ccc(C(C)(C)c3ccc(O)c(CCCP4(=O)Oc5ccccc5-c5ccccc54)c3)cc2CCCP2(=O)Oc3ccccc3-c3ccccc32)Oc2ccc(C(C)(C)c3ccc(O)c(CCCP4(=O)Oc5ccccc5-c5ccccc54)c3)cc2CCCP2(=O)Oc3ccccc3-c3ccccc32)c(CCCP2(=O)Oc3ccccc3-c3ccccc32)c1,P-Si,DOPO-based (reactive),https://doi.org/10.1016/j.compositesb.2019.107481,training_seed,P-Si,8,review_manually,OH,DOPO-based (reactive),A,2987.145999999991,O=P1(CCCc2cccc(Cc3ccc(O[Si](Oc4ccc(Cc5cccc(CCCP6(=O)Oc7ccccc7-c7ccccc76)c5)cc4CCCP4(=O)Oc5ccccc5-c5ccccc54)(Oc4ccc(Cc5cccc(CCCP6(=O)Oc7ccccc7-c7ccccc76)c5)cc4CCCP4(=O)Oc5ccccc5-c5ccccc54)Oc4ccc(Cc5cccc(CCCP6(=O)Oc7ccccc7-c7ccccc76)c5)cc4CCCP4(=O)Oc5ccccc5-c5ccccc54)c(CCCP4(=O)Oc5ccccc5-c5ccccc54)c3)c2)Oc2ccccc2-c2ccccc21,8.295275825152194,0.0,0.0,0.0,0.9402285659957726,True,False,"Existing training molecule; use as design reference, not as a new discovery."
TRAIN_107,DVSiBD,COC1=CC(C(P2(C3=C(C=CC=C3)C4=C(C=CC=C4)O2)=O)NCCOB(OCCNC(C5=CC=C(C(OC)=C5)O[Si](OC6=C(C=C(C=C6)C(P7(C8=C(C=CC=C8)C9=C(C=CC=C9)O7)=O)NCCOB(OCCN)OCCNC(P%10(C%11=C(C=CC=C%11)C%12=C(C=CC=C%12)O%10)=O)C%13=CC(OC)=C(C=C%13)O[SiH](C)C)OC)(C)C)P%14(C%15=C(C=CC=C%15)C%16=C(C=CC=C%16)O%14)=O)OCCNC(C%17=CC=C(C(OC)=C%17)O[Si](OC%18=C(C=C(C=C%18)C(P%19(C%20=C(C=CC=C%20)C%21=C(C=CC=C%21)O%19)=O)NCCOB(OCCN)OCCNC(P%22(C%23=C(C=CC=C%23)C%24=C(C=CC=C%24)O%22)=O)C%25=CC(OC)=C(C=C%25)O[SiH](C)C)OC)(C)C)P%26(C%27=C(C=CC=C%27)C%28=C(C=CC=C%28)O%26)=O)=CC=C1O[Si](OC%29=C(C=C(C=C%29)C(P%30(C%31=C(C=CC=C%31)C%32=C(C=CC=C%32)O%30)=O)NCCOB(OCCN)OCCNC(P%33(C%34=C(C=CC=C%34)C%35=C(C=CC=C%35)O%33)=O)C%36=CC(OC)=C(C=C%36)O[SiH](C)C)OC)(C)C,COc1cc(C(NCCOB(OCCN)OCCNC(c2ccc(O[Si](C)(C)Oc3ccc(C(NCCOB(OCCNC(c4ccc(O[Si](C)(C)Oc5ccc(C(NCCOB(OCCN)OCCNC(c6ccc(O[SiH](C)C)c(OC)c6)P6(=O)Oc7ccccc7-c7ccccc76)P6(=O)Oc7ccccc7-c7ccccc76)cc5OC)c(OC)c4)P4(=O)Oc5ccccc5-c5ccccc54)OCCNC(c4ccc(O[Si](C)(C)Oc5ccc(C(NCCOB(OCCN)OCCNC(c6ccc(O[SiH](C)C)c(OC)c6)P6(=O)Oc7ccccc7-c7ccccc76)P6(=O)Oc7ccccc7-c7ccccc76)cc5OC)c(OC)c4)P4(=O)Oc5ccccc5-c5ccccc54)P4(=O)Oc5ccccc5-c5ccccc54)cc3OC)c(OC)c2)P2(=O)Oc3ccccc3-c3ccccc32)P2(=O)Oc3ccccc3-c3ccccc32)ccc1O[SiH](C)C,P-N-Si-B,DOPO-based (Co-curing),https://doi.org/10.1016/j.polymdegradstab.2025.111701,training_seed,P-N-Si-B,9,review_manually,NH2/NH,DOPO-based (Co-curing),A,4259.8379999999825,O=P1(C(NCCOBOCCNC(c2ccc(O[SiH2]Oc3ccc(C(NCCOB(OCCNC(c4ccc(O[SiH2]Oc5ccc(C(NCCOBOCCNC(c6ccccc6)P6(=O)Oc7ccccc7-c7ccccc76)P6(=O)Oc7ccccc7-c7ccccc76)cc5)cc4)P4(=O)Oc5ccccc5-c5ccccc54)OCCNC(c4ccc(O[SiH2]Oc5ccc(C(NCCOBOCCNC(c6ccccc6)P6(=O)Oc7ccccc7-c7ccccc76)P6(=O)Oc7ccccc7-c7ccccc76)cc5)cc4)P4(=O)Oc5ccccc5-c5ccccc54)P4(=O)Oc5ccccc5-c5ccccc54)cc3)cc2)P2(=O)Oc3ccccc3-c3ccccc32)c2ccccc2)Oc2ccccc2-c2ccccc21,6.544051675204577,3.9457838537522014,0.0,1.0152498756995028,3.9559250844750595,True,False,"Existing training molecule; use as design reference, not as a new discovery."
TRAIN_108,DTA-1,O=P(C1=C2C=CC=C1)(C(NC3=NNC=N3)C4=CC=C(C(P5(C6=C(C7=C(O5)C=CC=C7)C=CC=C6)=O)NC8=NNC=N8)C=C4)OC9=C2C=CC=C9,O=P1(C(Nc2nc[nH]n2)c2ccc(C(Nc3nc[nH]n3)P3(=O)Oc4ccccc4-c4ccccc43)cc2)Oc2ccccc2-c2ccccc21,P-N,DOPO-based (Co-curing),https://doi.org/10.1016/j.polymdegradstab.2017.01.014,training_seed,P-N,2,review_manually,NH2/NH,DOPO-based (Co-curing),A,698.6200000000001,O=P1(C(Nc2nc[nH]n2)c2ccc(C(Nc3nc[nH]n3)P3(=O)Oc4ccccc4-c4ccccc43)cc2)Oc2ccccc2-c2ccccc21,8.867195327932208,16.039620967049323,0.0,0.0,0.0,True,False,"Existing training molecule; use as design reference, not as a new discovery."
TRAIN_109,DPI,O=P1(C(NCCN(CCNCCN(CCN(CCN(CCN)CCNC(C2=CC=CC=C2)P3(C4=C(C=CC=C4)C5=C(C=CC=C5)O3)=O)CCNCCN)CCNCCNC(C6=CC=CC=C6)P7(C8=C(C=CC=C8)C9=C(C=CC=C9)O7)=O)CCN)C%10=CC=CC=C%10)C%11=C(C=CC=C%11)C%12=C(C=CC=C%12)O1,NCCNCCN(CCN(CCNCCNC(c1ccccc1)P1(=O)Oc2ccccc2-c2ccccc21)CCNCCN(CCN)CCNC(c1ccccc1)P1(=O)Oc2ccccc2-c2ccccc21)CCN(CCN)CCNC(c1ccccc1)P1(=O)Oc2ccccc2-c2ccccc21,P-N,DOPO-based (Co-curing),https://doi.org/10.1016/j.cej.2021.132031,training_seed,P-N,3,review_manually,NH2/NH,DOPO-based (Co-curing),A,1446.714,O=P1(C(NCCNCCNCCN(CCNCCNCCNC(c2ccccc2)P2(=O)Oc3ccccc3-c3ccccc32)CCNCCNC(c2ccccc2)P2(=O)Oc3ccccc3-c3ccccc32)c2ccccc2)Oc2ccccc2-c2ccccc21,6.422969571041684,12.586523666737174,0.0,0.0,0.0,True,False,"Existing training molecule; use as design reference, not as a new discovery."
TRAIN_110,CP-DOPO,O=P(C1=C2C=CC=C1)(OC3=CC=C(C#N)C=C3)OC4=C2C=CC=C4,N#Cc1ccc(OP2(=O)Oc3ccccc3-c3ccccc32)cc1,P-N,DOPO-based (additive),https://doi.org/10.1002/app.55633,training_seed,P-N,1,review_manually,none,DOPO-based (additive),A,333.283,O=P1(Oc2ccccc2)Oc2ccccc2-c2ccccc21,9.29360333410345,4.202734612926552,0.0,0.0,0.0,True,False,"Existing training molecule; use as design reference, not as a new discovery."
TRAIN_111,DAP,O=P1(C2=C(C3=C(O1)C=CC=C3)C=CC=C2)NC4=NC=CC=N4,O=P1(Nc2ncccn2)Oc2ccccc2-c2ccccc21,P-N,DOPO-based (Co-curing),https://doi.org/10.1002/app.70220,training_seed,P-N,1,review_manually,none,DOPO-based (Co-curing),A,309.265,O=P1(Nc2ncccn2)Oc2ccccc2-c2ccccc21,10.01535899633001,13.58737652175319,0.0,0.0,0.0,True,False,"Existing training molecule; use as design reference, not as a new discovery."
TRAIN_112,TriDSi,CC(C1=CC=C(O)C(CCCP2(C3=C(C4=C(O2)C=CC=C4)C=CC=C3)=O)=C1)(C5=CC=C(O[Si](OC6=CC=C(C(C)(C7=CC=C(O)C(CCCP8(C9=C(C%10=C(O8)C=CC=C%10)C=CC=C9)=O)=C7)C)C=C6CCCP%11(C%12=C(C%13=C(O%11)C=CC=C%13)C=CC=C%12)=O)(OC%14=CC=C(C(C)(C%15=CC=C(O)C(CCCP%16(C%17=C(C%18=C(O%16)C=CC=C%18)C=CC=C%17)=O)=C%15)C)C=C%14CCCP%19(C%20=C(C%21=C(O%19)C=CC=C%21)C=CC=C%20)=O)C%22=CC=CC=C%22)C(CCCP%23(C%24=C(C%25=C(O%23)C=CC=C%25)C=CC=C%24)=O)=C5)C,CC(C)(c1ccc(O)c(CCCP2(=O)Oc3ccccc3-c3ccccc32)c1)c1ccc(O[Si](Oc2ccc(C(C)(C)c3ccc(O)c(CCCP4(=O)Oc5ccccc5-c5ccccc54)c3)cc2CCCP2(=O)Oc3ccccc3-c3ccccc32)(Oc2ccc(C(C)(C)c3ccc(O)c(CCCP4(=O)Oc5ccccc5-c5ccccc54)c3)cc2CCCP2(=O)Oc3ccccc3-c3ccccc32)c2ccccc2)c(CCCP2(=O)Oc3ccccc3-c3ccccc32)c1,P-Si,DOPO-based (reactive),https://doi.org/10.1016/j.compositesb.2019.107481,training_seed,P-Si,6,review_manually,OH,DOPO-based (reactive),A,2324.486999999997,O=P1(CCCc2cccc(Cc3ccc(O[Si](Oc4ccc(Cc5cccc(CCCP6(=O)Oc7ccccc7-c7ccccc76)c5)cc4CCCP4(=O)Oc5ccccc5-c5ccccc54)(Oc4ccc(Cc5cccc(CCCP6(=O)Oc7ccccc7-c7ccccc76)c5)cc4CCCP4(=O)Oc5ccccc5-c5ccccc54)c4ccccc4)c(CCCP4(=O)Oc5ccccc5-c5ccccc54)c3)c2)Oc2ccccc2-c2ccccc21,7.9950543926466455,0.0,0.0,0.0,1.2082665981784384,True,False,"Existing training molecule; use as design reference, not as a new discovery."
TRAIN_113,BDHDP,OB(O)OCCN(CCOB(OCCN(CCO)CP1(C2=C(C=CC=C2)C3=C(C=CC=C3)O1)=O)OCCN(CCOB(OCCN(CCOB(O)O)CP4(C5=C(C=CC=C5)C6=C(C=CC=C6)O4)=O)OCCN(CCOB(O)O)CP7(C8=C(C=CC=C8)C9=C(C=CC=C9)O7)=O)CP%10(C%11=C(C=CC=C%11)C%12=C(C=CC=C%12)O%10)=O)CP%13(C%14=C(C=CC=C%14)C%15=C(C=CC=C%15)O%13)=O,O=P1(CN(CCO)CCOB(OCCN(CCOB(O)O)CP2(=O)Oc3ccccc3-c3ccccc32)OCCN(CCOB(OCCN(CCOB(O)O)CP2(=O)Oc3ccccc3-c3ccccc32)OCCN(CCOB(O)O)CP2(=O)Oc3ccccc3-c3ccccc32)CP2(=O)Oc3ccccc3-c3ccccc32)Oc2ccccc2-c2ccccc21,P-N-B,DOPO-based (additive),https://doi.org/10.1016/j.compositesb.2022.109701,training_seed,P-N-B,5,review_manually,OH,DOPO-based (additive),A,1813.6499999999999,O=P1(CNCCOB(OCCNCP2(=O)Oc3ccccc3-c3ccccc32)OCCN(CCOB(OCCNCP2(=O)Oc3ccccc3-c3ccccc32)OCCNCP2(=O)Oc3ccccc3-c3ccccc32)CP2(=O)Oc3ccccc3-c3ccccc32)Oc2ccccc2-c2ccccc21,8.539133790974004,3.861549913158548,0.0,2.980729468199487,0.0,True,False,"Existing training molecule; use as design reference, not as a new discovery."
TRAIN_114,FA-bis-DOPO,O=P(C1=C2C=CC=C1)(C(C3=CC=C(C(NCC4=CC=CO4)(P5(C6=C(C7=C(O5)C=CC=C7)C=CC=C6)=O)[H])C=C3)(NCC8=CC=CO8)[H])OC9=C2C=CC=C9,O=P1(C(NCc2ccco2)c2ccc(C(NCc3ccco3)P3(=O)Oc4ccccc4-c4ccccc43)cc2)Oc2ccccc2-c2ccccc21,P-N-C,DOPO-based (Co-curing),https://doi.org/10.1039/d1ra05709j,training_seed,P-N,2,review_manually,NH2/NH,DOPO-based (Co-curing),A,724.6900000000002,O=P1(C(NCc2ccco2)c2ccc(C(NCc3ccco3)P3(=O)Oc4ccccc4-c4ccccc43)cc2)Oc2ccccc2-c2ccccc21,8.548206819467632,3.8656528998606294,0.0,0.0,0.0,True,False,"Existing training molecule; use as design reference, not as a new discovery."
TRAIN_115,DPDDM,O=P(C1=C2C=CC=C1)(C(NC3=CC=C(CC4=CC=C(NC([P@@]5(C6=C(C7=C(O5)C=CC=C7)C=CC=C6)=O)C8=CC(O)=C(O)C=C8)C=C4)C=C3)C9=CC(O)=C(O)C=C9)OC%10=C2C=CC=C%10,O=P1(C(Nc2ccc(Cc3ccc(NC(c4ccc(O)c(O)c4)[P@@]4(=O)Oc5ccccc5-c5ccccc54)cc3)cc2)c2ccc(O)c(O)c2)Oc2ccccc2-c2ccccc21,P-N,DOPO-based (reactive),https://doi.org/10.1002/app.50536,training_seed,P-N,2,review_manually,NH2/NH;OH,DOPO-based (reactive),A,870.8350000000002,O=P1(C(Nc2ccc(Cc3ccc(NC(c4ccccc4)[P@@]4(=O)Oc5ccccc5-c5ccccc54)cc3)cc2)c2ccccc2)Oc2ccccc2-c2ccccc21,7.113632318407045,3.216912503516739,0.0,0.0,0.0,True,False,"Existing training molecule; use as design reference, not as a new discovery."
TRAIN_116,FGD,O=P(C1=C2C=CC=C1)(C(NC3=NC(NC(P4(C5=C(C6=C(O4)C=CC=C6)C=CC=C5)=O)C7=CC=CO7)=NN3)C8=CC=CO8)OC9=C2C=CC=C9,O=P1(C(Nc2n[nH]c(NC(c3ccco3)P3(=O)Oc4ccccc4-c4ccccc43)n2)c2ccco2)Oc2ccccc2-c2ccccc21,P-N,DOPO-based (Co-curing),https://doi.org/10.1007/s10118-022-2655-y,training_seed,P-N,2,review_manually,NH2/NH,DOPO-based (Co-curing),A,687.5890000000002,O=P1(C(Nc2n[nH]c(NC(c3ccco3)P3(=O)Oc4ccccc4-c4ccccc43)n2)c2ccco2)Oc2ccccc2-c2ccccc21,9.009451867321902,10.185590519918147,0.0,0.0,0.0,True,False,"Existing training molecule; use as design reference, not as a new discovery."
TRAIN_117,DOPO-SGA,COC1=CC(C(P2(C3=C(C4=C(O2)C=CC=C4)C=CC=C3)=O)NC5=NC(NC(P6(C7=C(C8=C(O6)C=CC=C8)C=CC=C7)=O)C9=CC(OC)=C(O)C(OC)=C9)=NN5)=CC(OC)=C1O,COc1cc(C(Nc2n[nH]c(NC(c3cc(OC)c(O)c(OC)c3)P3(=O)Oc4ccccc4-c4ccccc43)n2)P2(=O)Oc3ccccc3-c3ccccc32)cc(OC)c1O,P-N,DOPO-based (additive),https://doi.org/10.1002/mame.202200565,training_seed,P-N,2,review_manually,NH2/NH;OH,DOPO-based (additive),A,859.7690000000002,O=P1(C(Nc2n[nH]c(NC(c3ccccc3)P3(=O)Oc4ccccc4-c4ccccc43)n2)c2ccccc2)Oc2ccccc2-c2ccccc21,7.205191161812066,8.145792648955705,0.0,0.0,0.0,True,False,"Existing training molecule; use as design reference, not as a new discovery."
TRAIN_118,IDT,O=P1(C2=C(C3=C(O1)C=CC=C3)C=CC=C2)C(C4=CNC5C=CC=CC45)NC6=NC(NC(P7(C8=C(C9=C(O7)C=CC=C9)C=CC=C8)=O)C%10=CNC%11=C%10C=CC=C%11)=NN6,O=P1(C(Nc2nc(NC(c3c[nH]c4ccccc34)P3(=O)Oc4ccccc4-c4ccccc43)n[nH]2)C2=CNC3C=CC=CC23)Oc2ccccc2-c2ccccc21,P-N,DOPO-based (reactive),https://doi.org/10.1016/j.reactfunctpolym.2022.105375,training_seed,P-N,2,review_manually,NH2/NH;allyl/vinyl,DOPO-based (reactive),A,787.7570000000002,O=P1(C(Nc2nc(NC(c3c[nH]c4ccccc34)P3(=O)Oc4ccccc4-c4ccccc43)n[nH]2)C2=CNC3C=CC=CC23)Oc2ccccc2-c2ccccc21,7.8638463384013075,12.446604727092234,0.0,0.0,0.0,True,False,"Existing training molecule; use as design reference, not as a new discovery."
TRAIN_119,HDP,OC1=CC(C(P2(C3=C(C4=C(O2)C=CC=C4)C=CC=C3)=O)NC5=NC(C6=CC=CC=C6)=NC(NC(P7(C8=C(C9=C(O7)C=CC=C9)C=CC=C8)=O)C%10=CC(O)=C(O)C=C%10)=N5)=CC=C1O,O=P1(C(Nc2nc(NC(c3ccc(O)c(O)c3)P3(=O)Oc4ccccc4-c4ccccc43)nc(-c3ccccc3)n2)c2ccc(O)c(O)c2)Oc2ccccc2-c2ccccc21,P-N,DOPO-based (reactive),https://doi.org/10.1016/j.mtcomm.2024.109421,training_seed,P-N,2,review_manually,NH2/NH;OH,DOPO-based (reactive),A,859.7720000000003,O=P1(C(Nc2nc(NC(c3ccccc3)P3(=O)Oc4ccccc4-c4ccccc43)nc(-c3ccccc3)n2)c2ccccc2)Oc2ccccc2-c2ccccc21,7.20516602075899,8.145764225864529,0.0,0.0,0.0,True,False,"Existing training molecule; use as design reference, not as a new discovery."
TRAIN_120,IPD,O=P1(C2=C(C3=C(O1)C=CC=C3)C=CC=C2)C(C4=CNC5=C4C=CC=C5)NCCC6=CNC7=C6C=CC=C7,O=P1(C(NCCc2c[nH]c3ccccc23)c2c[nH]c3ccccc23)Oc2ccccc2-c2ccccc21,P-N,DOPO-based (reactive),https://doi.org/10.1016/j.mtcomm.2024.111470,training_seed,P-N,1,review_manually,NH2/NH,DOPO-based (reactive),A,503.5420000000002,O=P1(C(NCCc2c[nH]c3ccccc23)c2c[nH]c3ccccc23)Oc2ccccc2-c2ccccc21,6.151224724054794,8.345083428989039,0.0,0.0,0.0,True,False,"Existing training molecule; use as design reference, not as a new discovery."
TRAIN_121,PDC,CC(C[Si]12O[Si]3(O[Si]4(O[Si](O1)(O[Si]5(O[Si](O2)(O[Si](O3)(O[Si](O4)(O5)CC(C)C)CC(C)C)CCCNC(C6=CC(O)=C(O)C=C6)P(OC7=C8C=CC=C7)(C9=C8C=CC=C9)=O)CC(C)C)CC(C)C)CC(C)C)CC(C)C)C,CC(C)C[Si]12O[Si]3(CCCNC(c4ccc(O)c(O)c4)P4(=O)Oc5ccccc5-c5ccccc54)O[Si]4(CC(C)C)O[Si](CC(C)C)(O1)O[Si]1(CC(C)C)O[Si](CC(C)C)(O2)O[Si](CC(C)C)(O3)O[Si](CC(C)C)(O4)O1,P-Si,DOPO-based (additive),https://doi.org/10.1002/pat.5262,training_seed,P-N-Si,1,review_manually,NH2/NH;OH,DOPO-based (additive),A,1210.8749999999993,O=P1(C(NCCC[Si]23O[SiH]4O[SiH]5O[SiH]6O[SiH](O4)O[SiH](O[SiH](O6)O[SiH](O5)O2)O3)c2ccccc2)Oc2ccccc2-c2ccccc21,2.557984928254363,1.1567668008671421,0.0,0.0,18.55583772065656,True,False,"Existing training molecule; use as design reference, not as a new discovery."
TRAIN_122,PPCANT,O=P1(C2=C(C3=C(O1)C=CC=C3)C=CC=C2)C(NC4=CC=C([N+]([O-])=O)C=C4)CC(P5(C6=C(C7=C(O5)C=CC=C7)C=CC=C6)=O)C8=CC=CC=C8,O=[N+]([O-])c1ccc(NC(CC(c2ccccc2)P2(=O)Oc3ccccc3-c3ccccc32)P2(=O)Oc3ccccc3-c3ccccc32)cc1,P-N,DOPO-based (reactive),https://doi.org/10.1016/j.colsurfa.2023.132815,training_seed,P-N,2,review_manually,NH2/NH,DOPO-based (reactive),A,684.6250000000002,O=P1(C(CC(c2ccccc2)P2(=O)Oc3ccccc3-c3ccccc32)Nc2ccccc2)Oc2ccccc2-c2ccccc21,9.0484571845901,4.091875114113565,0.0,0.0,0.0,True,False,"Existing training molecule; use as design reference, not as a new discovery."
TRAIN_123,PABO,O=P(C1=C2C=CC=C1)(C(C3=CC=C(O)C=C3)NC4=CC=C(C#N)C=C4)OC5=C2C=CC=C5,N#Cc1ccc(NC(c2ccc(O)cc2)P2(=O)Oc3ccccc3-c3ccccc32)cc1,P-N,DOPO-based (reactive),https://doi.org/10.1016/j.polymdegradstab.2022.110142,training_seed,P-N,1,review_manually,NH2/NH;OH,DOPO-based (reactive),A,438.4230000000002,O=P1(C(Nc2ccccc2)c2ccccc2)Oc2ccccc2-c2ccccc21,7.064866578623838,6.389719517452321,0.0,0.0,0.0,True,False,"Existing training molecule; use as design reference, not as a new discovery."
TRAIN_124,DPAK,O=P1(C2=C(C3=C(O1)C=CC=C3)C=CC=C2)CNCCC[Si](OC)(OC)OC,CO[Si](CCCNCP1(=O)Oc2ccccc2-c2ccccc21)(OC)OC,P-N-Si,DOPO-based (reactive),https://doi.org/10.1002/app.49427,training_seed,P-N-Si,1,review_manually,NH2/NH,DOPO-based (reactive),A,407.47900000000016,O=[PH]1Oc2ccccc2-c2ccccc21,7.601373322306178,3.4374777595900636,0.0,0.0,6.8926251414183275,True,False,"Existing training molecule; use as design reference, not as a new discovery."
TRAIN_125,ANDD,O=P(C1=C2C=CC=C1)(C(NC3=C4C=CC=C(NC(P5(C6=C(C7=C(O5)C=CC=C7)C=CC=C6)=O)C8=CC=C(O)C(O)=C8)C4=CC=C3)C9=CC=C(O)C(O)=C9)OC%10=C2C=CC=C%10,O=P1(C(Nc2cccc3c(NC(c4ccc(O)c(O)c4)P4(=O)Oc5ccccc5-c5ccccc54)cccc23)c2ccc(O)c(O)c2)Oc2ccccc2-c2ccccc21,P-N,DOPO-based (Co-curing),https://doi.org/10.1016/j.eurpolymj.2024.113605,training_seed,P-N,2,review_manually,NH2/NH;OH,DOPO-based (Co-curing),A,830.7700000000002,O=P1(C(Nc2cccc3c(NC(c4ccccc4)P4(=O)Oc5ccccc5-c5ccccc54)cccc23)c2ccccc2)Oc2ccccc2-c2ccccc21,7.456696799354813,3.372052433284783,0.0,0.0,0.0,True,False,"Existing training molecule; use as design reference, not as a new discovery."
TRAIN_126,PHAO,O=P(C1=C2C=CC=C1)(C(NC3=CC=C(C#N)C=C3)C4=CC(O)=C(O)C=C4)OC5=C2C=CC=C5,N#Cc1ccc(NC(c2ccc(O)c(O)c2)P2(=O)Oc3ccccc3-c3ccccc32)cc1,P-N,DOPO-based (reactive),https://doi.org/10.1002/app.54680,training_seed,P-N,1,review_manually,NH2/NH;OH,DOPO-based (reactive),A,454.4220000000002,O=P1(C(Nc2ccccc2)c2ccccc2)Oc2ccccc2-c2ccccc21,6.816131261250553,6.164754347280719,0.0,0.0,0.0,True,False,"Existing training molecule; use as design reference, not as a new discovery."
TRAIN_127,HP-DOPO,OC1=C(CCCP2(C3=C(C4=C(O2)C=CC=C4)C=CC=C3)=O)C=CC=C1,O=P1(CCCc2ccccc2O)Oc2ccccc2-c2ccccc21,P-only,DOPO-based (additive),https://doi.org/10.1016/j.polymdegradstab.2023.110579,training_seed,P-only,1,review_manually,OH,DOPO-based (additive),A,350.3540000000001,O=P1(CCCc2ccccc2)Oc2ccccc2-c2ccccc21,8.84077247583872,0.0,0.0,0.0,0.0,True,False,"Existing training molecule; use as design reference, not as a new discovery."
TRAIN_128,DOPO-DA,O=P(C1=CC=CC=C21)(NCCC3=CC=C(O)C(O)=C3)OC4=C2C=CC=C4,O=P1(NCCc2ccc(O)c(O)c2)Oc2ccccc2-c2ccccc21,P-N,DOPO-based (additive),https://doi.org/10.1016/j.cej.2024.149910,training_seed,P-N,1,review_manually,OH,DOPO-based (additive),A,367.34100000000007,O=P1(NCCc2ccccc2)Oc2ccccc2-c2ccccc21,8.431947427594523,3.813078311432701,0.0,0.0,0.0,True,False,"Existing training molecule; use as design reference, not as a new discovery."
TRAIN_129,BDO,O=P(CC(NC1=NNC(NC(P2(C3=C(C4=C(O2)C=CC=C4)C=CC=C3)=O)C5=CC=CS5)=N1)C6=CC=CS6)(C7=C8C=CC=C7)OC9=C8C=CC=C9,O=P1(CC(Nc2n[nH]c(NC(c3cccs3)P3(=O)Oc4ccccc4-c4ccccc43)n2)c2cccs2)Oc2ccccc2-c2ccccc21,P-N-S,DOPO-based (Co-curing),https://doi.org/10.1016/j.compositesb.2021.109392,training_seed,P-N-S,2,review_manually,NH2/NH,DOPO-based (Co-curing),A,733.7520000000003,O=P1(CC(Nc2n[nH]c(NC(c3cccs3)P3(=O)Oc4ccccc4-c4ccccc43)n2)c2cccs2)Oc2ccccc2-c2ccccc21,8.442634568628089,9.544778072155166,8.740555392012556,0.0,0.0,True,False,"Existing training molecule; use as design reference, not as a new discovery."
TRAIN_130,PDPO,O=P(C1=C2C=CC=C1)(C(NC3=CC=C(CC4=CC=C(NC(P5(C6=C(C7=C(O5)C=CC=C7)C=CC=C6)=O)C8=CC=C(C#N)C=C8)C=C4)C=C3)C9=CC=C(C#N)C=C9)OC%10=C2C=CC=C%10.O=C=O.O=C=O,N#Cc1ccc(C(Nc2ccc(Cc3ccc(NC(c4ccc(C#N)cc4)P4(=O)Oc5ccccc5-c5ccccc54)cc3)cc2)P2(=O)Oc3ccccc3-c3ccccc32)cc1.O=C=O.O=C=O,P-N,DOPO-based (additive),https://doi.org/10.1016/j.porgcoat.2023.107897,training_seed,P-N,2,review_manually,NH2/NH,DOPO-based (additive),A,944.8770000000003,O=P1(C(Nc2ccc(Cc3ccc(NC(c4ccccc4)P4(=O)Oc5ccccc5-c5ccccc54)cc3)cc2)c2ccccc2)Oc2ccccc2-c2ccccc21,6.556197261654161,5.929660685994048,0.0,0.0,0.0,True,False,"Existing training molecule; use as design reference, not as a new discovery."
TRAIN_131,ABD,O=P(CCC(P1(C2=C(C3=C(O1)C=CC=C3)C=CC=C2)=O)O)(C4=C5C=CC=C4)OC6=C5C=CC=C6,O=P1(CCC(O)P2(=O)Oc3ccccc3-c3ccccc32)Oc2ccccc2-c2ccccc21,P-P,DOPO-based (reactive),https://doi.org/10.1016/j.polymdegradstab.2019.06.024,training_seed,P-only,2,review_manually,OH,DOPO-based (reactive),A,488.4160000000002,O=P1(CCCP2(=O)Oc3ccccc3-c3ccccc32)Oc2ccccc2-c2ccccc21,12.68345017362248,0.0,0.0,0.0,0.0,True,False,"Existing training molecule; use as design reference, not as a new discovery."
TRAIN_132,DCAD,O=P1(C2=C(C3=C(O1)C=CC=C3)C=CC=C2)C(/C=C/C4=CC=CC=C4)NC(C=C5)=CC=C5NC(P6(C7=C(C8=C(O6)C=CC=C8)C=CC=C7)=O)/C=C/C9=CC=CC=C9,O=P1(C(/C=C/c2ccccc2)Nc2ccc(NC(/C=C/c3ccccc3)P3(=O)Oc4ccccc4-c4ccccc43)cc2)Oc2ccccc2-c2ccccc21,P-N,DOPO-based (reactive),https://doi.org/10.1016/j.polymdegradstab.2019.109063,training_seed,P-N,2,review_manually,NH2/NH;allyl/vinyl,DOPO-based (reactive),A,768.7900000000002,O=P1(C(/C=C/c2ccccc2)Nc2ccc(NC(/C=C/c3ccccc3)P3(=O)Oc4ccccc4-c4ccccc43)cc2)Oc2ccccc2-c2ccccc21,8.057857152148179,3.6439079592606554,0.0,0.0,0.0,True,False,"Existing training molecule; use as design reference, not as a new discovery."
TRAIN_133,DQ,O=P(C1=C2C=CC=C1)(OC3=CC4=C(C(C(O)=C(O4)C5=CC=C(O)C(OP6(C7=C(C8=CC=CC=C8O6)C=CC=C7)=O)=C5)=O)C(O)=C3)OC9=C2C=CC=C9,O=c1c(O)c(-c2ccc(O)c(OP3(=O)Oc4ccccc4-c4ccccc43)c2)oc2cc(OP3(=O)Oc4ccccc4-c4ccccc43)cc(O)c12,P-only,DOPO-based (reactive),https://doi.org/10.1016/j.susmat.2025.e01575,training_seed,P-only,2,review_manually,OH,DOPO-based (reactive),A,730.5580000000001,O=c1cc(-c2cccc(OP3(=O)Oc4ccccc4-c4ccccc43)c2)oc2cc(OP3(=O)Oc4ccccc4-c4ccccc43)ccc12,8.479545771862055,0.0,0.0,0.0,0.0,True,False,"Existing training molecule; use as design reference, not as a new discovery."
TRAIN_134,DOPO-THPO,O=P(OCP(COP1(C2=C(C3=C(O1)C=CC=C3)C=CC=C2)=O)(COP4(C5=C(C6=C(O4)C=CC=C6)C=CC=C5)=O)=O)(C7=C8C=CC=C7)OC9=C8C=CC=C9,O=P(COP1(=O)Oc2ccccc2-c2ccccc21)(COP1(=O)Oc2ccccc2-c2ccccc21)COP1(=O)Oc2ccccc2-c2ccccc21,P-P,DOPO-based (additive),https://doi.org/10.1016/j.polymdegradstab.2018.01.024,training_seed,P-only,3,review_manually,none,DOPO-based (additive),A,782.5550000000002,O=P(COP1(=O)Oc2ccccc2-c2ccccc21)(COP1(=O)Oc2ccccc2-c2ccccc21)COP1(=O)Oc2ccccc2-c2ccccc21,15.832241823258427,0.0,0.0,0.0,0.0,True,False,"Existing training molecule; use as design reference, not as a new discovery."
TRAIN_135,TDCA-DOPO-1,O=P1(C2=C(C3=C(O1)C=CC=C3)C=CC=C2)C(OP(C4=CC=CC=C4)C5=CC=CC=C5)C(C=C6)=CC=C6C(P7(C8=C(C9=C(O7)C=CC=C9)C=CC=C8)=O)OP(C%10=CC=CC=C%10)C%11=CC=CC=C%11,O=P1(C(OP(c2ccccc2)c2ccccc2)c2ccc(C(OP(c3ccccc3)c3ccccc3)P3(=O)Oc4ccccc4-c4ccccc43)cc2)Oc2ccccc2-c2ccccc21,P-only,DOPO-based (additive),https://doi.org/10.1007/s00289-023-04997-x,training_seed,P-only,2,review_manually,none,DOPO-based (additive),A,934.8420000000002,O=P1(C(OP(c2ccccc2)c2ccccc2)c2ccc(C(OP(c3ccccc3)c3ccccc3)P3(=O)Oc4ccccc4-c4ccccc43)cc2)Oc2ccccc2-c2ccccc21,13.25314866041534,0.0,0.0,0.0,0.0,True,False,"Existing training molecule; use as design reference, not as a new discovery."
TRAIN_136,TDCA-DOPO-2,O=P1(C2=C(C3=C(O1)C=CC=C3)C=CC=C2)C(OP(C4=CC=CC=C4)(C5=CC=CC=C5)=O)C(C=C6)=CC=C6C(P7(C8=C(C9=C(O7)C=CC=C9)C=CC=C8)=O)OP(C%10=CC=CC=C%10)(C%11=CC=CC=C%11)=O,O=P(OC(c1ccc(C(OP(=O)(c2ccccc2)c2ccccc2)P2(=O)Oc3ccccc3-c3ccccc32)cc1)P1(=O)Oc2ccccc2-c2ccccc21)(c1ccccc1)c1ccccc1,P-only,DOPO-based (additive),https://doi.org/10.1007/s00289-023-04997-x,training_seed,P-only,2,review_manually,none,DOPO-based (additive),A,966.8400000000001,O=P(OC(c1ccc(C(OP(=O)(c2ccccc2)c2ccccc2)P2(=O)Oc3ccccc3-c3ccccc32)cc1)P1(=O)Oc2ccccc2-c2ccccc21)(c1ccccc1)c1ccccc1,12.814529808448139,0.0,0.0,0.0,0.0,True,False,"Existing training molecule; use as design reference, not as a new discovery."
TRAIN_137,TDCA-DOPO-3,O=P1(C2=C(C3=C(O1)C=CC=C3)C=CC=C2)C(OP(OC4=CC=CC=C4)(OC5=CC=CC=C5)=O)C(C=C6)=CC=C6C(P7(C8=C(C9=C(O7)C=CC=C9)C=CC=C8)=O)OP(OC%10=CC=CC=C%10)(OC%11=CC=CC=C%11)=O,O=P(Oc1ccccc1)(Oc1ccccc1)OC(c1ccc(C(OP(=O)(Oc2ccccc2)Oc2ccccc2)P2(=O)Oc3ccccc3-c3ccccc32)cc1)P1(=O)Oc2ccccc2-c2ccccc21,P-only,DOPO-based (additive),https://doi.org/10.1007/s00289-023-04997-x,training_seed,P-only,2,review_manually,none,DOPO-based (additive),A,1030.8360000000002,O=P(Oc1ccccc1)(Oc1ccccc1)OC(c1ccc(C(OP(=O)(Oc2ccccc2)Oc2ccccc2)P2(=O)Oc3ccccc3-c3ccccc32)cc1)P1(=O)Oc2ccccc2-c2ccccc21,12.018982650974547,0.0,0.0,0.0,0.0,True,False,"Existing training molecule; use as design reference, not as a new discovery."
TRAIN_138,VDG,COC1=CC(C(P2(C3=C(C4=C(O2)C=CC=C4)C=CC=C3)=O)NC5=NN=C(N5)NC(P6(C7=C(C8=C(O6)C=CC=C8)C=CC=C7)=O)C9=CC=C(O)C(OC)=C9)=CC=C1O,COc1cc(C(Nc2nnc(NC(c3ccc(O)c(OC)c3)P3(=O)Oc4ccccc4-c4ccccc43)[nH]2)P2(=O)Oc3ccccc3-c3ccccc32)ccc1O,P-N,DOPO-based (Co-curing),https://doi.org/10.1016/j.polymer.2021.123460,training_seed,P-N,2,review_manually,NH2/NH;OH,DOPO-based (Co-curing),A,799.7170000000002,O=P1(C(Nc2nnc(NC(c3ccccc3)P3(=O)Oc4ccccc4-c4ccccc43)[nH]2)c2ccccc2)Oc2ccccc2-c2ccccc21,7.746240232482239,8.757472956058203,0.0,0.0,0.0,True,False,"Existing training molecule; use as design reference, not as a new discovery."
